id,name,pattern,primary_muscle,primary_region,cns_load,skill_level,compound,is_complex_lift,is_unilateral,metric_type,description,substitution_group,user_id,fatigue_factor,stimulus_factor,injury_risk_factor,min_recovery_hours,spinal_compression,tier,metabolic_demand,biomechanics_profile,embedding_description
376,Air Squats,squat,quadriceps,lower body,moderate,intermediate,true,false,false,reps,,,,0.6,0.8,0.4,48,none,bronze,anabolic,,"Movement: Air Squats Pattern: MovementPattern.SQUAT Primary muscle: PrimaryMuscle.QUADRICEPS Primary region: PrimaryRegion.LOWER_BODY Characteristics: compound=True, unilateral=False, complex_lift=False CNS load: CNSLoad.MODERATE Skill level: SkillLevel.INTERMEDIATE Spinal compression: SpinalCompression.NONE Tier: MovementTier.BRONZE Metabolic demand: MetabolicDemand.ANABOLIC Metric type: MetricType.REPS Disciplines: crossfit"
11,Good Morning,hinge,hamstrings,posterior lower,high,advanced,true,false,false,reps,,good_morning,,0.7999999999999999,0.95,0.6,48,none,bronze,anabolic,,"Movement: Good Morning Pattern: MovementPattern.HINGE Primary muscle: PrimaryMuscle.HAMSTRINGS Primary region: PrimaryRegion.POSTERIOR_LOWER Characteristics: compound=True, unilateral=False, complex_lift=False CNS load: CNSLoad.HIGH Skill level: SkillLevel.ADVANCED Spinal compression: SpinalCompression.NONE Tier: MovementTier.BRONZE Metabolic demand: MetabolicDemand.ANABOLIC Metric type: MetricType.REPS Equipment: barbell Tags: strength Disciplines: powerlifting Substitution group: good_morning"
12,Kettlebell Swing,hinge,glutes,posterior lower,moderate,intermediate,true,false,false,reps,,kb_swing,,0.6,0.8,0.4,48,none,bronze,anabolic,,"Movement: Kettlebell Swing Pattern: MovementPattern.HINGE Primary muscle: PrimaryMuscle.GLUTES Primary region: PrimaryRegion.POSTERIOR_LOWER Characteristics: compound=True, unilateral=False, complex_lift=False CNS load: CNSLoad.MODERATE Skill level: SkillLevel.INTERMEDIATE Spinal compression: SpinalCompression.NONE Tier: MovementTier.BRONZE Metabolic demand: MetabolicDemand.ANABOLIC Metric type: MetricType.REPS Equipment: kettlebell Tags: athleticism, endurance Substitution group: kb_swing"
14,Incline Bench Press,horizontal_push,chest,anterior upper,high,intermediate,true,false,false,reps,,incline_press,,0.7999999999999999,0.95,0.4,48,none,bronze,anabolic,,"Movement: Incline Bench Press Pattern: MovementPattern.HORIZONTAL_PUSH Primary muscle: PrimaryMuscle.CHEST Primary region: PrimaryRegion.ANTERIOR_UPPER Characteristics: compound=True, unilateral=False, complex_lift=False CNS load: CNSLoad.HIGH Skill level: SkillLevel.INTERMEDIATE Spinal compression: SpinalCompression.NONE Tier: MovementTier.BRONZE Metabolic demand: MetabolicDemand.ANABOLIC Metric type: MetricType.REPS Equipment: barbell, dumbbell, bench Tags: strength, hypertrophy Substitution group: incline_press"
15,Dumbbell Chest Press,horizontal_push,chest,anterior upper,moderate,beginner,true,false,false,reps,,bench_press,,0.6,0.8,0.2,48,none,bronze,anabolic,,"Movement: Dumbbell Chest Press Pattern: MovementPattern.HORIZONTAL_PUSH Primary muscle: PrimaryMuscle.CHEST Primary region: PrimaryRegion.ANTERIOR_UPPER Characteristics: compound=True, unilateral=False, complex_lift=False CNS load: CNSLoad.MODERATE Skill level: SkillLevel.BEGINNER Spinal compression: SpinalCompression.NONE Tier: MovementTier.BRONZE Metabolic demand: MetabolicDemand.ANABOLIC Metric type: MetricType.REPS Equipment: dumbbell, bench Tags: hypertrophy Disciplines: crossfit Substitution group: bench_press"
23,Single Arm Row,horizontal_pull,lats,posterior upper,moderate,beginner,true,false,true,reps,,row_unilateral,,0.6,0.8,0.30000000000000004,48,none,bronze,anabolic,,"Movement: Single Arm Row Pattern: MovementPattern.HORIZONTAL_PULL Primary muscle: PrimaryMuscle.LATS Primary region: PrimaryRegion.POSTERIOR_UPPER Characteristics: compound=True, unilateral=True, complex_lift=False CNS load: CNSLoad.MODERATE Skill level: SkillLevel.BEGINNER Spinal compression: SpinalCompression.NONE Tier: MovementTier.BRONZE Metabolic demand: MetabolicDemand.ANABOLIC Metric type: MetricType.REPS Equipment: cable, kettlebell, dumbbell Tags: hypertrophy Substitution group: row_unilateral"
24,Seated Cable Row,horizontal_pull,lats,posterior upper,moderate,beginner,true,false,false,reps,,row_bilateral,,0.6,0.8,0.2,48,none,bronze,anabolic,,"Movement: Seated Cable Row Pattern: MovementPattern.HORIZONTAL_PULL Primary muscle: PrimaryMuscle.LATS Primary region: PrimaryRegion.POSTERIOR_UPPER Characteristics: compound=True, unilateral=False, complex_lift=False CNS load: CNSLoad.MODERATE Skill level: SkillLevel.BEGINNER Spinal compression: SpinalCompression.NONE Tier: MovementTier.BRONZE Metabolic demand: MetabolicDemand.ANABOLIC Metric type: MetricType.REPS Equipment: cable Tags: hypertrophy Substitution group: row_bilateral"
25,Inverted Row,horizontal_pull,upper_back,posterior upper,low,beginner,true,false,false,reps,,row_bodyweight,,0.4,0.8,0.2,24,none,bronze,anabolic,,"Movement: Inverted Row Pattern: MovementPattern.HORIZONTAL_PULL Primary muscle: PrimaryMuscle.UPPER_BACK Primary region: PrimaryRegion.POSTERIOR_UPPER Characteristics: compound=True, unilateral=False, complex_lift=False CNS load: CNSLoad.LOW Skill level: SkillLevel.BEGINNER Spinal compression: SpinalCompression.NONE Tier: MovementTier.BRONZE Metabolic demand: MetabolicDemand.ANABOLIC Metric type: MetricType.REPS Equipment: none, rings Disciplines: calisthenics Substitution group: row_bodyweight"
28,Lat Pulldown,vertical_pull,lats,posterior upper,low,beginner,true,false,false,reps,,pulldown,,0.4,0.8,0.2,24,none,bronze,anabolic,,"Movement: Lat Pulldown Pattern: MovementPattern.VERTICAL_PULL Primary muscle: PrimaryMuscle.LATS Primary region: PrimaryRegion.POSTERIOR_UPPER Characteristics: compound=True, unilateral=False, complex_lift=False CNS load: CNSLoad.LOW Skill level: SkillLevel.BEGINNER Spinal compression: SpinalCompression.NONE Tier: MovementTier.BRONZE Metabolic demand: MetabolicDemand.ANABOLIC Metric type: MetricType.REPS Equipment: cable Tags: hypertrophy Substitution group: pulldown"
29,Muscle-Up,vertical_pull,lats,posterior upper,high,elite,true,true,false,reps,,muscle_up,,0.7999999999999999,1,1,48,none,bronze,anabolic,,"Movement: Muscle-Up Pattern: MovementPattern.VERTICAL_PULL Primary muscle: PrimaryMuscle.LATS Primary region: PrimaryRegion.POSTERIOR_UPPER Characteristics: compound=True, unilateral=False, complex_lift=True CNS load: CNSLoad.HIGH Skill level: SkillLevel.ELITE Spinal compression: SpinalCompression.NONE Tier: MovementTier.BRONZE Metabolic demand: MetabolicDemand.ANABOLIC Metric type: MetricType.REPS Equipment: none, pull_up_bar, rings Tags: athleticism Disciplines: calisthenics Substitution group: muscle_up"
61,Wall Sit,isometric,quadriceps,anterior lower,low,beginner,true,false,false,time,,wall_sit,,0.4,0.8,0.2,24,none,bronze,anabolic,,"Movement: Wall Sit Pattern: MovementPattern.ISOMETRIC Primary muscle: PrimaryMuscle.QUADRICEPS Primary region: PrimaryRegion.ANTERIOR_LOWER Characteristics: compound=True, unilateral=False, complex_lift=False CNS load: CNSLoad.LOW Skill level: SkillLevel.BEGINNER Spinal compression: SpinalCompression.NONE Tier: MovementTier.BRONZE Metabolic demand: MetabolicDemand.ANABOLIC Metric type: MetricType.TIME Equipment: none, wall Tags: endurance, isometric Substitution group: wall_sit"
64,Battle Rope Wave,core,core,full body,moderate,beginner,true,false,false,time,,battle_rope,,0.6,0.8,0.2,48,none,bronze,anabolic,,"Movement: Battle Rope Wave Pattern: MovementPattern.CORE Primary muscle: PrimaryMuscle.CORE Primary region: PrimaryRegion.FULL_BODY Characteristics: compound=True, unilateral=False, complex_lift=False CNS load: CNSLoad.MODERATE Skill level: SkillLevel.BEGINNER Spinal compression: SpinalCompression.NONE Tier: MovementTier.BRONZE Metabolic demand: MetabolicDemand.ANABOLIC Metric type: MetricType.TIME Equipment: battle_rope Tags: athleticism, endurance Substitution group: battle_rope"
3,Goblet Squat,squat,quadriceps,anterior lower,moderate,beginner,true,false,false,reps,,squat_bilateral,,0.6,0.8,0.2,48,none,bronze,anabolic,,"Movement: Goblet Squat Pattern: MovementPattern.SQUAT Primary muscle: PrimaryMuscle.QUADRICEPS Primary region: PrimaryRegion.ANTERIOR_LOWER Characteristics: compound=True, unilateral=False, complex_lift=False CNS load: CNSLoad.MODERATE Skill level: SkillLevel.BEGINNER Spinal compression: SpinalCompression.NONE Tier: MovementTier.BRONZE Metabolic demand: MetabolicDemand.ANABOLIC Metric type: MetricType.REPS Equipment: kettlebell, dumbbell Tags: strength, hypertrophy Substitution group: squat_bilateral"
1,Back Squat,squat,quadriceps,anterior lower,very_high,intermediate,true,false,false,reps,,squat_bilateral,,1,0.95,0.4,72,none,diamond,metabolic,"{""pattern"": ""squat"", ""cns_load"": ""very_high"", ""lumbar_shear"": ""low"", ""concentric_power"": ""very_high"", ""stability_demand"": ""high"", ""eccentric_control"": ""high"", ""primary_mechanism"": ""knee_flexion_extension"", ""spinal_compression"": ""very_high"", ""movement_complexity"": ""high""}","Movement: Back Squat Pattern: MovementPattern.SQUAT Primary muscle: PrimaryMuscle.QUADRICEPS Primary region: PrimaryRegion.ANTERIOR_LOWER Characteristics: compound=True, unilateral=False, complex_lift=False CNS load: CNSLoad.VERY_HIGH Skill level: SkillLevel.INTERMEDIATE Spinal compression: SpinalCompression.NONE Tier: MovementTier.DIAMOND Metabolic demand: MetabolicDemand.METABOLIC Metric type: MetricType.REPS Equipment: barbell, rack Tags: strength, compound, full_body, fundamental, quad_dominant Disciplines: powerlifting Substitution group: squat_bilateral Biomechanics: pattern=squat, cns_load=very_high, lumbar_shear=low, concentric_power=very_high, stability_demand=high, eccentric_control=high, primary_mechanism=knee_flexion_extension, spinal_compression=very_high, movement_complexity=high"
72,Alternate Heel Touchers,mobility,core,full body,moderate,intermediate,false,false,false,reps,,alternate_heel_touchers,,0.4,0.6,0.4,24,none,bronze,anabolic,,"Movement: Alternate Heel Touchers Pattern: MovementPattern.MOBILITY Primary muscle: PrimaryMuscle.CORE Primary region: PrimaryRegion.FULL_BODY Characteristics: compound=False, unilateral=False, complex_lift=False CNS load: CNSLoad.MODERATE Skill level: SkillLevel.INTERMEDIATE Spinal compression: SpinalCompression.NONE Tier: MovementTier.BRONZE Metabolic demand: MetabolicDemand.ANABOLIC Metric type: MetricType.REPS Equipment: none Tags: strength Disciplines: bodybuilding Substitution group: alternate_heel_touchers Coaching cues: Lie on the floor with the knees bent and the feet on the floor around 18-24 inches apart. Your arms should be extended by your side. This will be your starting position. | Crunch over your torso forward and up about 3-4 inches to the right side and touch your right heel as you hold the contraction for a second. Exhale while performing this movement. | Now go back slowly to the starting position as you inhale. | Now crunch over your torso forward and up around 3-4 inches to the left side and touch your left heel as you hold the contraction for a second. Exhale while performing this movement and then go back to the starting position as you inhale. Now that both heels have been touched, that is considered 1 repetition. | Continue alternating sides in this manner until all prescribed repetitions are done."
264,"Running, Treadmill",cardio,hamstrings,posterior lower,low,intermediate,false,false,false,distance,,running_treadmill,,0.19999999999999998,0.5,0.4,12,none,bronze,anabolic,,"Movement: Running, Treadmill Pattern: MovementPattern.CARDIO Primary muscle: PrimaryMuscle.HAMSTRINGS Primary region: PrimaryRegion.POSTERIOR_LOWER Characteristics: compound=False, unilateral=False, complex_lift=False CNS load: CNSLoad.LOW Skill level: SkillLevel.INTERMEDIATE Spinal compression: SpinalCompression.NONE Tier: MovementTier.BRONZE Metabolic demand: MetabolicDemand.ANABOLIC Metric type: MetricType.DISTANCE Equipment: machine Tags: cardio Substitution group: running_treadmill Coaching cues: To begin, step onto the treadmill and select the desired option from the menu. Most treadmills have a manual setting, or you can select a program to run. Typically, you can enter your age and weight to estimate the amount of calories burned during exercise. Elevation can be adjusted to change the intensity of the workout. | Treadmills offer convenience, cardiovascular benefits, and usually have less impact than running outside. A 150 lb person will burn over 450 calories running 8 miles per hour for 30 minutes. Maintain proper posture as you run, and only hold onto the handles when necessary, such as when dismounting or checking your heart rate."
75,Anterior Tibialis-SMR,mobility,calves,posterior lower,moderate,intermediate,false,false,false,reps,,anterior_tibialis_smr,,0.4,0.6,0.4,24,none,bronze,anabolic,,"Movement: Anterior Tibialis-SMR Pattern: MovementPattern.MOBILITY Primary muscle: PrimaryMuscle.CALVES Primary region: PrimaryRegion.POSTERIOR_LOWER Characteristics: compound=False, unilateral=False, complex_lift=False CNS load: CNSLoad.MODERATE Skill level: SkillLevel.INTERMEDIATE Spinal compression: SpinalCompression.NONE Tier: MovementTier.BRONZE Metabolic demand: MetabolicDemand.ANABOLIC Metric type: MetricType.REPS Equipment: other Tags: stretching, mobility Substitution group: anterior_tibialis_smr Coaching cues: Begin seated on the ground with your legs bent and your feet on the floor. | Using a Muscle Roller or a rolling pin, apply pressure to the muscles on the outside of your shins. Work from just below the knee to above the ankle, pausing at points of tension for 10-30 seconds. Repeat on the other leg."
76,Arm Circles,mobility,full_body,full body,moderate,intermediate,false,false,false,reps,,arm_circles,,0.4,0.6,0.4,24,none,bronze,anabolic,,"Movement: Arm Circles Pattern: MovementPattern.MOBILITY Primary muscle: PrimaryMuscle.FULL_BODY Primary region: PrimaryRegion.FULL_BODY Characteristics: compound=False, unilateral=False, complex_lift=False CNS load: CNSLoad.MODERATE Skill level: SkillLevel.INTERMEDIATE Spinal compression: SpinalCompression.NONE Tier: MovementTier.BRONZE Metabolic demand: MetabolicDemand.ANABOLIC Metric type: MetricType.REPS Equipment: none Tags: stretching, mobility Substitution group: arm_circles Coaching cues: Stand up and extend your arms straight out by the sides. The arms should be parallel to the floor and perpendicular (90-degree angle) to your torso. This will be your starting position. | Slowly start to make circles of about 1 foot in diameter with each outstretched arm. Breathe normally as you perform the movement. | Continue the circular motion of the outstretched arms for about ten seconds. Then reverse the movement, going the opposite direction."
522,Foam Rolling,mobility,full_body,full body,very_low,beginner,true,false,false,reps,Imported during migration,,,1,1,1,24,low,bronze,anabolic,,"Movement: Foam Rolling Pattern: MovementPattern.MOBILITY Primary muscle: PrimaryMuscle.FULL_BODY Primary region: PrimaryRegion.FULL_BODY Characteristics: compound=True, unilateral=False, complex_lift=False CNS load: CNSLoad.VERY_LOW Skill level: SkillLevel.BEGINNER Spinal compression: SpinalCompression.LOW Tier: MovementTier.BRONZE Metabolic demand: MetabolicDemand.ANABOLIC Metric type: MetricType.REPS Equipment: other Description: Imported during migration"
123,Child's Pose,mobility,lower_back,posterior lower,moderate,intermediate,false,false,false,reps,,child_s_pose,,0.4,0.6,0.4,24,none,bronze,anabolic,,"Movement: Child's Pose Pattern: MovementPattern.MOBILITY Primary muscle: PrimaryMuscle.LOWER_BACK Primary region: PrimaryRegion.POSTERIOR_LOWER Characteristics: compound=False, unilateral=False, complex_lift=False CNS load: CNSLoad.MODERATE Skill level: SkillLevel.INTERMEDIATE Spinal compression: SpinalCompression.NONE Tier: MovementTier.BRONZE Metabolic demand: MetabolicDemand.ANABOLIC Metric type: MetricType.REPS Equipment: none Tags: stretching, mobility Substitution group: child_s_pose Coaching cues: Get on your hands and knees, walk your hands in front of you. | Lower your buttocks down to sit on your heels. Let your arms drag along the floor as you sit back to stretch your entire spine. | Once you settle onto your heels, bring your hands next to your feet and relax. breathe into your back. Rest your forehead on the floor. Avoid this position if you have knee problems."
227,One Knee To Chest,mobility,glutes,posterior lower,moderate,intermediate,false,false,false,reps,,one_knee_to_chest,,0.4,0.6,0.4,24,none,bronze,anabolic,,"Movement: One Knee To Chest Pattern: MovementPattern.MOBILITY Primary muscle: PrimaryMuscle.GLUTES Primary region: PrimaryRegion.POSTERIOR_LOWER Characteristics: compound=False, unilateral=False, complex_lift=False CNS load: CNSLoad.MODERATE Skill level: SkillLevel.INTERMEDIATE Spinal compression: SpinalCompression.NONE Tier: MovementTier.BRONZE Metabolic demand: MetabolicDemand.ANABOLIC Metric type: MetricType.REPS Equipment: none Tags: stretching, mobility Substitution group: one_knee_to_chest Coaching cues: Start off by lying on the floor. | Extend one leg straight and pull the other knee to your chest. Hold under the knee joint to protect the kneecap. | Gently tug that knee toward your nose. | Switch sides. This stretches the buttocks and lower back of the bent leg and the hip flexor of the straight leg."
228,Pelvic Tilt Into Bridge,mobility,lower_back,posterior lower,moderate,intermediate,false,false,false,reps,,pelvic_tilt_into_bridge,,0.4,0.6,0.4,24,none,bronze,anabolic,,"Movement: Pelvic Tilt Into Bridge Pattern: MovementPattern.MOBILITY Primary muscle: PrimaryMuscle.LOWER_BACK Primary region: PrimaryRegion.POSTERIOR_LOWER Characteristics: compound=False, unilateral=False, complex_lift=False CNS load: CNSLoad.MODERATE Skill level: SkillLevel.INTERMEDIATE Spinal compression: SpinalCompression.NONE Tier: MovementTier.BRONZE Metabolic demand: MetabolicDemand.ANABOLIC Metric type: MetricType.REPS Equipment: none Tags: stretching, mobility Substitution group: pelvic_tilt_into_bridge Coaching cues: Lie down with your feet on the floor, heels directly under your knees. | Lift only your tailbone to the ceiling to stretch your lower back. (Don't lift the entire spine yet.) Pull in your stomach. | To go into a bridge, lift the entire spine except the neck."
231,Piriformis-SMR,mobility,glutes,posterior lower,moderate,intermediate,false,false,false,reps,,piriformis_smr,,0.4,0.6,0.4,24,none,bronze,anabolic,,"Movement: Piriformis-SMR Pattern: MovementPattern.MOBILITY Primary muscle: PrimaryMuscle.GLUTES Primary region: PrimaryRegion.POSTERIOR_LOWER Characteristics: compound=False, unilateral=False, complex_lift=False CNS load: CNSLoad.MODERATE Skill level: SkillLevel.INTERMEDIATE Spinal compression: SpinalCompression.NONE Tier: MovementTier.BRONZE Metabolic demand: MetabolicDemand.ANABOLIC Metric type: MetricType.REPS Equipment: foam roll Tags: stretching, mobility Substitution group: piriformis_smr Coaching cues: Sit with your buttocks on top of a foam roll. Bend your knees, and then cross one leg so that the ankle is over the knee. This will be your starting position. | Shift your weight to the side of the crossed leg, rolling over the buttocks until you feel tension in your upper glute. You may assist the stretch by using one hand to pull the bent knee towards your chest. Hold this position for 10-30 seconds, and then switch sides."
245,Quadriceps-SMR,mobility,quadriceps,anterior lower,moderate,intermediate,false,false,false,reps,,quadriceps_smr,,0.4,0.6,0.4,24,none,bronze,anabolic,,"Movement: Quadriceps-SMR Pattern: MovementPattern.MOBILITY Primary muscle: PrimaryMuscle.QUADRICEPS Primary region: PrimaryRegion.ANTERIOR_LOWER Characteristics: compound=False, unilateral=False, complex_lift=False CNS load: CNSLoad.MODERATE Skill level: SkillLevel.INTERMEDIATE Spinal compression: SpinalCompression.NONE Tier: MovementTier.BRONZE Metabolic demand: MetabolicDemand.ANABOLIC Metric type: MetricType.REPS Equipment: foam roll Tags: stretching, mobility Substitution group: quadriceps_smr Coaching cues: Lay facedown on the floor with your weight supported by your hands or forearms. Place a foam roll underneath one leg on the quadriceps, and keep the foot off of the ground. Make sure to relax the leg as much as possible. This will be your starting position. | Shifting as much weight onto the leg to be stretched as is tolerable, roll over the foam from above the knee to below the hip, holding points of tension for 10-30 seconds. Switch sides."
259,Rhomboids-SMR,mobility,full_body,full body,moderate,intermediate,false,false,false,reps,,rhomboids_smr,,0.4,0.6,0.4,24,none,bronze,anabolic,,"Movement: Rhomboids-SMR Pattern: MovementPattern.MOBILITY Primary muscle: PrimaryMuscle.FULL_BODY Primary region: PrimaryRegion.FULL_BODY Characteristics: compound=False, unilateral=False, complex_lift=False CNS load: CNSLoad.MODERATE Skill level: SkillLevel.INTERMEDIATE Spinal compression: SpinalCompression.NONE Tier: MovementTier.BRONZE Metabolic demand: MetabolicDemand.ANABOLIC Metric type: MetricType.REPS Equipment: foam roll Tags: stretching, mobility Substitution group: rhomboids_smr Coaching cues: Lay down with your back on the floor. Place a foam roll underneath your upper back, and cross your arms in front of you, protracting your shoulders. This will be your starting position. | Raise your hips off of the ground, placing your weight onto the foam roll. Shift your weight to one side at a time, rolling over your middle and upper back. Pause at points of tension for 10-30 seconds."
269,Seated Biceps,mobility,biceps,anterior upper,moderate,intermediate,false,false,false,reps,,biceps,,0.4,0.6,0.4,24,none,bronze,anabolic,,"Movement: Seated Biceps Pattern: MovementPattern.MOBILITY Primary muscle: PrimaryMuscle.BICEPS Primary region: PrimaryRegion.ANTERIOR_UPPER Characteristics: compound=False, unilateral=False, complex_lift=False CNS load: CNSLoad.MODERATE Skill level: SkillLevel.INTERMEDIATE Spinal compression: SpinalCompression.NONE Tier: MovementTier.BRONZE Metabolic demand: MetabolicDemand.ANABOLIC Metric type: MetricType.REPS Equipment: none Tags: stretching, mobility Substitution group: biceps Coaching cues: Sit on the floor with your knees bent and your partner standing behind you. Extend your arms straight behind you with your palms facing each other. Your partner will hold your wrists for you. This will be the starting position. | Attempt to flex your elbows, while your partner prevents any actual movement. | After 10-20 seconds, relax your arms while your partner gently pulls your wrists up to stretch your biceps. Be sure to let your partner know when the stretch is appropriate to prevent injury or overstretching."
521,Cardio Intervals,cardio,full_body,full body,high,intermediate,true,false,false,reps,Imported during migration,,,1,1,1,24,low,bronze,anabolic,,"Movement: Cardio Intervals Pattern: MovementPattern.CARDIO Primary muscle: PrimaryMuscle.FULL_BODY Primary region: PrimaryRegion.FULL_BODY Characteristics: compound=True, unilateral=False, complex_lift=False CNS load: CNSLoad.HIGH Skill level: SkillLevel.INTERMEDIATE Spinal compression: SpinalCompression.LOW Tier: MovementTier.BRONZE Metabolic demand: MetabolicDemand.ANABOLIC Metric type: MetricType.REPS Equipment: none Description: Imported during migration"
41,Hanging Leg Raise,core,core,anterior upper,low,intermediate,false,false,false,reps,,hanging_leg_raise,,0.19999999999999998,0.5,0.4,12,none,bronze,anabolic,,"Movement: Hanging Leg Raise Pattern: MovementPattern.CORE Primary muscle: PrimaryMuscle.CORE Primary region: PrimaryRegion.ANTERIOR_UPPER Characteristics: compound=False, unilateral=False, complex_lift=False CNS load: CNSLoad.LOW Skill level: SkillLevel.INTERMEDIATE Spinal compression: SpinalCompression.NONE Tier: MovementTier.BRONZE Metabolic demand: MetabolicDemand.ANABOLIC Metric type: MetricType.REPS Equipment: pull_up_bar Disciplines: calisthenics Substitution group: hanging_leg_raise"
42,Ab Wheel Rollout,core,core,anterior upper,low,intermediate,false,false,false,reps,,rollout,,0.19999999999999998,0.5,0.4,12,none,bronze,anabolic,,"Movement: Ab Wheel Rollout Pattern: MovementPattern.CORE Primary muscle: PrimaryMuscle.CORE Primary region: PrimaryRegion.ANTERIOR_UPPER Characteristics: compound=False, unilateral=False, complex_lift=False CNS load: CNSLoad.LOW Skill level: SkillLevel.INTERMEDIATE Spinal compression: SpinalCompression.NONE Tier: MovementTier.BRONZE Metabolic demand: MetabolicDemand.ANABOLIC Metric type: MetricType.REPS Equipment: ab_wheel Tags: strength Disciplines: calisthenics Substitution group: rollout"
270,Seated Glute,mobility,glutes,posterior lower,moderate,intermediate,false,false,false,reps,,glute,,0.4,0.6,0.4,24,none,bronze,anabolic,,"Movement: Seated Glute Pattern: MovementPattern.MOBILITY Primary muscle: PrimaryMuscle.GLUTES Primary region: PrimaryRegion.POSTERIOR_LOWER Characteristics: compound=False, unilateral=False, complex_lift=False CNS load: CNSLoad.MODERATE Skill level: SkillLevel.INTERMEDIATE Spinal compression: SpinalCompression.NONE Tier: MovementTier.BRONZE Metabolic demand: MetabolicDemand.ANABOLIC Metric type: MetricType.REPS Equipment: none Tags: stretching, mobility Substitution group: glute Coaching cues: In a seated position with your knees bent, cross one ankle over the opposite knee. Your partner will stand behind you. Now, lean forward as your partner braces your shoulders with their hands. This will be your starting position. | Attempt to push your torso back for 10-20 seconds, as your partner prevents any actual movement of your torso. | Now relax your muscles as your partner increases the stretch by gently pushing your torso forward for 10-20 seconds."
271,Seated Hamstring,mobility,hamstrings,posterior lower,moderate,intermediate,false,false,false,reps,,hamstring,,0.4,0.6,0.4,24,none,bronze,anabolic,,"Movement: Seated Hamstring Pattern: MovementPattern.MOBILITY Primary muscle: PrimaryMuscle.HAMSTRINGS Primary region: PrimaryRegion.POSTERIOR_LOWER Characteristics: compound=False, unilateral=False, complex_lift=False CNS load: CNSLoad.MODERATE Skill level: SkillLevel.INTERMEDIATE Spinal compression: SpinalCompression.NONE Tier: MovementTier.BRONZE Metabolic demand: MetabolicDemand.ANABOLIC Metric type: MetricType.REPS Equipment: none Tags: stretching, mobility Substitution group: hamstring Coaching cues: In a seated position with your legs extended, have your partner stand behind you. Now, lean forward as your partner braces your shoulders with their hands. This will be your starting position. | Attempt to push your torso back for 10-20 seconds, as your partner prevents any actual movement of your torso. | Now relax your muscles as your partner increases the stretch by gently pushing your torso forward for 10-20 seconds."
217,Oblique Crunches - On The Floor,core,core,full body,moderate,intermediate,false,false,false,time,,oblique_crunches_on_the_floor,,0.4,0.6,0.4,24,none,bronze,anabolic,,"Movement: Oblique Crunches - On The Floor Pattern: MovementPattern.CORE Primary muscle: PrimaryMuscle.CORE Primary region: PrimaryRegion.FULL_BODY Characteristics: compound=False, unilateral=False, complex_lift=False CNS load: CNSLoad.MODERATE Skill level: SkillLevel.INTERMEDIATE Spinal compression: SpinalCompression.NONE Tier: MovementTier.BRONZE Metabolic demand: MetabolicDemand.ANABOLIC Metric type: MetricType.TIME Equipment: none Tags: strength Substitution group: oblique_crunches_on_the_floor Coaching cues: Start out by lying on your right side with your legs lying on top of each other. Make sure your knees are bent a little bit. | Place your left hand behind your head. | Once you are in this set position, begin by moving your left elbow up as you would perform a normal crunch except this time the main emphasis is on your obliques. | Crunch as high as you can, hold the contraction for a second and then slowly drop back down into the starting position. | Remember to breathe in during the eccentric (lowering) part of the exercise and to breathe out during the concentric (elevation) part of the exercise."
297,Stomach Vacuum,mobility,core,full body,moderate,intermediate,false,false,false,reps,,stomach_vacuum,,0.4,0.6,0.4,24,none,bronze,anabolic,,"Movement: Stomach Vacuum Pattern: MovementPattern.MOBILITY Primary muscle: PrimaryMuscle.CORE Primary region: PrimaryRegion.FULL_BODY Characteristics: compound=False, unilateral=False, complex_lift=False CNS load: CNSLoad.MODERATE Skill level: SkillLevel.INTERMEDIATE Spinal compression: SpinalCompression.NONE Tier: MovementTier.BRONZE Metabolic demand: MetabolicDemand.ANABOLIC Metric type: MetricType.REPS Equipment: none Tags: stretching, mobility Substitution group: stomach_vacuum Coaching cues: To begin, stand straight with your feet shoulder width apart from each other. Place your hands on your hips. This is the starting position. | Now slowly inhale as much air as possible and then start to exhale as much as possible while bringing your stomach in as much as possible and hold this position. Try to visualize your navel touching your backbone. | One isometric contraction is around 20 seconds. During the 20 second hold, try to breathe normally. Then inhale and bring your stomach back to the starting position. | Once you have practiced this exercise, try to perform this exercise for longer than 20 seconds. Tip: You can work your way up to 40-60 seconds. | Repeat for the recommended amount of sets."
299,Superman,mobility,lower_back,posterior lower,moderate,intermediate,false,false,false,reps,,superman,,0.4,0.6,0.4,24,none,bronze,anabolic,,"Movement: Superman Pattern: MovementPattern.MOBILITY Primary muscle: PrimaryMuscle.LOWER_BACK Primary region: PrimaryRegion.POSTERIOR_LOWER Characteristics: compound=False, unilateral=False, complex_lift=False CNS load: CNSLoad.MODERATE Skill level: SkillLevel.INTERMEDIATE Spinal compression: SpinalCompression.NONE Tier: MovementTier.BRONZE Metabolic demand: MetabolicDemand.ANABOLIC Metric type: MetricType.REPS Equipment: none Tags: stretching, mobility Substitution group: superman Coaching cues: To begin, lie straight and face down on the floor or exercise mat. Your arms should be fully extended in front of you. This is the starting position. | Simultaneously raise your arms, legs, and chest off of the floor and hold this contraction for 2 seconds. Tip: Squeeze your lower back to get the best results from this exercise. Remember to exhale during this movement. Note: When holding the contracted position, you should look like superman when he is flying. | Slowly begin to lower your arms, legs and chest back down to the starting position while inhaling. | Repeat for the recommended amount of repetitions prescribed in your program."
305,The Straddle,mobility,hamstrings,posterior lower,moderate,intermediate,false,false,false,reps,,the_straddle,,0.4,0.6,0.4,24,none,bronze,anabolic,,"Movement: The Straddle Pattern: MovementPattern.MOBILITY Primary muscle: PrimaryMuscle.HAMSTRINGS Primary region: PrimaryRegion.POSTERIOR_LOWER Characteristics: compound=False, unilateral=False, complex_lift=False CNS load: CNSLoad.MODERATE Skill level: SkillLevel.INTERMEDIATE Spinal compression: SpinalCompression.NONE Tier: MovementTier.BRONZE Metabolic demand: MetabolicDemand.ANABOLIC Metric type: MetricType.REPS Equipment: none Tags: stretching, mobility Substitution group: the_straddle Coaching cues: Begin in a seated, upright position. Start by extending your legs in front of you in a V. | With your hands on the floor, lean forward as far as possible. Hold for 10 to 20 seconds."
309,Toe Touchers,mobility,core,full body,moderate,intermediate,false,false,false,reps,,toe_touchers,,0.4,0.6,0.4,24,none,bronze,anabolic,,"Movement: Toe Touchers Pattern: MovementPattern.MOBILITY Primary muscle: PrimaryMuscle.CORE Primary region: PrimaryRegion.FULL_BODY Characteristics: compound=False, unilateral=False, complex_lift=False CNS load: CNSLoad.MODERATE Skill level: SkillLevel.INTERMEDIATE Spinal compression: SpinalCompression.NONE Tier: MovementTier.BRONZE Metabolic demand: MetabolicDemand.ANABOLIC Metric type: MetricType.REPS Equipment: none Tags: stretching, mobility Substitution group: toe_touchers Coaching cues: To begin, lie down on the floor or an exercise mat with your back pressed against the floor. Your arms should be lying across your sides with the palms facing down. | Your legs should be touching each other. Slowly elevate your legs up in the air until they are almost perpendicular to the floor with a slight bend at the knees. Your feet should be parallel to the floor. | Move your arms so that they are fully extended at a 45 degree angle from the floor. This is the starting position. | While keeping your lower back pressed against the floor, slowly lift your torso and use your hands to try and touch your toes. Remember to exhale while perform this part of the exercise. | Slowly begin to lower your torso and arms back down to the starting position while inhaling. Remember to keep your arms straight out pointing towards your toes. | Repeat for the recommended amount of repetitions."
318,Windmills,mobility,adductors,lower body,moderate,intermediate,false,false,false,reps,,windmills,,0.4,0.6,0.4,24,none,bronze,anabolic,,"Movement: Windmills Pattern: MovementPattern.MOBILITY Primary muscle: PrimaryMuscle.ADDUCTORS Primary region: PrimaryRegion.LOWER_BODY Characteristics: compound=False, unilateral=False, complex_lift=False CNS load: CNSLoad.MODERATE Skill level: SkillLevel.INTERMEDIATE Spinal compression: SpinalCompression.NONE Tier: MovementTier.BRONZE Metabolic demand: MetabolicDemand.ANABOLIC Metric type: MetricType.REPS Equipment: none Tags: stretching, mobility Substitution group: windmills Coaching cues: Lie on your back with your arms extended out to the sides and your legs straight. This will be your starting position. | Lift one leg and quickly cross it over your body, attempting to touch the ground near the opposite hand. | Return to the starting position, and repeat with the opposite leg. Continue to alternate for 10-20 repetitions."
319,Wrist Circles,mobility,forearms,anterior upper,moderate,intermediate,false,false,false,reps,,wrist_circles,,0.4,0.6,0.4,24,none,bronze,anabolic,,"Movement: Wrist Circles Pattern: MovementPattern.MOBILITY Primary muscle: PrimaryMuscle.FOREARMS Primary region: PrimaryRegion.ANTERIOR_UPPER Characteristics: compound=False, unilateral=False, complex_lift=False CNS load: CNSLoad.MODERATE Skill level: SkillLevel.INTERMEDIATE Spinal compression: SpinalCompression.NONE Tier: MovementTier.BRONZE Metabolic demand: MetabolicDemand.ANABOLIC Metric type: MetricType.REPS Equipment: none Tags: stretching, mobility Substitution group: wrist_circles Coaching cues: Start by standing straight with your feet being shoulder width apart from each other. Elevate your arms to the side of you until they are fully extended and parallel to the floor at a height that is evenly aligned with your shoulders. Tip: Your torso and arms should form the letter T: Your palms should be facing down. This is the starting position. | Keeping your entire body stationary except for the wrists, begin to rotate both wrists forward in a circular motion. Tip: Pretend that you are trying to draw circles by using your hands as the brush. Breathe normally as you perform this exercise. | Repeat for the recommended amount of repetitions."
324,All Fours Quad Stretch,mobility,quadriceps,anterior lower,moderate,intermediate,false,false,false,reps,,all_fours_quad_stretch,,0.4,0.6,0.4,24,none,bronze,anabolic,,"Movement: All Fours Quad Stretch Pattern: MovementPattern.MOBILITY Primary muscle: PrimaryMuscle.QUADRICEPS Primary region: PrimaryRegion.ANTERIOR_LOWER Characteristics: compound=False, unilateral=False, complex_lift=False CNS load: CNSLoad.MODERATE Skill level: SkillLevel.INTERMEDIATE Spinal compression: SpinalCompression.NONE Tier: MovementTier.BRONZE Metabolic demand: MetabolicDemand.ANABOLIC Metric type: MetricType.REPS Equipment: none Tags: stretching, mobility Substitution group: all_fours_quad_stretch Coaching cues: Start off on your hands and knees, then lift your leg off the floor and hold the foot with your hand. | Use your hand to hold the foot or ankle, keeping the knee fully flexed, stretching the quadriceps and hip flexors. | Focus on extending your hips, thrusting them towards the floor. Hold for 10-20 seconds and then switch sides."
330,Chair Leg Extended Stretch,mobility,hamstrings,posterior lower,moderate,intermediate,false,false,false,reps,,chair_leg_extended_stretch,,0.4,0.6,0.4,24,none,bronze,anabolic,,"Movement: Chair Leg Extended Stretch Pattern: MovementPattern.MOBILITY Primary muscle: PrimaryMuscle.HAMSTRINGS Primary region: PrimaryRegion.POSTERIOR_LOWER Characteristics: compound=False, unilateral=False, complex_lift=False CNS load: CNSLoad.MODERATE Skill level: SkillLevel.INTERMEDIATE Spinal compression: SpinalCompression.NONE Tier: MovementTier.BRONZE Metabolic demand: MetabolicDemand.ANABOLIC Metric type: MetricType.REPS Equipment: other Tags: stretching, mobility Substitution group: chair_leg_extended_stretch Coaching cues: Sit upright in a chair and grip the seat on the sides. | Raise one leg, extending the knee, flexing the ankle as you do so. | Slowly move that leg outward as far as you can, and then back to the center and down. | Repeat for your other leg."
332,Chair Upper Body Stretch,mobility,full_body,full body,moderate,intermediate,false,false,false,reps,,chair_upper_body_stretch,,0.4,0.6,0.4,24,none,bronze,anabolic,,"Movement: Chair Upper Body Stretch Pattern: MovementPattern.MOBILITY Primary muscle: PrimaryMuscle.FULL_BODY Primary region: PrimaryRegion.FULL_BODY Characteristics: compound=False, unilateral=False, complex_lift=False CNS load: CNSLoad.MODERATE Skill level: SkillLevel.INTERMEDIATE Spinal compression: SpinalCompression.NONE Tier: MovementTier.BRONZE Metabolic demand: MetabolicDemand.ANABOLIC Metric type: MetricType.REPS Equipment: other Tags: stretching, mobility Substitution group: chair_upper_body_stretch Coaching cues: Sit on the edge of a chair, gripping the back of it. | Straighten your arms, keeping your back straight, and pull your upper body forward so you feel a stretch. Hold for 20-30 seconds."
334,Dynamic Back Stretch,mobility,lats,posterior upper,moderate,intermediate,false,false,false,reps,,dynamic_back_stretch,,0.4,0.6,0.4,24,none,bronze,anabolic,,"Movement: Dynamic Back Stretch Pattern: MovementPattern.MOBILITY Primary muscle: PrimaryMuscle.LATS Primary region: PrimaryRegion.POSTERIOR_UPPER Characteristics: compound=False, unilateral=False, complex_lift=False CNS load: CNSLoad.MODERATE Skill level: SkillLevel.INTERMEDIATE Spinal compression: SpinalCompression.NONE Tier: MovementTier.BRONZE Metabolic demand: MetabolicDemand.ANABOLIC Metric type: MetricType.REPS Equipment: none Tags: stretching, mobility Substitution group: dynamic_back_stretch Coaching cues: Stand with your feet shoulder width apart. This will be your starting position. | Keeping your arms straight, swing them straight up in front of you 5-10 times, increasing the range of motion each time until your arms are above your head."
335,Elbows Back,mobility,chest,anterior upper,moderate,intermediate,false,false,false,reps,,elbows_back,,0.4,0.6,0.4,24,none,bronze,anabolic,,"Movement: Elbows Back Pattern: MovementPattern.MOBILITY Primary muscle: PrimaryMuscle.CHEST Primary region: PrimaryRegion.ANTERIOR_UPPER Characteristics: compound=False, unilateral=False, complex_lift=False CNS load: CNSLoad.MODERATE Skill level: SkillLevel.INTERMEDIATE Spinal compression: SpinalCompression.NONE Tier: MovementTier.BRONZE Metabolic demand: MetabolicDemand.ANABOLIC Metric type: MetricType.REPS Equipment: none Tags: stretching, mobility Substitution group: elbows_back Coaching cues: Stand up straight. | Place both hands on your lower back, fingers pointing downward and elbows out. | Then gently pull your elbows back aiming to touch them together."
339,Intermediate Groin Stretch,mobility,hamstrings,posterior lower,moderate,intermediate,false,false,false,reps,,intermediate_groin_stretch,,0.4,0.6,0.4,24,none,bronze,anabolic,,"Movement: Intermediate Groin Stretch Pattern: MovementPattern.MOBILITY Primary muscle: PrimaryMuscle.HAMSTRINGS Primary region: PrimaryRegion.POSTERIOR_LOWER Characteristics: compound=False, unilateral=False, complex_lift=False CNS load: CNSLoad.MODERATE Skill level: SkillLevel.INTERMEDIATE Spinal compression: SpinalCompression.NONE Tier: MovementTier.BRONZE Metabolic demand: MetabolicDemand.ANABOLIC Metric type: MetricType.REPS Equipment: other Tags: stretching, mobility Substitution group: intermediate_groin_stretch Coaching cues: Lie on your back with your legs extended. Loop a belt, rope, or band around one of your feet, and swing that leg as far to the side as you can. This will be your starting position. | Pull gently on the belt to create tension in your groin and hamstring muscles. Hold for 10-20 seconds, and repeat on the other side."
348,On-Your-Back Quad Stretch,mobility,quadriceps,anterior lower,moderate,intermediate,false,false,false,reps,,on_your_back_quad_stretch,,0.4,0.6,0.4,24,none,bronze,anabolic,,"Movement: On-Your-Back Quad Stretch Pattern: MovementPattern.MOBILITY Primary muscle: PrimaryMuscle.QUADRICEPS Primary region: PrimaryRegion.ANTERIOR_LOWER Characteristics: compound=False, unilateral=False, complex_lift=False CNS load: CNSLoad.MODERATE Skill level: SkillLevel.INTERMEDIATE Spinal compression: SpinalCompression.NONE Tier: MovementTier.BRONZE Metabolic demand: MetabolicDemand.ANABOLIC Metric type: MetricType.REPS Equipment: other Tags: stretching, mobility Substitution group: on_your_back_quad_stretch Coaching cues: Lie on a flat bench or step, and hang one leg and arm over the side. | Bend the knee and hold the top of the foot. As you do this, be careful not to arch your lower back. | Pull the belly button to the spine to stay in neutral. Press your foot down and into your hand. To add the hip stretch, lift the hip of the leg you're holding up toward the ceiling. | Switch sides."
349,On Your Side Quad Stretch,mobility,quadriceps,anterior lower,moderate,intermediate,false,false,false,reps,,on_your_side_quad_stretch,,0.4,0.6,0.4,24,none,bronze,anabolic,,"Movement: On Your Side Quad Stretch Pattern: MovementPattern.MOBILITY Primary muscle: PrimaryMuscle.QUADRICEPS Primary region: PrimaryRegion.ANTERIOR_LOWER Characteristics: compound=False, unilateral=False, complex_lift=False CNS load: CNSLoad.MODERATE Skill level: SkillLevel.INTERMEDIATE Spinal compression: SpinalCompression.NONE Tier: MovementTier.BRONZE Metabolic demand: MetabolicDemand.ANABOLIC Metric type: MetricType.REPS Equipment: none Tags: stretching, mobility Substitution group: on_your_side_quad_stretch Coaching cues: Start off by lying on your right side, with your right knee bent at a 90-degree angle resting on the floor in front of you (this stabilizes the torso). | Bend your left knee behind you and hold your left foot with your left hand. To stretch your hip flexor, press your left hip forward as you push your left foot back into your hand. Switch sides."
358,Seated Front Deltoid,mobility,full_body,full body,moderate,intermediate,false,false,false,reps,,front_deltoid,,0.4,0.6,0.4,24,none,bronze,anabolic,,"Movement: Seated Front Deltoid Pattern: MovementPattern.MOBILITY Primary muscle: PrimaryMuscle.FULL_BODY Primary region: PrimaryRegion.FULL_BODY Characteristics: compound=False, unilateral=False, complex_lift=False CNS load: CNSLoad.MODERATE Skill level: SkillLevel.INTERMEDIATE Spinal compression: SpinalCompression.NONE Tier: MovementTier.BRONZE Metabolic demand: MetabolicDemand.ANABOLIC Metric type: MetricType.REPS Equipment: none Tags: stretching, mobility Substitution group: front_deltoid Coaching cues: Sit upright on the floor with your legs bent, your partner standing behind you. Stick your arms straight out to your sides, with your palms facing the ground. Attempt to move them as far behind you as possible, as your assistant holds your wrists. This will be your starting position. | Keeping your elbows straight, attempt to move your arms to the front, with your partner gently restraining you to prevent any actual movement for 10-20 seconds. | Now, relax your muscles and allow your partner to gently increase the stretch on the shoulders and chest. Hold for 10 to 20 seconds."
370,Upper Back Stretch,mobility,full_body,full body,moderate,intermediate,false,false,false,reps,,upper_back_stretch,,0.4,0.6,0.4,24,none,bronze,anabolic,,"Movement: Upper Back Stretch Pattern: MovementPattern.MOBILITY Primary muscle: PrimaryMuscle.FULL_BODY Primary region: PrimaryRegion.FULL_BODY Characteristics: compound=False, unilateral=False, complex_lift=False CNS load: CNSLoad.MODERATE Skill level: SkillLevel.INTERMEDIATE Spinal compression: SpinalCompression.NONE Tier: MovementTier.BRONZE Metabolic demand: MetabolicDemand.ANABOLIC Metric type: MetricType.REPS Equipment: none Tags: stretching, mobility Substitution group: upper_back_stretch Coaching cues: Clasp fingers together with your thumbs pointing down, round your shoulders as you reach your hands forward."
82,Balance Board,lunge,calves,posterior lower,moderate,intermediate,false,false,false,reps,,balance_board,,0.4,0.6,0.4,24,none,bronze,anabolic,,"Movement: Balance Board Pattern: MovementPattern.LUNGE Primary muscle: PrimaryMuscle.CALVES Primary region: PrimaryRegion.POSTERIOR_LOWER Characteristics: compound=False, unilateral=False, complex_lift=False CNS load: CNSLoad.MODERATE Skill level: SkillLevel.INTERMEDIATE Spinal compression: SpinalCompression.NONE Tier: MovementTier.BRONZE Metabolic demand: MetabolicDemand.ANABOLIC Metric type: MetricType.REPS Equipment: other Tags: strength Substitution group: balance_board Coaching cues: Place a balance board in front of you. | Stand up on it and try to balance yourself. | Hold the balance for as long as desired."
371,World's Greatest Stretch,mobility,hamstrings,posterior lower,moderate,intermediate,false,false,false,reps,,world_s_greatest_stretch,,0.4,0.6,0.4,24,none,bronze,anabolic,,"Movement: World's Greatest Stretch Pattern: MovementPattern.MOBILITY Primary muscle: PrimaryMuscle.HAMSTRINGS Primary region: PrimaryRegion.POSTERIOR_LOWER Characteristics: compound=False, unilateral=False, complex_lift=False CNS load: CNSLoad.MODERATE Skill level: SkillLevel.INTERMEDIATE Spinal compression: SpinalCompression.NONE Tier: MovementTier.BRONZE Metabolic demand: MetabolicDemand.ANABOLIC Metric type: MetricType.REPS Equipment: none Tags: stretching, mobility Substitution group: world_s_greatest_stretch Coaching cues: This is a three-part stretch. Begin by lunging forward, with your front foot flat on the ground and on the toes of your back foot. With your knees bent, squat down until your knee is almost touching the ground. Keep your torso erect, and hold this position for 10-20 seconds. | Now, place the arm on the same side as your front leg on the ground, with the elbow next to the foot. Your other hand should be placed on the ground, parallel to your lead leg, to help support you during this portion of the stretch. | After 10-20 seconds, place your hands on either side of your front foot. Raise the toes of the front foot off of the ground, and straighten your leg. You may need to reposition your rear leg to do so. Hold for 10-20 seconds, and then repeat the entire sequence for the other side."
44,Broad Jump,plyometric,glutes,posterior lower,high,intermediate,true,false,false,distance,,broad_jump,,0.7999999999999999,0.95,0.4,48,none,bronze,anabolic,,"Movement: Broad Jump Pattern: MovementPattern.PLYOMETRIC Primary muscle: PrimaryMuscle.GLUTES Primary region: PrimaryRegion.POSTERIOR_LOWER Characteristics: compound=True, unilateral=False, complex_lift=False CNS load: CNSLoad.HIGH Skill level: SkillLevel.INTERMEDIATE Spinal compression: SpinalCompression.NONE Tier: MovementTier.BRONZE Metabolic demand: MetabolicDemand.ANABOLIC Metric type: MetricType.DISTANCE Equipment: none Tags: athleticism, explosiveness Substitution group: broad_jump"
45,Depth Jump,plyometric,quadriceps,anterior lower,very_high,advanced,true,false,false,reps,,depth_jump,,1,0.95,0.6,72,none,bronze,anabolic,,"Movement: Depth Jump Pattern: MovementPattern.PLYOMETRIC Primary muscle: PrimaryMuscle.QUADRICEPS Primary region: PrimaryRegion.ANTERIOR_LOWER Characteristics: compound=True, unilateral=False, complex_lift=False CNS load: CNSLoad.VERY_HIGH Skill level: SkillLevel.ADVANCED Spinal compression: SpinalCompression.NONE Tier: MovementTier.BRONZE Metabolic demand: MetabolicDemand.ANABOLIC Metric type: MetricType.REPS Equipment: plyo_box Tags: athleticism, explosiveness Substitution group: depth_jump"
46,Medicine Ball Slam,plyometric,core,full body,moderate,beginner,true,false,false,reps,,med_ball_slam,,0.6,0.8,0.2,48,none,bronze,anabolic,,"Movement: Medicine Ball Slam Pattern: MovementPattern.PLYOMETRIC Primary muscle: PrimaryMuscle.CORE Primary region: PrimaryRegion.FULL_BODY Characteristics: compound=True, unilateral=False, complex_lift=False CNS load: CNSLoad.MODERATE Skill level: SkillLevel.BEGINNER Spinal compression: SpinalCompression.NONE Tier: MovementTier.BRONZE Metabolic demand: MetabolicDemand.ANABOLIC Metric type: MetricType.REPS Equipment: medicine_ball Tags: athleticism, explosiveness Substitution group: med_ball_slam"
6,Walking Lunge,lunge,quadriceps,anterior lower,moderate,beginner,true,false,true,reps,,lunge,,0.6,0.8,0.30000000000000004,48,none,bronze,anabolic,,"Movement: Walking Lunge Pattern: MovementPattern.LUNGE Primary muscle: PrimaryMuscle.QUADRICEPS Primary region: PrimaryRegion.ANTERIOR_LOWER Characteristics: compound=True, unilateral=True, complex_lift=False CNS load: CNSLoad.MODERATE Skill level: SkillLevel.BEGINNER Spinal compression: SpinalCompression.NONE Tier: MovementTier.BRONZE Metabolic demand: MetabolicDemand.ANABOLIC Metric type: MetricType.REPS Equipment: none, dumbbell Tags: athleticism, hypertrophy Substitution group: lunge"
235,Plyo Kettlebell Pushups,plyometric,chest,anterior upper,moderate,intermediate,false,false,false,reps,,plyo_pushups,,0.4,0.6,0.4,24,none,bronze,anabolic,,"Movement: Plyo Kettlebell Pushups Pattern: MovementPattern.PLYOMETRIC Primary muscle: PrimaryMuscle.CHEST Primary region: PrimaryRegion.ANTERIOR_UPPER Characteristics: compound=False, unilateral=False, complex_lift=False CNS load: CNSLoad.MODERATE Skill level: SkillLevel.INTERMEDIATE Spinal compression: SpinalCompression.NONE Tier: MovementTier.BRONZE Metabolic demand: MetabolicDemand.ANABOLIC Metric type: MetricType.REPS Equipment: kettlebell Tags: strength Substitution group: plyo_pushups Coaching cues: Place a kettlebell on the floor. Place yourself in a pushup position, on your toes with one hand on the ground and one hand holding the kettlebell, with your elbows extended. This will be your starting position. | Begin by lowering yourself as low as you can, keeping your back straight. | Quickly and forcefully reverse direction, pushing yourself up to the other side of the kettlebell, switching hands as you do so. Continue the movement by descending and repeating the movement back and forth."
262,Rope Jumping,plyometric,quadriceps,anterior lower,low,intermediate,false,false,false,time,,rope_jumping,,0.19999999999999998,0.5,0.4,12,none,bronze,anabolic,,"Movement: Rope Jumping Pattern: MovementPattern.PLYOMETRIC Primary muscle: PrimaryMuscle.QUADRICEPS Primary region: PrimaryRegion.ANTERIOR_LOWER Characteristics: compound=False, unilateral=False, complex_lift=False CNS load: CNSLoad.LOW Skill level: SkillLevel.INTERMEDIATE Spinal compression: SpinalCompression.NONE Tier: MovementTier.BRONZE Metabolic demand: MetabolicDemand.ANABOLIC Metric type: MetricType.TIME Equipment: other Tags: cardio Substitution group: rope_jumping Coaching cues: Hold an end of the rope in each hand. Position the rope behind you on the ground. Raise your arms up and turn the rope over your head bringing it down in front of you. When it reaches the ground, jump over it. Find a good turning pace that can be maintained. Different speeds and techniques can be used to introduce variation. | Rope jumping is exciting, challenges your coordination, and requires a lot of energy. A 150 lb person will burn about 350 calories jumping rope for 30 minutes, compared to over 450 calories running."
152,Elliptical Trainer,cardio,quadriceps,anterior lower,low,intermediate,false,false,false,time,,elliptical_trainer,,0.19999999999999998,0.5,0.4,12,none,bronze,anabolic,,"Movement: Elliptical Trainer Pattern: MovementPattern.CARDIO Primary muscle: PrimaryMuscle.QUADRICEPS Primary region: PrimaryRegion.ANTERIOR_LOWER Characteristics: compound=False, unilateral=False, complex_lift=False CNS load: CNSLoad.LOW Skill level: SkillLevel.INTERMEDIATE Spinal compression: SpinalCompression.NONE Tier: MovementTier.BRONZE Metabolic demand: MetabolicDemand.ANABOLIC Metric type: MetricType.TIME Equipment: machine Tags: cardio Substitution group: elliptical_trainer Coaching cues: To begin, step onto the elliptical and select the desired option from the menu. Most ellipticals have a manual setting, or you can select a program to run. Typically, you can enter your age and weight to estimate the amount of calories burned during exercise. Elevation can be adjusted to change the intensity of the workout. | The handles can be used to monitor your heart rate to help you stay at an appropriate intensity."
530,Incline Push-Up,horizontal_push,chest,anterior upper,moderate,beginner,true,false,false,reps,Imported during migration,,,1,1,1,24,low,bronze,anabolic,,"Movement: Incline Push-Up Pattern: MovementPattern.HORIZONTAL_PUSH Primary muscle: PrimaryMuscle.CHEST Primary region: PrimaryRegion.ANTERIOR_UPPER Characteristics: compound=True, unilateral=False, complex_lift=False CNS load: CNSLoad.MODERATE Skill level: SkillLevel.BEGINNER Spinal compression: SpinalCompression.LOW Tier: MovementTier.BRONZE Metabolic demand: MetabolicDemand.ANABOLIC Metric type: MetricType.REPS Equipment: none Description: Imported during migration"
180,"Jogging, Treadmill",cardio,quadriceps,anterior lower,low,intermediate,false,false,false,time,,jogging_treadmill,,0.19999999999999998,0.5,0.4,12,none,bronze,anabolic,,"Movement: Jogging, Treadmill Pattern: MovementPattern.CARDIO Primary muscle: PrimaryMuscle.QUADRICEPS Primary region: PrimaryRegion.ANTERIOR_LOWER Characteristics: compound=False, unilateral=False, complex_lift=False CNS load: CNSLoad.LOW Skill level: SkillLevel.INTERMEDIATE Spinal compression: SpinalCompression.NONE Tier: MovementTier.BRONZE Metabolic demand: MetabolicDemand.ANABOLIC Metric type: MetricType.TIME Equipment: machine Tags: cardio Substitution group: jogging_treadmill Coaching cues: To begin, step onto the treadmill and select the desired option from the menu. Most treadmills have a manual setting, or you can select a program to run. Typically, you can enter your age and weight to estimate the amount of calories burned during exercise. Elevation can be adjusted to change the intensity of the workout. | Treadmills offer convenience, cardiovascular benefits, and usually have less impact than jogging outside. A 150 lb person will burn almost 250 calories jogging for 30 minutes, compared to more than 450 calories running. Maintain proper posture as you jog, and only hold onto the handles when necessary, such as when dismounting or checking your heart rate."
289,Stairmaster,cardio,quadriceps,anterior lower,low,intermediate,false,false,false,time,,stairmaster,,0.19999999999999998,0.5,0.4,12,none,bronze,anabolic,,"Movement: Stairmaster Pattern: MovementPattern.CARDIO Primary muscle: PrimaryMuscle.QUADRICEPS Primary region: PrimaryRegion.ANTERIOR_LOWER Characteristics: compound=False, unilateral=False, complex_lift=False CNS load: CNSLoad.LOW Skill level: SkillLevel.INTERMEDIATE Spinal compression: SpinalCompression.NONE Tier: MovementTier.BRONZE Metabolic demand: MetabolicDemand.ANABOLIC Metric type: MetricType.TIME Equipment: machine Tags: cardio Substitution group: stairmaster Coaching cues: To begin, step onto the stairmaster and select the desired option from the menu. You can choose a manual setting, or you can select a program to run. Typically, you can enter your age and weight to estimate the amount of calories burned during exercise. | Pump your legs up and down in an established rhythm, driving the pedals down but not all the way to the floor. It is recommended that you maintain your grip on the handles so that you don fall. The handles can be used to monitor your heart rate to help you stay at an appropriate intensity. | Stairmasters offer convenience, cardiovascular benefits, and usually have less impact than running outside. They are typically much harder than other cardio equipment. A 150 lb person will typically burn over 300 calories in 30 minutes, compared to about 175 calories walking."
296,Step Mill,cardio,quadriceps,anterior lower,low,intermediate,false,false,false,time,,step_mill,,0.19999999999999998,0.5,0.4,12,none,bronze,anabolic,,"Movement: Step Mill Pattern: MovementPattern.CARDIO Primary muscle: PrimaryMuscle.QUADRICEPS Primary region: PrimaryRegion.ANTERIOR_LOWER Characteristics: compound=False, unilateral=False, complex_lift=False CNS load: CNSLoad.LOW Skill level: SkillLevel.INTERMEDIATE Spinal compression: SpinalCompression.NONE Tier: MovementTier.BRONZE Metabolic demand: MetabolicDemand.ANABOLIC Metric type: MetricType.TIME Equipment: machine Tags: cardio Substitution group: step_mill Coaching cues: To begin, step onto the stepmill and select the desired option from the menu. You can choose a manual setting, or you can select a program to run. Typically, you can enter your age and weight to estimate the amount of calories burned during exercise. Use caution so that you don trip as you climb the stairs. It is recommended that you maintain your grip on the handles so that you don fall. | Stepmills offer convenience, cardiovascular benefits, and usually have less impact than running outside while offering a similar rate of calories burned. They are typically much harder than other cardio equipment. A 150 lb person will typically burn over 300 calories in 30 minutes, compared to about 175 calories walking."
380,Calorie Echo Bike,cardio,full_body,full body,moderate,intermediate,true,false,false,distance,,,,0.6,0.8,0.4,48,none,bronze,anabolic,,"Movement: Calorie Echo Bike Pattern: MovementPattern.CARDIO Primary muscle: PrimaryMuscle.FULL_BODY Primary region: PrimaryRegion.FULL_BODY Characteristics: compound=True, unilateral=False, complex_lift=False CNS load: CNSLoad.MODERATE Skill level: SkillLevel.INTERMEDIATE Spinal compression: SpinalCompression.NONE Tier: MovementTier.BRONZE Metabolic demand: MetabolicDemand.ANABOLIC Metric type: MetricType.DISTANCE Disciplines: crossfit"
377,Back-Rack Barbell Carry,conditioning,full_body,full body,moderate,intermediate,true,false,false,reps,,,,0.6,0.8,0.4,48,none,bronze,anabolic,,"Movement: Back-Rack Barbell Carry Pattern: MovementPattern.CONDITIONING Primary muscle: PrimaryMuscle.FULL_BODY Primary region: PrimaryRegion.FULL_BODY Characteristics: compound=True, unilateral=False, complex_lift=False CNS load: CNSLoad.MODERATE Skill level: SkillLevel.INTERMEDIATE Spinal compression: SpinalCompression.NONE Tier: MovementTier.BRONZE Metabolic demand: MetabolicDemand.ANABOLIC Metric type: MetricType.REPS Disciplines: crossfit"
381,Candlestick Rocks,conditioning,full_body,full body,moderate,intermediate,true,false,false,reps,,,,0.6,0.8,0.4,48,none,bronze,anabolic,,"Movement: Candlestick Rocks Pattern: MovementPattern.CONDITIONING Primary muscle: PrimaryMuscle.FULL_BODY Primary region: PrimaryRegion.FULL_BODY Characteristics: compound=True, unilateral=False, complex_lift=False CNS load: CNSLoad.MODERATE Skill level: SkillLevel.INTERMEDIATE Spinal compression: SpinalCompression.NONE Tier: MovementTier.BRONZE Metabolic demand: MetabolicDemand.ANABOLIC Metric type: MetricType.REPS Disciplines: crossfit"
57,Thoracic Rotation,mobility,upper_back,posterior upper,very_low,beginner,false,false,true,reps,,thoracic_mobility,,0.1,0.5,0.30000000000000004,12,none,bronze,anabolic,,"Movement: Thoracic Rotation Pattern: MovementPattern.MOBILITY Primary muscle: PrimaryMuscle.UPPER_BACK Primary region: PrimaryRegion.POSTERIOR_UPPER Characteristics: compound=False, unilateral=True, complex_lift=False CNS load: CNSLoad.VERY_LOW Skill level: SkillLevel.BEGINNER Spinal compression: SpinalCompression.NONE Tier: MovementTier.BRONZE Metabolic demand: MetabolicDemand.ANABOLIC Metric type: MetricType.REPS Equipment: none Tags: mobility Substitution group: thoracic_mobility"
523,Mobility for Lower Back,mobility,lower_back,posterior lower,very_low,beginner,true,false,false,reps,Imported during migration,,,1,1,1,24,low,bronze,anabolic,,"Movement: Mobility for Lower Back Pattern: MovementPattern.MOBILITY Primary muscle: PrimaryMuscle.LOWER_BACK Primary region: PrimaryRegion.POSTERIOR_LOWER Characteristics: compound=True, unilateral=False, complex_lift=False CNS load: CNSLoad.VERY_LOW Skill level: SkillLevel.BEGINNER Spinal compression: SpinalCompression.LOW Tier: MovementTier.BRONZE Metabolic demand: MetabolicDemand.ANABOLIC Metric type: MetricType.REPS Equipment: none Description: Imported during migration"
331,Chair Lower Back Stretch,mobility,lats,posterior upper,moderate,intermediate,false,false,false,reps,,chair_lower_back_stretch,,0.4,0.6,0.4,24,none,bronze,anabolic,,"Movement: Chair Lower Back Stretch Pattern: MovementPattern.MOBILITY Primary muscle: PrimaryMuscle.LATS Primary region: PrimaryRegion.POSTERIOR_UPPER Characteristics: compound=False, unilateral=False, complex_lift=False CNS load: CNSLoad.MODERATE Skill level: SkillLevel.INTERMEDIATE Spinal compression: SpinalCompression.NONE Tier: MovementTier.BRONZE Metabolic demand: MetabolicDemand.ANABOLIC Metric type: MetricType.REPS Equipment: none Tags: stretching, mobility Substitution group: chair_lower_back_stretch Coaching cues: Sit upright on a chair. | Bend to one side with your arm over your head. You can hold onto the chair with your free hand. | Hold for 10 seconds, and repeat for your other side."
524,Calf Stretch,mobility,calves,posterior lower,very_low,beginner,true,false,false,reps,Imported during migration,,,1,1,1,24,low,bronze,anabolic,,"Movement: Calf Stretch Pattern: MovementPattern.MOBILITY Primary muscle: PrimaryMuscle.CALVES Primary region: PrimaryRegion.POSTERIOR_LOWER Characteristics: compound=True, unilateral=False, complex_lift=False CNS load: CNSLoad.VERY_LOW Skill level: SkillLevel.BEGINNER Spinal compression: SpinalCompression.LOW Tier: MovementTier.BRONZE Metabolic demand: MetabolicDemand.ANABOLIC Metric type: MetricType.REPS Equipment: none Description: Imported during migration"
525,Chest Stretch,mobility,chest,anterior upper,very_low,beginner,true,false,false,reps,Imported during migration,,,1,1,1,24,low,bronze,anabolic,,"Movement: Chest Stretch Pattern: MovementPattern.MOBILITY Primary muscle: PrimaryMuscle.CHEST Primary region: PrimaryRegion.ANTERIOR_UPPER Characteristics: compound=True, unilateral=False, complex_lift=False CNS load: CNSLoad.VERY_LOW Skill level: SkillLevel.BEGINNER Spinal compression: SpinalCompression.LOW Tier: MovementTier.BRONZE Metabolic demand: MetabolicDemand.ANABOLIC Metric type: MetricType.REPS Equipment: none Description: Imported during migration"
526,Hamstring Stretch,mobility,hamstrings,posterior lower,very_low,beginner,true,false,false,reps,Imported during migration,,,1,1,1,24,low,bronze,anabolic,,"Movement: Hamstring Stretch Pattern: MovementPattern.MOBILITY Primary muscle: PrimaryMuscle.HAMSTRINGS Primary region: PrimaryRegion.POSTERIOR_LOWER Characteristics: compound=True, unilateral=False, complex_lift=False CNS load: CNSLoad.VERY_LOW Skill level: SkillLevel.BEGINNER Spinal compression: SpinalCompression.LOW Tier: MovementTier.BRONZE Metabolic demand: MetabolicDemand.ANABOLIC Metric type: MetricType.REPS Equipment: none Description: Imported during migration"
528,Quad Stretch,mobility,quadriceps,anterior lower,very_low,beginner,true,false,false,reps,Imported during migration,,,1,1,1,24,low,bronze,anabolic,,"Movement: Quad Stretch Pattern: MovementPattern.MOBILITY Primary muscle: PrimaryMuscle.QUADRICEPS Primary region: PrimaryRegion.ANTERIOR_LOWER Characteristics: compound=True, unilateral=False, complex_lift=False CNS load: CNSLoad.VERY_LOW Skill level: SkillLevel.BEGINNER Spinal compression: SpinalCompression.LOW Tier: MovementTier.BRONZE Metabolic demand: MetabolicDemand.ANABOLIC Metric type: MetricType.REPS Equipment: none Description: Imported during migration"
529,Leg Swings,mobility,hip_flexors,anterior lower,very_low,beginner,true,false,false,reps,Imported during migration,,,1,1,1,24,low,bronze,anabolic,,"Movement: Leg Swings Pattern: MovementPattern.MOBILITY Primary muscle: PrimaryMuscle.HIP_FLEXORS Primary region: PrimaryRegion.ANTERIOR_LOWER Characteristics: compound=True, unilateral=False, complex_lift=False CNS load: CNSLoad.VERY_LOW Skill level: SkillLevel.BEGINNER Spinal compression: SpinalCompression.LOW Tier: MovementTier.BRONZE Metabolic demand: MetabolicDemand.ANABOLIC Metric type: MetricType.REPS Equipment: none Description: Imported during migration"
531,High Rep Push-Up,horizontal_push,chest,anterior upper,moderate,intermediate,true,false,false,reps,Imported during migration,,,1,1,1,24,low,bronze,anabolic,,"Movement: High Rep Push-Up Pattern: MovementPattern.HORIZONTAL_PUSH Primary muscle: PrimaryMuscle.CHEST Primary region: PrimaryRegion.ANTERIOR_UPPER Characteristics: compound=True, unilateral=False, complex_lift=False CNS load: CNSLoad.MODERATE Skill level: SkillLevel.INTERMEDIATE Spinal compression: SpinalCompression.LOW Tier: MovementTier.BRONZE Metabolic demand: MetabolicDemand.ANABOLIC Metric type: MetricType.REPS Equipment: none Description: Imported during migration"
532,Push-Ups,horizontal_push,chest,anterior upper,moderate,beginner,true,false,false,reps,Imported during migration,,,1,1,1,24,low,bronze,anabolic,,"Movement: Push-Ups Pattern: MovementPattern.HORIZONTAL_PUSH Primary muscle: PrimaryMuscle.CHEST Primary region: PrimaryRegion.ANTERIOR_UPPER Characteristics: compound=True, unilateral=False, complex_lift=False CNS load: CNSLoad.MODERATE Skill level: SkillLevel.BEGINNER Spinal compression: SpinalCompression.LOW Tier: MovementTier.BRONZE Metabolic demand: MetabolicDemand.ANABOLIC Metric type: MetricType.REPS Equipment: none Description: Imported during migration"
533,Jumping Jacks,conditioning,full_body,full body,low,beginner,true,false,false,reps,Imported during migration,,,1,1,1,24,low,bronze,anabolic,,"Movement: Jumping Jacks Pattern: MovementPattern.CONDITIONING Primary muscle: PrimaryMuscle.FULL_BODY Primary region: PrimaryRegion.FULL_BODY Characteristics: compound=True, unilateral=False, complex_lift=False CNS load: CNSLoad.LOW Skill level: SkillLevel.BEGINNER Spinal compression: SpinalCompression.LOW Tier: MovementTier.BRONZE Metabolic demand: MetabolicDemand.ANABOLIC Metric type: MetricType.REPS Equipment: none Description: Imported during migration"
534,Jumping Lunges,plyometric,quadriceps,anterior lower,high,advanced,true,false,false,reps,Imported during migration,,,1,1,1,24,low,bronze,anabolic,,"Movement: Jumping Lunges Pattern: MovementPattern.PLYOMETRIC Primary muscle: PrimaryMuscle.QUADRICEPS Primary region: PrimaryRegion.ANTERIOR_LOWER Characteristics: compound=True, unilateral=False, complex_lift=False CNS load: CNSLoad.HIGH Skill level: SkillLevel.ADVANCED Spinal compression: SpinalCompression.LOW Tier: MovementTier.BRONZE Metabolic demand: MetabolicDemand.ANABOLIC Metric type: MetricType.REPS Equipment: none Description: Imported during migration"
535,Pause Squat,squat,quadriceps,anterior lower,high,advanced,true,false,false,reps,Imported during migration,,,1,1,1,24,low,bronze,anabolic,,"Movement: Pause Squat Pattern: MovementPattern.SQUAT Primary muscle: PrimaryMuscle.QUADRICEPS Primary region: PrimaryRegion.ANTERIOR_LOWER Characteristics: compound=True, unilateral=False, complex_lift=False CNS load: CNSLoad.HIGH Skill level: SkillLevel.ADVANCED Spinal compression: SpinalCompression.LOW Tier: MovementTier.BRONZE Metabolic demand: MetabolicDemand.ANABOLIC Metric type: MetricType.REPS Equipment: barbell Description: Imported during migration"
536,Reverse Fly,isolation,rear_delts,shoulder,low,intermediate,true,false,false,reps,Imported during migration,,,1,1,1,24,low,bronze,anabolic,,"Movement: Reverse Fly Pattern: MovementPattern.ISOLATION Primary muscle: PrimaryMuscle.REAR_DELTS Primary region: PrimaryRegion.SHOULDER Characteristics: compound=True, unilateral=False, complex_lift=False CNS load: CNSLoad.LOW Skill level: SkillLevel.INTERMEDIATE Spinal compression: SpinalCompression.LOW Tier: MovementTier.BRONZE Metabolic demand: MetabolicDemand.ANABOLIC Metric type: MetricType.REPS Equipment: dumbbell Description: Imported during migration"
537,Seated Leg Raise,core,core,full body,low,beginner,true,false,false,reps,Imported during migration,,,1,1,1,24,low,bronze,anabolic,,"Movement: Seated Leg Raise Pattern: MovementPattern.CORE Primary muscle: PrimaryMuscle.CORE Primary region: PrimaryRegion.FULL_BODY Characteristics: compound=True, unilateral=False, complex_lift=False CNS load: CNSLoad.LOW Skill level: SkillLevel.BEGINNER Spinal compression: SpinalCompression.LOW Tier: MovementTier.BRONZE Metabolic demand: MetabolicDemand.ANABOLIC Metric type: MetricType.REPS Equipment: none Description: Imported during migration"
538,Row,horizontal_pull,lats,posterior upper,moderate,intermediate,true,false,false,reps,Imported during migration,,,1,1,1,24,low,bronze,anabolic,,"Movement: Row Pattern: MovementPattern.HORIZONTAL_PULL Primary muscle: PrimaryMuscle.LATS Primary region: PrimaryRegion.POSTERIOR_UPPER Characteristics: compound=True, unilateral=False, complex_lift=False CNS load: CNSLoad.MODERATE Skill level: SkillLevel.INTERMEDIATE Spinal compression: SpinalCompression.LOW Tier: MovementTier.BRONZE Metabolic demand: MetabolicDemand.ANABOLIC Metric type: MetricType.REPS Equipment: machine Description: Imported during migration"
543,Doorway Stretch,mobility,chest,upper body,low,beginner,true,false,false,reps,Imported during migration,,,1,1,1,24,low,bronze,anabolic,,"Movement: Doorway Stretch Pattern: MovementPattern.MOBILITY Primary muscle: PrimaryMuscle.CHEST Primary region: PrimaryRegion.UPPER_BODY Characteristics: compound=True, unilateral=False, complex_lift=False CNS load: CNSLoad.LOW Skill level: SkillLevel.BEGINNER Spinal compression: SpinalCompression.LOW Tier: MovementTier.BRONZE Metabolic demand: MetabolicDemand.ANABOLIC Metric type: MetricType.REPS Equipment: none Description: Imported during migration"
544,One-Arm Kettlebell Military Press To The Side,vertical_push,side_delts,shoulder,moderate,intermediate,true,false,false,reps,Imported during migration,,,1,1,1,24,low,bronze,anabolic,,"Movement: One-Arm Kettlebell Military Press To The Side Pattern: MovementPattern.VERTICAL_PUSH Primary muscle: PrimaryMuscle.SIDE_DELTS Primary region: PrimaryRegion.SHOULDER Characteristics: compound=True, unilateral=False, complex_lift=False CNS load: CNSLoad.MODERATE Skill level: SkillLevel.INTERMEDIATE Spinal compression: SpinalCompression.LOW Tier: MovementTier.BRONZE Metabolic demand: MetabolicDemand.ANABOLIC Metric type: MetricType.REPS Equipment: kettlebell Description: Imported during migration"
545,Rest,mobility,full_body,full body,low,beginner,true,false,false,reps,Imported during migration,,,1,1,1,24,low,bronze,anabolic,,"Movement: Rest Pattern: MovementPattern.MOBILITY Primary muscle: PrimaryMuscle.FULL_BODY Primary region: PrimaryRegion.FULL_BODY Characteristics: compound=True, unilateral=False, complex_lift=False CNS load: CNSLoad.LOW Skill level: SkillLevel.BEGINNER Spinal compression: SpinalCompression.LOW Tier: MovementTier.BRONZE Metabolic demand: MetabolicDemand.ANABOLIC Metric type: MetricType.REPS Equipment: none Description: Imported during migration"
546,Snatch Balance,olympic,quadriceps,anterior lower,very_high,expert,true,true,false,reps,,snatch,,1,1,1,24,low,bronze,anabolic,{},"Movement: Snatch Balance Pattern: MovementPattern.OLYMPIC Primary muscle: PrimaryMuscle.QUADRICEPS Primary region: PrimaryRegion.ANTERIOR_LOWER Characteristics: compound=True, unilateral=False, complex_lift=True CNS load: CNSLoad.VERY_HIGH Skill level: SkillLevel.EXPERT Spinal compression: SpinalCompression.LOW Tier: MovementTier.BRONZE Metabolic demand: MetabolicDemand.ANABOLIC Metric type: MetricType.REPS Substitution group: snatch"
229,Peroneals-SMR,mobility,calves,posterior lower,moderate,intermediate,false,false,false,reps,,peroneals_smr,,0.4,0.6,0.4,24,none,bronze,anabolic,,"Movement: Peroneals-SMR Pattern: MovementPattern.MOBILITY Primary muscle: PrimaryMuscle.CALVES Primary region: PrimaryRegion.POSTERIOR_LOWER Characteristics: compound=False, unilateral=False, complex_lift=False CNS load: CNSLoad.MODERATE Skill level: SkillLevel.INTERMEDIATE Spinal compression: SpinalCompression.NONE Tier: MovementTier.BRONZE Metabolic demand: MetabolicDemand.ANABOLIC Metric type: MetricType.REPS Equipment: foam roll Tags: stretching, mobility Substitution group: peroneals_smr Coaching cues: Lay on your side, supporting your weight on your forearm and on a foam roller placed on the outside of your lower leg. Your upper leg can either be on top of your lower leg, or you can cross it in front of you. This will be your starting position. | Raise your hips off of the ground and begin to roll from below the knee to above the ankle on the side of your leg, pausing at points of tension for 10-30 seconds. Repeat on the other leg."
40,Pallof Press,rotation,core,anterior upper,low,beginner,false,false,true,reps,,anti_rotation,,0.19999999999999998,0.5,0.30000000000000004,12,none,bronze,anabolic,,"Movement: Pallof Press Pattern: MovementPattern.ROTATION Primary muscle: PrimaryMuscle.CORE Primary region: PrimaryRegion.ANTERIOR_UPPER Characteristics: compound=False, unilateral=True, complex_lift=False CNS load: CNSLoad.LOW Skill level: SkillLevel.BEGINNER Spinal compression: SpinalCompression.NONE Tier: MovementTier.BRONZE Metabolic demand: MetabolicDemand.ANABOLIC Metric type: MetricType.REPS Equipment: cable, band Tags: athleticism, rehabilitation Substitution group: anti_rotation"
547,Tall Clean,olympic,quadriceps,anterior lower,very_high,expert,true,true,false,reps,,clean,,1,1,1,24,low,bronze,anabolic,{},"Movement: Tall Clean Pattern: MovementPattern.OLYMPIC Primary muscle: PrimaryMuscle.QUADRICEPS Primary region: PrimaryRegion.ANTERIOR_LOWER Characteristics: compound=True, unilateral=False, complex_lift=True CNS load: CNSLoad.VERY_HIGH Skill level: SkillLevel.EXPERT Spinal compression: SpinalCompression.LOW Tier: MovementTier.BRONZE Metabolic demand: MetabolicDemand.ANABOLIC Metric type: MetricType.REPS Substitution group: clean"
548,Tuck Planche,isometric,front_delts,anterior upper,moderate,advanced,true,false,false,time,,planche,,1,1,1,24,low,bronze,anabolic,{},"Movement: Tuck Planche Pattern: MovementPattern.ISOMETRIC Primary muscle: PrimaryMuscle.FRONT_DELTS Primary region: PrimaryRegion.ANTERIOR_UPPER Characteristics: compound=True, unilateral=False, complex_lift=False CNS load: CNSLoad.MODERATE Skill level: SkillLevel.ADVANCED Spinal compression: SpinalCompression.LOW Tier: MovementTier.BRONZE Metabolic demand: MetabolicDemand.ANABOLIC Metric type: MetricType.TIME Substitution group: planche"
549,Straddle Planche,isometric,front_delts,anterior upper,high,expert,true,false,false,time,,planche,,1,1,1,24,low,bronze,anabolic,{},"Movement: Straddle Planche Pattern: MovementPattern.ISOMETRIC Primary muscle: PrimaryMuscle.FRONT_DELTS Primary region: PrimaryRegion.ANTERIOR_UPPER Characteristics: compound=True, unilateral=False, complex_lift=False CNS load: CNSLoad.HIGH Skill level: SkillLevel.EXPERT Spinal compression: SpinalCompression.LOW Tier: MovementTier.BRONZE Metabolic demand: MetabolicDemand.ANABOLIC Metric type: MetricType.TIME Substitution group: planche"
557,Hip PAILs/RAILs,mobility,hip_flexors,anterior lower,very_low,intermediate,true,false,false,time,,hip_pails_rails,,1,1,1,24,low,bronze,anabolic,{},"Movement: Hip PAILs/RAILs Pattern: MovementPattern.MOBILITY Primary muscle: PrimaryMuscle.HIP_FLEXORS Primary region: PrimaryRegion.ANTERIOR_LOWER Characteristics: compound=True, unilateral=False, complex_lift=False CNS load: CNSLoad.VERY_LOW Skill level: SkillLevel.INTERMEDIATE Spinal compression: SpinalCompression.LOW Tier: MovementTier.BRONZE Metabolic demand: MetabolicDemand.ANABOLIC Metric type: MetricType.TIME Substitution group: hip_pails_rails"
558,Shoulder PAILs/RAILs,mobility,front_delts,anterior upper,very_low,intermediate,true,false,false,time,,shoulder_pails_rails,,1,1,1,24,low,bronze,anabolic,{},"Movement: Shoulder PAILs/RAILs Pattern: MovementPattern.MOBILITY Primary muscle: PrimaryMuscle.FRONT_DELTS Primary region: PrimaryRegion.ANTERIOR_UPPER Characteristics: compound=True, unilateral=False, complex_lift=False CNS load: CNSLoad.VERY_LOW Skill level: SkillLevel.INTERMEDIATE Spinal compression: SpinalCompression.LOW Tier: MovementTier.BRONZE Metabolic demand: MetabolicDemand.ANABOLIC Metric type: MetricType.TIME Substitution group: shoulder_pails_rails"
559,Hamstring PAILs/RAILs,mobility,hamstrings,posterior lower,very_low,intermediate,true,false,false,time,,hamstring_pails_rails,,1,1,1,24,low,bronze,anabolic,{},"Movement: Hamstring PAILs/RAILs Pattern: MovementPattern.MOBILITY Primary muscle: PrimaryMuscle.HAMSTRINGS Primary region: PrimaryRegion.POSTERIOR_LOWER Characteristics: compound=True, unilateral=False, complex_lift=False CNS load: CNSLoad.VERY_LOW Skill level: SkillLevel.INTERMEDIATE Spinal compression: SpinalCompression.LOW Tier: MovementTier.BRONZE Metabolic demand: MetabolicDemand.ANABOLIC Metric type: MetricType.TIME Substitution group: hamstring_pails_rails"
560,Thoracic PAILs/RAILs,mobility,upper_back,posterior upper,very_low,intermediate,true,false,false,time,,thoracic_pails_rails,,1,1,1,24,low,bronze,anabolic,{},"Movement: Thoracic PAILs/RAILs Pattern: MovementPattern.MOBILITY Primary muscle: PrimaryMuscle.UPPER_BACK Primary region: PrimaryRegion.POSTERIOR_UPPER Characteristics: compound=True, unilateral=False, complex_lift=False CNS load: CNSLoad.VERY_LOW Skill level: SkillLevel.INTERMEDIATE Spinal compression: SpinalCompression.LOW Tier: MovementTier.BRONZE Metabolic demand: MetabolicDemand.ANABOLIC Metric type: MetricType.TIME Substitution group: thoracic_pails_rails"
13,Barbell Bench Press,horizontal_push,chest,anterior upper,high,intermediate,true,false,false,reps,,bench_press,,0.7999999999999999,0.95,0.4,48,none,diamond,metabolic,"{""pattern"": ""horizontal_push"", ""cns_load"": ""high"", ""lumbar_shear"": ""low"", ""concentric_power"": ""high"", ""stability_demand"": ""moderate"", ""eccentric_control"": ""moderate"", ""primary_mechanism"": ""elbow_extension_shoulder_flexion"", ""spinal_compression"": ""moderate"", ""movement_complexity"": ""moderate""}","Movement: Barbell Bench Press Pattern: MovementPattern.HORIZONTAL_PUSH Primary muscle: PrimaryMuscle.CHEST Primary region: PrimaryRegion.ANTERIOR_UPPER Characteristics: compound=True, unilateral=False, complex_lift=False CNS load: CNSLoad.HIGH Skill level: SkillLevel.INTERMEDIATE Spinal compression: SpinalCompression.NONE Tier: MovementTier.DIAMOND Metabolic demand: MetabolicDemand.METABOLIC Metric type: MetricType.REPS Equipment: barbell, bench Tags: strength, compound, fundamental, chest_dominant, upper_body Disciplines: powerlifting Substitution group: bench_press Biomechanics: pattern=horizontal_push, cns_load=high, lumbar_shear=low, concentric_power=high, stability_demand=moderate, eccentric_control=moderate, primary_mechanism=elbow_extension_shoulder_flexion, spinal_compression=moderate, movement_complexity=moderate"
26,Pull-Up,vertical_pull,lats,posterior upper,moderate,intermediate,true,false,false,reps,,pull_up,,0.6,0.8,0.4,48,none,gold,metabolic,"{""pattern"": ""vertical_pull"", ""cns_load"": ""moderate"", ""lumbar_shear"": ""low"", ""concentric_power"": ""moderate"", ""stability_demand"": ""moderate"", ""eccentric_control"": ""high"", ""primary_mechanism"": ""elbow_flexion_shoulder_extension"", ""spinal_compression"": ""low"", ""movement_complexity"": ""moderate""}","Movement: Pull-Up Pattern: MovementPattern.VERTICAL_PULL Primary muscle: PrimaryMuscle.LATS Primary region: PrimaryRegion.POSTERIOR_UPPER Characteristics: compound=True, unilateral=False, complex_lift=False CNS load: CNSLoad.MODERATE Skill level: SkillLevel.INTERMEDIATE Spinal compression: SpinalCompression.NONE Tier: MovementTier.GOLD Metabolic demand: MetabolicDemand.METABOLIC Metric type: MetricType.REPS Equipment: none, pull_up_bar Tags: strength, compound, upper_body, back_dominant, bodyweight Disciplines: calisthenics, bodybuilding Substitution group: pull_up Biomechanics: pattern=vertical_pull, cns_load=moderate, lumbar_shear=low, concentric_power=moderate, stability_demand=moderate, eccentric_control=high, primary_mechanism=elbow_flexion_shoulder_extension, spinal_compression=low, movement_complexity=moderate"
294,Standing Toe Touches,mobility,hamstrings,posterior lower,moderate,intermediate,false,false,false,reps,,toe_touches,,0.4,0.6,0.4,24,none,bronze,anabolic,,"Movement: Standing Toe Touches Pattern: MovementPattern.MOBILITY Primary muscle: PrimaryMuscle.HAMSTRINGS Primary region: PrimaryRegion.POSTERIOR_LOWER Characteristics: compound=False, unilateral=False, complex_lift=False CNS load: CNSLoad.MODERATE Skill level: SkillLevel.INTERMEDIATE Spinal compression: SpinalCompression.NONE Tier: MovementTier.BRONZE Metabolic demand: MetabolicDemand.ANABOLIC Metric type: MetricType.REPS Equipment: none Tags: stretching, mobility Substitution group: toe_touches Coaching cues: Stand with some space in front and behind you. | Bend at the waist, keeping your legs straight, until you can relax and let your upper body hang down in front of you. Let your arms and hands hang down naturally. Hold for 10 to 20 seconds."
216,Oblique Crunches,core,core,full body,moderate,intermediate,false,false,false,time,,oblique_crunches,,0.4,0.6,0.4,24,none,bronze,anabolic,,"Movement: Oblique Crunches Pattern: MovementPattern.CORE Primary muscle: PrimaryMuscle.CORE Primary region: PrimaryRegion.FULL_BODY Characteristics: compound=False, unilateral=False, complex_lift=False CNS load: CNSLoad.MODERATE Skill level: SkillLevel.INTERMEDIATE Spinal compression: SpinalCompression.NONE Tier: MovementTier.BRONZE Metabolic demand: MetabolicDemand.ANABOLIC Metric type: MetricType.TIME Equipment: none Tags: strength Substitution group: oblique_crunches Coaching cues: Lie flat on the floor with your lower back pressed to the ground. For this exercise, you will need to put one hand beside your head and the other to the side against the floor. | Make sure your feet are elevated and resting on a flat surface. | Now lift the shoulder in which your hand is touching your head. | Simply elevate your shoulder and body upward until you touch your knee. For example, if you have your right hand besides your head, then you want to elevate your body upwards until your right elbow touches your left knee. The same variation can be applied doing the inverse and using your left elbow to touch your right knee. | After your knee touches your elbow, lower your body until you have reached the starting position. | Remember to breathe in during the eccentric (lowering) part of the exercise and to breathe out during the concentric (upward) part of the exercise. | Continue alternating in this manner until all of the recommended repetitions for each side have been completed."
4,Pistol Squat,squat,quadriceps,anterior lower,moderate,expert,true,false,true,reps,,squat_unilateral,,0.6,0.8,0.9,48,none,bronze,anabolic,,"Movement: Pistol Squat Pattern: MovementPattern.SQUAT Primary muscle: PrimaryMuscle.QUADRICEPS Primary region: PrimaryRegion.ANTERIOR_LOWER Characteristics: compound=True, unilateral=True, complex_lift=False CNS load: CNSLoad.MODERATE Skill level: SkillLevel.EXPERT Spinal compression: SpinalCompression.NONE Tier: MovementTier.BRONZE Metabolic demand: MetabolicDemand.ANABOLIC Metric type: MetricType.REPS Equipment: none Tags: athleticism Disciplines: calisthenics Substitution group: squat_unilateral"
27,Chin-Up,vertical_pull,lats,posterior upper,moderate,intermediate,true,false,false,reps,,pull_up,,0.6,0.8,0.4,48,none,gold,metabolic,"{""pattern"": ""vertical_pull"", ""cns_load"": ""moderate"", ""lumbar_shear"": ""low"", ""concentric_power"": ""moderate"", ""stability_demand"": ""moderate"", ""eccentric_control"": ""high"", ""primary_mechanism"": ""elbow_flexion_shoulder_extension"", ""spinal_compression"": ""low"", ""movement_complexity"": ""moderate""}","Movement: Chin-Up Pattern: MovementPattern.VERTICAL_PULL Primary muscle: PrimaryMuscle.LATS Primary region: PrimaryRegion.POSTERIOR_UPPER Characteristics: compound=True, unilateral=False, complex_lift=False CNS load: CNSLoad.MODERATE Skill level: SkillLevel.INTERMEDIATE Spinal compression: SpinalCompression.NONE Tier: MovementTier.GOLD Metabolic demand: MetabolicDemand.METABOLIC Metric type: MetricType.REPS Equipment: none, pull_up_bar Tags: strength, compound, upper_body, back_dominant, bodyweight, supinated_grip Disciplines: calisthenics Substitution group: pull_up Biomechanics: pattern=vertical_pull, cns_load=moderate, lumbar_shear=low, concentric_power=moderate, stability_demand=moderate, eccentric_control=high, primary_mechanism=elbow_flexion_shoulder_extension, spinal_compression=low, movement_complexity=moderate"
22,Barbell Row,horizontal_pull,lats,posterior upper,high,intermediate,true,false,false,reps,,row_bilateral,,0.7999999999999999,0.95,0.4,48,none,gold,metabolic,"{""pattern"": ""horizontal_pull"", ""cns_load"": ""high"", ""lumbar_shear"": ""moderate"", ""concentric_power"": ""moderate"", ""stability_demand"": ""high"", ""eccentric_control"": ""high"", ""primary_mechanism"": ""elbow_flexion_shoulder_extension"", ""spinal_compression"": ""high"", ""movement_complexity"": ""high""}","Movement: Barbell Row Pattern: MovementPattern.HORIZONTAL_PULL Primary muscle: PrimaryMuscle.LATS Primary region: PrimaryRegion.POSTERIOR_UPPER Characteristics: compound=True, unilateral=False, complex_lift=False CNS load: CNSLoad.HIGH Skill level: SkillLevel.INTERMEDIATE Spinal compression: SpinalCompression.NONE Tier: MovementTier.GOLD Metabolic demand: MetabolicDemand.METABOLIC Metric type: MetricType.REPS Equipment: barbell Tags: strength, compound, fundamental, upper_body, back_dominant Disciplines: powerlifting Substitution group: row_bilateral Biomechanics: pattern=horizontal_pull, cns_load=high, lumbar_shear=moderate, concentric_power=moderate, stability_demand=high, eccentric_control=high, primary_mechanism=elbow_flexion_shoulder_extension, spinal_compression=high, movement_complexity=high"
18,Overhead Press,vertical_push,front_delts,shoulder,high,intermediate,true,false,false,reps,,ohp,,0.7999999999999999,0.95,0.4,48,none,gold,metabolic,"{""pattern"": ""vertical_push"", ""cns_load"": ""moderate"", ""lumbar_shear"": ""low"", ""concentric_power"": ""moderate"", ""stability_demand"": ""moderate"", ""eccentric_control"": ""moderate"", ""primary_mechanism"": ""elbow_extension_shoulder_abduction"", ""spinal_compression"": ""moderate"", ""movement_complexity"": ""moderate""}","Movement: Overhead Press Pattern: MovementPattern.VERTICAL_PUSH Primary muscle: PrimaryMuscle.FRONT_DELTS Primary region: PrimaryRegion.SHOULDER Characteristics: compound=True, unilateral=False, complex_lift=False CNS load: CNSLoad.HIGH Skill level: SkillLevel.INTERMEDIATE Spinal compression: SpinalCompression.NONE Tier: MovementTier.GOLD Metabolic demand: MetabolicDemand.METABOLIC Metric type: MetricType.REPS Equipment: barbell Tags: strength, compound, upper_body, shoulder_dominant Disciplines: powerlifting Substitution group: ohp Biomechanics: pattern=vertical_push, cns_load=moderate, lumbar_shear=low, concentric_power=moderate, stability_demand=moderate, eccentric_control=moderate, primary_mechanism=elbow_extension_shoulder_abduction, spinal_compression=moderate, movement_complexity=moderate"
30,Clean,olympic,full_body,full body,very_high,expert,true,true,false,reps,,clean,,1,1,1,72,none,gold,neural,"{""pattern"": ""olympic"", ""cns_load"": ""very_high"", ""lumbar_shear"": ""moderate"", ""concentric_power"": ""very_high"", ""stability_demand"": ""very_high"", ""eccentric_control"": ""very_low"", ""primary_mechanism"": ""triple_extension"", ""spinal_compression"": ""high"", ""movement_complexity"": ""very_high""}","Movement: Clean Pattern: MovementPattern.OLYMPIC Primary muscle: PrimaryMuscle.FULL_BODY Primary region: PrimaryRegion.FULL_BODY Characteristics: compound=True, unilateral=False, complex_lift=True CNS load: CNSLoad.VERY_HIGH Skill level: SkillLevel.EXPERT Spinal compression: SpinalCompression.NONE Tier: MovementTier.GOLD Metabolic demand: MetabolicDemand.NEURAL Metric type: MetricType.REPS Equipment: barbell Tags: athleticism, olympic, olympic_lifting, full_body, explosive, power Substitution group: clean Biomechanics: pattern=olympic, cns_load=very_high, lumbar_shear=moderate, concentric_power=very_high, stability_demand=very_high, eccentric_control=very_low, primary_mechanism=triple_extension, spinal_compression=high, movement_complexity=very_high"
5,Bulgarian Split Squat,lunge,quadriceps,anterior lower,moderate,intermediate,true,false,true,reps,,lunge,,0.6,0.8,0.5,48,none,bronze,anabolic,,"Movement: Bulgarian Split Squat Pattern: MovementPattern.LUNGE Primary muscle: PrimaryMuscle.QUADRICEPS Primary region: PrimaryRegion.ANTERIOR_LOWER Characteristics: compound=True, unilateral=True, complex_lift=False CNS load: CNSLoad.MODERATE Skill level: SkillLevel.INTERMEDIATE Spinal compression: SpinalCompression.NONE Tier: MovementTier.BRONZE Metabolic demand: MetabolicDemand.ANABOLIC Metric type: MetricType.REPS Equipment: none, barbell, dumbbell Tags: strength, hypertrophy Substitution group: lunge"
369,Upper Back-Leg Grab,mobility,hamstrings,posterior lower,moderate,intermediate,false,false,false,reps,,upper_back_leg_grab,,0.4,0.6,0.4,24,none,bronze,anabolic,,"Movement: Upper Back-Leg Grab Pattern: MovementPattern.MOBILITY Primary muscle: PrimaryMuscle.HAMSTRINGS Primary region: PrimaryRegion.POSTERIOR_LOWER Characteristics: compound=False, unilateral=False, complex_lift=False CNS load: CNSLoad.MODERATE Skill level: SkillLevel.INTERMEDIATE Spinal compression: SpinalCompression.NONE Tier: MovementTier.BRONZE Metabolic demand: MetabolicDemand.ANABOLIC Metric type: MetricType.REPS Equipment: none Tags: stretching, mobility Substitution group: upper_back_leg_grab Coaching cues: While seated, bend forward to hug your thighs from underneath with both arms. | Keep your knees together and your legs extended out as you bring your chest down to your knees. You can also stretch your middle back by pulling your back away from your knees as your hugging them."
43,Box Jump,plyometric,quadriceps,anterior lower,high,intermediate,true,false,false,reps,,box_jump,,0.7999999999999999,0.95,0.4,48,none,bronze,anabolic,,"Movement: Box Jump Pattern: MovementPattern.PLYOMETRIC Primary muscle: PrimaryMuscle.QUADRICEPS Primary region: PrimaryRegion.ANTERIOR_LOWER Characteristics: compound=True, unilateral=False, complex_lift=False CNS load: CNSLoad.HIGH Skill level: SkillLevel.INTERMEDIATE Spinal compression: SpinalCompression.NONE Tier: MovementTier.BRONZE Metabolic demand: MetabolicDemand.ANABOLIC Metric type: MetricType.REPS Equipment: plyo_box Tags: athleticism, explosiveness Substitution group: box_jump"
341,Knee Tuck Jump,plyometric,hamstrings,posterior lower,moderate,intermediate,false,false,false,reps,,knee_tuck_jump,,0.4,0.6,0.4,24,none,bronze,anabolic,,"Movement: Knee Tuck Jump Pattern: MovementPattern.PLYOMETRIC Primary muscle: PrimaryMuscle.HAMSTRINGS Primary region: PrimaryRegion.POSTERIOR_LOWER Characteristics: compound=False, unilateral=False, complex_lift=False CNS load: CNSLoad.MODERATE Skill level: SkillLevel.INTERMEDIATE Spinal compression: SpinalCompression.NONE Tier: MovementTier.BRONZE Metabolic demand: MetabolicDemand.ANABOLIC Metric type: MetricType.REPS Equipment: none Tags: plyometrics Substitution group: knee_tuck_jump Coaching cues: Begin in a comfortable standing position with your knees slightly bent. Hold your hands in front of you, palms down with your fingertips together at chest height. This will be your starting position. | Rapidly dip down into a quarter squat and immediately explode upward. Drive the knees towards the chest, attempting to touch them to the palms of the hands. | Jump as high as you can, raising your knees up, and then ensure a good land be re-extending your legs, absorbing impact through be allowing the knees to rebend."
379,Burpees,plyometric,full_body,full body,moderate,intermediate,true,false,false,reps,,,,0.6,0.8,0.4,48,none,bronze,anabolic,,"Movement: Burpees Pattern: MovementPattern.PLYOMETRIC Primary muscle: PrimaryMuscle.FULL_BODY Primary region: PrimaryRegion.FULL_BODY Characteristics: compound=True, unilateral=False, complex_lift=False CNS load: CNSLoad.MODERATE Skill level: SkillLevel.INTERMEDIATE Spinal compression: SpinalCompression.NONE Tier: MovementTier.BRONZE Metabolic demand: MetabolicDemand.ANABOLIC Metric type: MetricType.REPS Disciplines: crossfit"
103,Cable Crunch,core,core,full body,moderate,intermediate,false,false,false,time,Crunch performed with a cable machine,crunch,,0.4,0.6,0.4,24,none,bronze,anabolic,,"Movement: Cable Crunch Pattern: MovementPattern.CORE Primary muscle: PrimaryMuscle.CORE Primary region: PrimaryRegion.FULL_BODY Characteristics: compound=False, unilateral=False, complex_lift=False CNS load: CNSLoad.MODERATE Skill level: SkillLevel.INTERMEDIATE Spinal compression: SpinalCompression.NONE Tier: MovementTier.BRONZE Metabolic demand: MetabolicDemand.ANABOLIC Metric type: MetricType.TIME Equipment: cable Tags: strength Substitution group: crunch Description: Crunch performed with a cable machine Coaching cues: Kneel below a high pulley that contains a rope attachment. | Grasp cable rope attachment and lower the rope until your hands are placed next to your face. | Flex your hips slightly and allow the weight to hyperextend the lower back. This will be your starting position. | With the hips stationary, flex the waist as you contract the abs so that the elbows travel towards the middle of the thighs. Exhale as you perform this portion of the movement and hold the contraction for a second. | Slowly return to the starting position as you inhale. Tip: Make sure that you keep constant tension on the abs throughout the movement. Also, do not choose a weight so heavy that the lower back handles the brunt of the work. | Repeat for the recommended amount of repetitions."
104,Cable Deadlifts,hinge,quadriceps,anterior lower,high,intermediate,true,true,false,reps,,deadlifts,,0.7999999999999999,1,0.6000000000000001,48,none,bronze,anabolic,,"Movement: Cable Deadlifts Pattern: MovementPattern.HINGE Primary muscle: PrimaryMuscle.QUADRICEPS Primary region: PrimaryRegion.ANTERIOR_LOWER Characteristics: compound=True, unilateral=False, complex_lift=True CNS load: CNSLoad.HIGH Skill level: SkillLevel.INTERMEDIATE Spinal compression: SpinalCompression.NONE Tier: MovementTier.BRONZE Metabolic demand: MetabolicDemand.ANABOLIC Metric type: MetricType.REPS Equipment: cable Tags: strength Substitution group: deadlifts Coaching cues: Move the cables to the bottom of the towers and select an appropriate weight. Stand directly in between the uprights. | To begin, squat down be flexing your hips and knees until you can reach the handles. | After grasping them, begin your ascent. Driving through your heels extend your hips and knees keeping your hands hanging at your side. Keep your head and chest up throughout the movement. | After reaching a full standing position, Return to the starting position and repeat."
109,Cable Reverse Crunch,core,core,full body,moderate,intermediate,false,false,false,time,,reverse_crunch,,0.4,0.6,0.4,24,none,bronze,anabolic,,"Movement: Cable Reverse Crunch Pattern: MovementPattern.CORE Primary muscle: PrimaryMuscle.CORE Primary region: PrimaryRegion.FULL_BODY Characteristics: compound=False, unilateral=False, complex_lift=False CNS load: CNSLoad.MODERATE Skill level: SkillLevel.INTERMEDIATE Spinal compression: SpinalCompression.NONE Tier: MovementTier.BRONZE Metabolic demand: MetabolicDemand.ANABOLIC Metric type: MetricType.TIME Equipment: cable Tags: strength Substitution group: reverse_crunch Coaching cues: Connect an ankle strap attachment to a low pulley cable and position a mat on the floor in front of it. | Sit down with your feet toward the pulley and attach the cable to your ankles. | Lie down, elevate your legs and bend your knees at a 90-degree angle. Your legs and the cable should be aligned. If not, adjust the pulley up or down until they are. | With your hands behind your head, bring your knees inward to your torso and elevate your hips off the floor. | Pause for a moment and in a slow and controlled manner drop your hips and bring your legs back to the starting 90-degree angle. You should still have tension on your abs in the resting position. | Repeat the same movement to failure."
16,Push-Up,horizontal_push,chest,anterior upper,low,beginner,true,false,false,reps,,push_up,,0.4,0.8,0.2,24,none,bronze,anabolic,,"Movement: Push-Up Pattern: MovementPattern.HORIZONTAL_PUSH Primary muscle: PrimaryMuscle.CHEST Primary region: PrimaryRegion.ANTERIOR_UPPER Characteristics: compound=True, unilateral=False, complex_lift=False CNS load: CNSLoad.LOW Skill level: SkillLevel.BEGINNER Spinal compression: SpinalCompression.NONE Tier: MovementTier.BRONZE Metabolic demand: MetabolicDemand.ANABOLIC Metric type: MetricType.REPS Equipment: none Tags: endurance Disciplines: calisthenics Substitution group: push_up"
17,Dip,horizontal_push,chest,anterior upper,moderate,intermediate,true,false,false,reps,,dip,,0.6,0.8,0.4,48,none,bronze,anabolic,,"Movement: Dip Pattern: MovementPattern.HORIZONTAL_PUSH Primary muscle: PrimaryMuscle.CHEST Primary region: PrimaryRegion.ANTERIOR_UPPER Characteristics: compound=True, unilateral=False, complex_lift=False CNS load: CNSLoad.MODERATE Skill level: SkillLevel.INTERMEDIATE Spinal compression: SpinalCompression.NONE Tier: MovementTier.BRONZE Metabolic demand: MetabolicDemand.ANABOLIC Metric type: MetricType.REPS Equipment: none, dip_station Tags: strength Disciplines: calisthenics Substitution group: dip"
19,Dumbbell Shoulder Press,vertical_push,front_delts,shoulder,moderate,beginner,true,false,false,reps,,ohp,,0.6,0.8,0.2,48,none,bronze,anabolic,,"Movement: Dumbbell Shoulder Press Pattern: MovementPattern.VERTICAL_PUSH Primary muscle: PrimaryMuscle.FRONT_DELTS Primary region: PrimaryRegion.SHOULDER Characteristics: compound=True, unilateral=False, complex_lift=False CNS load: CNSLoad.MODERATE Skill level: SkillLevel.BEGINNER Spinal compression: SpinalCompression.NONE Tier: MovementTier.BRONZE Metabolic demand: MetabolicDemand.ANABOLIC Metric type: MetricType.REPS Equipment: dumbbell Tags: hypertrophy Substitution group: ohp"
20,Pike Push-Up,vertical_push,front_delts,shoulder,low,intermediate,true,false,false,reps,,pike_press,,0.4,0.8,0.4,24,none,bronze,anabolic,,"Movement: Pike Push-Up Pattern: MovementPattern.VERTICAL_PUSH Primary muscle: PrimaryMuscle.FRONT_DELTS Primary region: PrimaryRegion.SHOULDER Characteristics: compound=True, unilateral=False, complex_lift=False CNS load: CNSLoad.LOW Skill level: SkillLevel.INTERMEDIATE Spinal compression: SpinalCompression.NONE Tier: MovementTier.BRONZE Metabolic demand: MetabolicDemand.ANABOLIC Metric type: MetricType.REPS Equipment: none Disciplines: calisthenics Substitution group: pike_press"
21,Handstand Push-Up,vertical_push,front_delts,shoulder,moderate,elite,true,true,false,reps,,hspu,,0.6,0.8500000000000001,1,48,none,bronze,anabolic,,"Movement: Handstand Push-Up Pattern: MovementPattern.VERTICAL_PUSH Primary muscle: PrimaryMuscle.FRONT_DELTS Primary region: PrimaryRegion.SHOULDER Characteristics: compound=True, unilateral=False, complex_lift=True CNS load: CNSLoad.MODERATE Skill level: SkillLevel.ELITE Spinal compression: SpinalCompression.NONE Tier: MovementTier.BRONZE Metabolic demand: MetabolicDemand.ANABOLIC Metric type: MetricType.REPS Equipment: none Tags: athleticism Disciplines: calisthenics Substitution group: hspu"
37,Plank,isometric,core,anterior upper,very_low,beginner,false,false,false,time,,plank,,0.1,0.5,0.2,12,none,bronze,anabolic,,"Movement: Plank Pattern: MovementPattern.ISOMETRIC Primary muscle: PrimaryMuscle.CORE Primary region: PrimaryRegion.ANTERIOR_UPPER Characteristics: compound=False, unilateral=False, complex_lift=False CNS load: CNSLoad.VERY_LOW Skill level: SkillLevel.BEGINNER Spinal compression: SpinalCompression.NONE Tier: MovementTier.BRONZE Metabolic demand: MetabolicDemand.ANABOLIC Metric type: MetricType.TIME Equipment: none Tags: mobility Disciplines: calisthenics Substitution group: plank"
38,Side Plank,isometric,obliques,anterior upper,very_low,beginner,false,false,true,time,,side_plank,,0.1,0.5,0.30000000000000004,12,none,bronze,anabolic,,"Movement: Side Plank Pattern: MovementPattern.ISOMETRIC Primary muscle: PrimaryMuscle.OBLIQUES Primary region: PrimaryRegion.ANTERIOR_UPPER Characteristics: compound=False, unilateral=True, complex_lift=False CNS load: CNSLoad.VERY_LOW Skill level: SkillLevel.BEGINNER Spinal compression: SpinalCompression.NONE Tier: MovementTier.BRONZE Metabolic demand: MetabolicDemand.ANABOLIC Metric type: MetricType.TIME Equipment: none Tags: mobility Disciplines: calisthenics Substitution group: side_plank"
39,Dead Bug,core,core,anterior upper,very_low,beginner,false,false,false,reps,,dead_bug,,0.1,0.5,0.2,12,none,bronze,anabolic,,"Movement: Dead Bug Pattern: MovementPattern.CORE Primary muscle: PrimaryMuscle.CORE Primary region: PrimaryRegion.ANTERIOR_UPPER Characteristics: compound=False, unilateral=False, complex_lift=False CNS load: CNSLoad.VERY_LOW Skill level: SkillLevel.BEGINNER Spinal compression: SpinalCompression.NONE Tier: MovementTier.BRONZE Metabolic demand: MetabolicDemand.ANABOLIC Metric type: MetricType.REPS Equipment: none Tags: rehabilitation, mobility Substitution group: dead_bug"
59,L-Sit Hold,isometric,core,anterior upper,moderate,expert,true,false,false,time,,l_sit,,0.6,0.8,0.8,48,none,bronze,anabolic,,"Movement: L-Sit Hold Pattern: MovementPattern.ISOMETRIC Primary muscle: PrimaryMuscle.CORE Primary region: PrimaryRegion.ANTERIOR_UPPER Characteristics: compound=True, unilateral=False, complex_lift=False CNS load: CNSLoad.MODERATE Skill level: SkillLevel.EXPERT Spinal compression: SpinalCompression.NONE Tier: MovementTier.BRONZE Metabolic demand: MetabolicDemand.ANABOLIC Metric type: MetricType.TIME Equipment: none, parallettes Disciplines: calisthenics Substitution group: l_sit"
60,Front Lever Hold,isometric,lats,posterior upper,high,elite,true,true,false,time,,front_lever,,0.7999999999999999,1,1,48,none,bronze,anabolic,,"Movement: Front Lever Hold Pattern: MovementPattern.ISOMETRIC Primary muscle: PrimaryMuscle.LATS Primary region: PrimaryRegion.POSTERIOR_UPPER Characteristics: compound=True, unilateral=False, complex_lift=True CNS load: CNSLoad.HIGH Skill level: SkillLevel.ELITE Spinal compression: SpinalCompression.NONE Tier: MovementTier.BRONZE Metabolic demand: MetabolicDemand.ANABOLIC Metric type: MetricType.TIME Equipment: none, pull_up_bar, rings Disciplines: calisthenics Substitution group: front_lever"
34,Farmer's Carry,carry,full_body,full body,moderate,beginner,true,false,false,distance,,carry_bilateral,,0.6,0.8,0.2,48,none,bronze,anabolic,,"Movement: Farmer's Carry Pattern: MovementPattern.CARRY Primary muscle: PrimaryMuscle.FULL_BODY Primary region: PrimaryRegion.FULL_BODY Characteristics: compound=True, unilateral=False, complex_lift=False CNS load: CNSLoad.MODERATE Skill level: SkillLevel.BEGINNER Spinal compression: SpinalCompression.NONE Tier: MovementTier.BRONZE Metabolic demand: MetabolicDemand.ANABOLIC Metric type: MetricType.DISTANCE Equipment: kettlebell, dumbbell, trap_bar Tags: athleticism Disciplines: strongman Substitution group: carry_bilateral"
35,Suitcase Carry,carry,obliques,full body,moderate,beginner,true,false,true,distance,,carry_unilateral,,0.6,0.8,0.30000000000000004,48,none,bronze,anabolic,,"Movement: Suitcase Carry Pattern: MovementPattern.CARRY Primary muscle: PrimaryMuscle.OBLIQUES Primary region: PrimaryRegion.FULL_BODY Characteristics: compound=True, unilateral=True, complex_lift=False CNS load: CNSLoad.MODERATE Skill level: SkillLevel.BEGINNER Spinal compression: SpinalCompression.NONE Tier: MovementTier.BRONZE Metabolic demand: MetabolicDemand.ANABOLIC Metric type: MetricType.DISTANCE Equipment: kettlebell, dumbbell Tags: athleticism Disciplines: strongman Substitution group: carry_unilateral"
36,Overhead Carry,carry,front_delts,full body,moderate,intermediate,true,false,false,distance,,carry_overhead,,0.6,0.8,0.4,48,none,bronze,anabolic,,"Movement: Overhead Carry Pattern: MovementPattern.CARRY Primary muscle: PrimaryMuscle.FRONT_DELTS Primary region: PrimaryRegion.FULL_BODY Characteristics: compound=True, unilateral=False, complex_lift=False CNS load: CNSLoad.MODERATE Skill level: SkillLevel.INTERMEDIATE Spinal compression: SpinalCompression.NONE Tier: MovementTier.BRONZE Metabolic demand: MetabolicDemand.ANABOLIC Metric type: MetricType.DISTANCE Equipment: kettlebell, barbell, dumbbell Tags: mobility Disciplines: strongman Substitution group: carry_overhead"
63,Sled Push,carry,quadriceps,anterior lower,high,beginner,true,false,false,distance,,sled_push,,0.7999999999999999,0.95,0.2,48,none,bronze,anabolic,,"Movement: Sled Push Pattern: MovementPattern.CARRY Primary muscle: PrimaryMuscle.QUADRICEPS Primary region: PrimaryRegion.ANTERIOR_LOWER Characteristics: compound=True, unilateral=False, complex_lift=False CNS load: CNSLoad.HIGH Skill level: SkillLevel.BEGINNER Spinal compression: SpinalCompression.NONE Tier: MovementTier.BRONZE Metabolic demand: MetabolicDemand.ANABOLIC Metric type: MetricType.DISTANCE Equipment: sled Tags: athleticism Disciplines: strongman Substitution group: sled_push"
77,Around The Worlds,isolation,chest,anterior upper,moderate,intermediate,false,false,false,reps,,around_the_worlds,,0.4,0.6,0.4,24,none,bronze,anabolic,,"Movement: Around The Worlds Pattern: MovementPattern.ISOLATION Primary muscle: PrimaryMuscle.CHEST Primary region: PrimaryRegion.ANTERIOR_UPPER Characteristics: compound=False, unilateral=False, complex_lift=False CNS load: CNSLoad.MODERATE Skill level: SkillLevel.INTERMEDIATE Spinal compression: SpinalCompression.NONE Tier: MovementTier.BRONZE Metabolic demand: MetabolicDemand.ANABOLIC Metric type: MetricType.REPS Equipment: dumbbell Tags: strength Disciplines: bodybuilding Substitution group: around_the_worlds Coaching cues: Lay down on a flat bench holding a dumbbell in each hand with the palms of the hands facing towards the ceiling. Tip: Your arms should be parallel to the floor and next to your thighs. To avoid injury, make sure that you keep your elbows slightly bent. This will be your starting position. | Now move the dumbbells by creating a semi-circle as you displace them from the initial position to over the head. All of the movement should happen with the arms parallel to the floor at all times. Breathe in as you perform this portion of the movement. | Reverse the movement to return the weight to the starting position as you exhale."
78,Atlas Stone Trainer,isolation,lower_back,posterior lower,moderate,intermediate,false,false,false,reps,,atlas_stone_trainer,,0.4,0.6,0.4,24,none,bronze,anabolic,,"Movement: Atlas Stone Trainer Pattern: MovementPattern.ISOLATION Primary muscle: PrimaryMuscle.LOWER_BACK Primary region: PrimaryRegion.POSTERIOR_LOWER Characteristics: compound=False, unilateral=False, complex_lift=False CNS load: CNSLoad.MODERATE Skill level: SkillLevel.INTERMEDIATE Spinal compression: SpinalCompression.NONE Tier: MovementTier.BRONZE Metabolic demand: MetabolicDemand.ANABOLIC Metric type: MetricType.REPS Equipment: other Disciplines: strongman, powerlifting, bodybuilding Substitution group: atlas_stone_trainer Coaching cues: This trainer is effective for developing Atlas Stone strength for those who don't have access to stones, and are typically made from bar ends or heavy pipe. | Begin by loading the desired weight onto the bar. Straddle the weight, wrapping your arms around the implement, bending at the hips. | Begin by pulling the weight up past the knees, extending through the hips. As the weight clears the knees, it can be lapped by resting it on your thighs and sitting back, hugging it tightly to your chest. | Finish the movement by extending through your hips and knees to raise the weight as high as possible. The weight can be returned to the lap or to the ground for successive repetitions."
93,Bicycling,cardio,quadriceps,anterior lower,low,intermediate,false,false,false,time,,bicycling,,0.19999999999999998,0.5,0.4,12,none,bronze,anabolic,,"Movement: Bicycling Pattern: MovementPattern.CARDIO Primary muscle: PrimaryMuscle.QUADRICEPS Primary region: PrimaryRegion.ANTERIOR_LOWER Characteristics: compound=False, unilateral=False, complex_lift=False CNS load: CNSLoad.LOW Skill level: SkillLevel.INTERMEDIATE Spinal compression: SpinalCompression.NONE Tier: MovementTier.BRONZE Metabolic demand: MetabolicDemand.ANABOLIC Metric type: MetricType.TIME Equipment: other Tags: cardio Substitution group: bicycling Coaching cues: To begin, seat yourself on the bike and adjust the seat to your height."
408,Wall Ball,squat,full_body,full body,moderate,intermediate,true,false,false,reps,,,,0.6,0.8,0.4,48,none,bronze,anabolic,,"Movement: Wall Ball Pattern: MovementPattern.SQUAT Primary muscle: PrimaryMuscle.FULL_BODY Primary region: PrimaryRegion.FULL_BODY Characteristics: compound=True, unilateral=False, complex_lift=False CNS load: CNSLoad.MODERATE Skill level: SkillLevel.INTERMEDIATE Spinal compression: SpinalCompression.NONE Tier: MovementTier.BRONZE Metabolic demand: MetabolicDemand.ANABOLIC Metric type: MetricType.REPS Equipment: wall_ball Tags: crossfit, athletic Disciplines: crossfit"
95,Bodyweight Flyes,isolation,chest,anterior upper,moderate,intermediate,false,false,false,reps,,flyes,,0.4,0.6,0.4,24,none,bronze,anabolic,,"Movement: Bodyweight Flyes Pattern: MovementPattern.ISOLATION Primary muscle: PrimaryMuscle.CHEST Primary region: PrimaryRegion.ANTERIOR_UPPER Characteristics: compound=False, unilateral=False, complex_lift=False CNS load: CNSLoad.MODERATE Skill level: SkillLevel.INTERMEDIATE Spinal compression: SpinalCompression.NONE Tier: MovementTier.BRONZE Metabolic demand: MetabolicDemand.ANABOLIC Metric type: MetricType.REPS Equipment: ez curl bar Tags: strength Disciplines: bodybuilding Substitution group: flyes Coaching cues: Position two equally loaded EZ bars on the ground next to each other. Ensure they are able to roll. | Assume a push-up position over the bars, supporting your weight on your toes and hands with your arms extended and body straight. | Place your hands on the bars. This will be your starting position. | Using a slow and controlled motion, move your hands away from the midline of your body, rolling the bars apart. Inhale during this portion of the motion. | After moving the bars as far apart as you can, return to the starting position by pulling them back together. Exhale as you perform this movement."
98,Brachialis-SMR,mobility,biceps,anterior upper,moderate,intermediate,false,false,false,reps,,brachialis_smr,,0.4,0.6,0.4,24,none,bronze,anabolic,,"Movement: Brachialis-SMR Pattern: MovementPattern.MOBILITY Primary muscle: PrimaryMuscle.BICEPS Primary region: PrimaryRegion.ANTERIOR_UPPER Characteristics: compound=False, unilateral=False, complex_lift=False CNS load: CNSLoad.MODERATE Skill level: SkillLevel.INTERMEDIATE Spinal compression: SpinalCompression.NONE Tier: MovementTier.BRONZE Metabolic demand: MetabolicDemand.ANABOLIC Metric type: MetricType.REPS Equipment: foam roll Tags: stretching, mobility Substitution group: brachialis_smr Coaching cues: Lie on your side, with your upper arm against the foam roller. The upper arm should be more or less aligned with your body, with the outside of the bicep pressed against the foam roller. | Raise your hips off of the floor, supporting your weight on your arm and on your feet. Hold for 10-30 seconds, and then switch sides."
389,Run,cardio,hamstrings,posterior lower,moderate,intermediate,true,false,false,distance,,,,0.6,0.8,0.4,48,none,bronze,anabolic,,"Movement: Run Pattern: MovementPattern.CARDIO Primary muscle: PrimaryMuscle.HAMSTRINGS Primary region: PrimaryRegion.POSTERIOR_LOWER Characteristics: compound=True, unilateral=False, complex_lift=False CNS load: CNSLoad.MODERATE Skill level: SkillLevel.INTERMEDIATE Spinal compression: SpinalCompression.NONE Tier: MovementTier.BRONZE Metabolic demand: MetabolicDemand.ANABOLIC Metric type: MetricType.DISTANCE Tags: cardio"
118,Carioca Quick Step,isolation,adductors,lower body,moderate,intermediate,false,false,false,reps,,carioca_quick_step,,0.4,0.6,0.4,24,none,bronze,anabolic,,"Movement: Carioca Quick Step Pattern: MovementPattern.ISOLATION Primary muscle: PrimaryMuscle.ADDUCTORS Primary region: PrimaryRegion.LOWER_BODY Characteristics: compound=False, unilateral=False, complex_lift=False CNS load: CNSLoad.MODERATE Skill level: SkillLevel.INTERMEDIATE Spinal compression: SpinalCompression.NONE Tier: MovementTier.BRONZE Metabolic demand: MetabolicDemand.ANABOLIC Metric type: MetricType.REPS Equipment: none Tags: plyometrics Disciplines: bodybuilding Substitution group: carioca_quick_step Coaching cues: Begin with your feet a few inches apart and your left arm up in a relaxed, athletic position. | With your right foot, quick step behind and pull the knee up. | Fire your arms back up when you pull the right knee, being sure that your knee goes straight up and down. Avoid turning your feet as you move and continue to look forward as you move to the side."
119,Catch and Overhead Throw,horizontal_pull,lats,posterior upper,moderate,intermediate,true,false,false,time,,catch_and_overhead_throw,,0.6,0.8,0.4,48,none,bronze,anabolic,,"Movement: Catch and Overhead Throw Pattern: MovementPattern.HORIZONTAL_PULL Primary muscle: PrimaryMuscle.LATS Primary region: PrimaryRegion.POSTERIOR_UPPER Characteristics: compound=True, unilateral=False, complex_lift=False CNS load: CNSLoad.MODERATE Skill level: SkillLevel.INTERMEDIATE Spinal compression: SpinalCompression.NONE Tier: MovementTier.BRONZE Metabolic demand: MetabolicDemand.ANABOLIC Metric type: MetricType.TIME Equipment: medicine_ball Tags: plyometrics Substitution group: catch_and_overhead_throw Coaching cues: Begin standing while facing a wall or a partner. | Using both hands, position the ball behind your head, stretching as much as possible, and forcefully throw the ball forward. | Ensure that you follow your throw through, being prepared to receive your rebound from your throw. If you are throwing against the wall, make sure that you stand close enough to the wall to receive the rebound, and aim a little higher than you would with a partner."
412,Sandbag Carry,carry,full_body,full body,moderate,intermediate,true,false,false,reps,,,,0.6,0.8,0.4,48,none,bronze,anabolic,,"Movement: Sandbag Carry Pattern: MovementPattern.CARRY Primary muscle: PrimaryMuscle.FULL_BODY Primary region: PrimaryRegion.FULL_BODY Characteristics: compound=True, unilateral=False, complex_lift=False CNS load: CNSLoad.MODERATE Skill level: SkillLevel.INTERMEDIATE Spinal compression: SpinalCompression.NONE Tier: MovementTier.BRONZE Metabolic demand: MetabolicDemand.ANABOLIC Metric type: MetricType.REPS Equipment: sandbag Tags: crossfit Disciplines: crossfit"
130,Crucifix,isolation,full_body,full body,moderate,intermediate,false,false,false,reps,,crucifix,,0.4,0.6,0.4,24,none,bronze,anabolic,,"Movement: Crucifix Pattern: MovementPattern.ISOLATION Primary muscle: PrimaryMuscle.FULL_BODY Primary region: PrimaryRegion.FULL_BODY Characteristics: compound=False, unilateral=False, complex_lift=False CNS load: CNSLoad.MODERATE Skill level: SkillLevel.INTERMEDIATE Spinal compression: SpinalCompression.NONE Tier: MovementTier.BRONZE Metabolic demand: MetabolicDemand.ANABOLIC Metric type: MetricType.REPS Equipment: other Disciplines: strongman, powerlifting, bodybuilding Substitution group: crucifix Coaching cues: In the crucifix, you statically hold weights out to the side for time. While the event can be practiced using dumbbells, it is best to practice with one of the various implements used, such as axes and hammers, as it feels different. | Begin standing, and raise your arms out to the side holding the implements. Your arms should be parallel to the ground. In competition, judges or sensors are used to let you know when you break parallel. Hold for as long as you can. Typically, the weights should be heavy enough that you fail in 30-60 seconds."
414,Sit-Ups,core,full_body,full body,moderate,intermediate,true,false,false,reps,,,,0.6,0.8,0.4,48,none,bronze,anabolic,,"Movement: Sit-Ups Pattern: MovementPattern.CORE Primary muscle: PrimaryMuscle.FULL_BODY Primary region: PrimaryRegion.FULL_BODY Characteristics: compound=True, unilateral=False, complex_lift=False CNS load: CNSLoad.MODERATE Skill level: SkillLevel.INTERMEDIATE Spinal compression: SpinalCompression.NONE Tier: MovementTier.BRONZE Metabolic demand: MetabolicDemand.ANABOLIC Metric type: MetricType.REPS Tags: crossfit Disciplines: crossfit"
142,Downward Facing Balance,lunge,glutes,posterior lower,moderate,intermediate,false,false,false,reps,,downward_facing_balance,,0.4,0.6,0.4,24,none,bronze,anabolic,,"Movement: Downward Facing Balance Pattern: MovementPattern.LUNGE Primary muscle: PrimaryMuscle.GLUTES Primary region: PrimaryRegion.POSTERIOR_LOWER Characteristics: compound=False, unilateral=False, complex_lift=False CNS load: CNSLoad.MODERATE Skill level: SkillLevel.INTERMEDIATE Spinal compression: SpinalCompression.NONE Tier: MovementTier.BRONZE Metabolic demand: MetabolicDemand.ANABOLIC Metric type: MetricType.REPS Equipment: exercise ball Tags: strength Substitution group: downward_facing_balance Coaching cues: Lie facedown on top of an exercise ball. | While resting on your stomach on the ball, walk your hands forward along the floor and lift your legs, extending your elbows and knees."
143,Dumbbell Flyes,isolation,chest,anterior upper,moderate,intermediate,false,false,false,reps,,flyes,,0.4,0.6,0.4,24,none,bronze,anabolic,,"Movement: Dumbbell Flyes Pattern: MovementPattern.ISOLATION Primary muscle: PrimaryMuscle.CHEST Primary region: PrimaryRegion.ANTERIOR_UPPER Characteristics: compound=False, unilateral=False, complex_lift=False CNS load: CNSLoad.MODERATE Skill level: SkillLevel.INTERMEDIATE Spinal compression: SpinalCompression.NONE Tier: MovementTier.BRONZE Metabolic demand: MetabolicDemand.ANABOLIC Metric type: MetricType.REPS Equipment: dumbbell Tags: strength Disciplines: bodybuilding Substitution group: flyes Coaching cues: Lie down on a flat bench with a dumbbell on each hand resting on top of your thighs. The palms of your hand will be facing each other. | Then using your thighs to help raise the dumbbells, lift the dumbbells one at a time so you can hold them in front of you at shoulder width with the palms of your hands facing each other. Raise the dumbbells up like you're pressing them, but stop and hold just before you lock out. This will be your starting position. | With a slight bend on your elbows in order to prevent stress at the biceps tendon, lower your arms out at both sides in a wide arc until you feel a stretch on your chest. Breathe in as you perform this portion of the movement. Tip: Keep in mind that throughout the movement, the arms should remain stationary; the movement should only occur at the shoulder joint. | Return your arms back to the starting position as you squeeze your chest muscles and breathe out. Tip: Make sure to use the same arc of motion used to lower the weights. | Hold for a second at the contracted position and repeat the movement for the prescribed amount of repetitions."
149,EZ-Bar Skullcrusher,isolation,triceps,posterior upper,moderate,intermediate,false,false,false,reps,Skullcrusher performed with an ez-bar,ez_bar_skullcrusher,,0.4,0.6,0.4,24,none,bronze,anabolic,,"Movement: EZ-Bar Skullcrusher Pattern: MovementPattern.ISOLATION Primary muscle: PrimaryMuscle.TRICEPS Primary region: PrimaryRegion.POSTERIOR_UPPER Characteristics: compound=False, unilateral=False, complex_lift=False CNS load: CNSLoad.MODERATE Skill level: SkillLevel.INTERMEDIATE Spinal compression: SpinalCompression.NONE Tier: MovementTier.BRONZE Metabolic demand: MetabolicDemand.ANABOLIC Metric type: MetricType.REPS Equipment: bench, ez curl bar Tags: strength Disciplines: bodybuilding Substitution group: ez_bar_skullcrusher Description: Skullcrusher performed with an ez-bar Coaching cues: Using a close grip, lift the EZ bar and hold it with your elbows in as you lie on the bench. Your arms should be perpendicular to the floor. This will be your starting position. | Keeping the upper arms stationary, lower the bar by allowing the elbows to flex. Inhale as you perform this portion of the movement. Pause once the bar is directly above the forehead. | Lift the bar back to the starting position by extending the elbow and exhaling. | Repeat."
150,Elbow Circles,mobility,full_body,full body,moderate,intermediate,false,false,false,reps,,elbow_circles,,0.4,0.6,0.4,24,none,bronze,anabolic,,"Movement: Elbow Circles Pattern: MovementPattern.MOBILITY Primary muscle: PrimaryMuscle.FULL_BODY Primary region: PrimaryRegion.FULL_BODY Characteristics: compound=False, unilateral=False, complex_lift=False CNS load: CNSLoad.MODERATE Skill level: SkillLevel.INTERMEDIATE Spinal compression: SpinalCompression.NONE Tier: MovementTier.BRONZE Metabolic demand: MetabolicDemand.ANABOLIC Metric type: MetricType.REPS Equipment: none Tags: stretching, mobility Substitution group: elbow_circles Coaching cues: Sit or stand with your feet slightly apart. | Place your hands on your shoulders with your elbows at shoulder level and pointing out. | Slowly make a circle with your elbows. Breathe out as you start the circle and breathe in as you complete the circle."
160,Glute Kickback,lunge,glutes,posterior lower,moderate,intermediate,false,false,false,reps,,glute_kickback,,0.4,0.6,0.4,24,none,bronze,anabolic,,"Movement: Glute Kickback Pattern: MovementPattern.LUNGE Primary muscle: PrimaryMuscle.GLUTES Primary region: PrimaryRegion.POSTERIOR_LOWER Characteristics: compound=False, unilateral=False, complex_lift=False CNS load: CNSLoad.MODERATE Skill level: SkillLevel.INTERMEDIATE Spinal compression: SpinalCompression.NONE Tier: MovementTier.BRONZE Metabolic demand: MetabolicDemand.ANABOLIC Metric type: MetricType.REPS Equipment: none Tags: strength Substitution group: glute_kickback Coaching cues: Kneel on the floor or an exercise mat and bend at the waist with your arms extended in front of you (perpendicular to the torso) in order to get into a kneeling push-up position but with the arms spaced at shoulder width. Your head should be looking forward and the bend of the knees should create a 90-degree angle between the hamstrings and the calves. This will be your starting position. | As you exhale, lift up your right leg until the hamstrings are in line with the back while maintaining the 90-degree angle bend. Contract the glutes throughout this movement and hold the contraction at the top for a second. Tip: At the end of the movement the upper leg should be parallel to the floor while the calf should be perpendicular to it. | Go back to the initial position as you inhale and now repeat with the left leg. | Continue to alternate legs until all of the recommended repetitions have been performed."
161,Gorilla Chin/Crunch,core,core,full body,moderate,intermediate,false,false,false,time,,gorilla_chin_crunch,,0.4,0.6,0.4,24,none,bronze,anabolic,,"Movement: Gorilla Chin/Crunch Pattern: MovementPattern.CORE Primary muscle: PrimaryMuscle.CORE Primary region: PrimaryRegion.FULL_BODY Characteristics: compound=False, unilateral=False, complex_lift=False CNS load: CNSLoad.MODERATE Skill level: SkillLevel.INTERMEDIATE Spinal compression: SpinalCompression.NONE Tier: MovementTier.BRONZE Metabolic demand: MetabolicDemand.ANABOLIC Metric type: MetricType.TIME Equipment: none Tags: strength Substitution group: gorilla_chin_crunch Coaching cues: Hang from a chin-up bar using an underhand grip (palms facing you) that is slightly wider than shoulder width. | Now bend your knees at a 90 degree angle so that the calves are parallel to the floor while the thighs remain perpendicular to it. This will be your starting position. | As you exhale, pull yourself up while crunching your knees up at the same time until your knees are at chest level. You will stop going up as soon as your nose is at the same level as the bar. Tip: When you get to this point you should also be finishing the crunch at the same time. | Slowly start to inhale as you return to the starting position. | Repeat for the recommended amount of repetitions."
162,Groiners,mobility,adductors,lower body,moderate,intermediate,false,false,false,reps,,groiners,,0.4,0.6,0.4,24,none,bronze,anabolic,,"Movement: Groiners Pattern: MovementPattern.MOBILITY Primary muscle: PrimaryMuscle.ADDUCTORS Primary region: PrimaryRegion.LOWER_BODY Characteristics: compound=False, unilateral=False, complex_lift=False CNS load: CNSLoad.MODERATE Skill level: SkillLevel.INTERMEDIATE Spinal compression: SpinalCompression.NONE Tier: MovementTier.BRONZE Metabolic demand: MetabolicDemand.ANABOLIC Metric type: MetricType.REPS Equipment: none Tags: stretching, mobility Substitution group: groiners Coaching cues: Begin in a pushup position on the floor. This will be your starting position. | Using both legs, jump forward landing with your feet next to your hands. Keep your head up as you do so. | Return to the starting position and immediately repeat the movement, continuing for 10-20 repetitions."
51,Calf Raise,isolation,calves,anterior lower,very_low,beginner,false,false,false,reps,,calf_raise,,0.1,0.5,0.2,12,none,bronze,anabolic,,"Movement: Calf Raise Pattern: MovementPattern.ISOLATION Primary muscle: PrimaryMuscle.CALVES Primary region: PrimaryRegion.ANTERIOR_LOWER Characteristics: compound=False, unilateral=False, complex_lift=False CNS load: CNSLoad.VERY_LOW Skill level: SkillLevel.BEGINNER Spinal compression: SpinalCompression.NONE Tier: MovementTier.BRONZE Metabolic demand: MetabolicDemand.ANABOLIC Metric type: MetricType.REPS Equipment: none, machine, dumbbell Tags: hypertrophy Disciplines: bodybuilding Substitution group: calf_raise"
393,Thrusters,squat,quadriceps,lower body,moderate,intermediate,true,false,false,reps,,,,0.6,0.8,0.4,48,none,bronze,anabolic,,"Movement: Thrusters Pattern: MovementPattern.SQUAT Primary muscle: PrimaryMuscle.QUADRICEPS Primary region: PrimaryRegion.LOWER_BODY Characteristics: compound=True, unilateral=False, complex_lift=False CNS load: CNSLoad.MODERATE Skill level: SkillLevel.INTERMEDIATE Spinal compression: SpinalCompression.NONE Tier: MovementTier.BRONZE Metabolic demand: MetabolicDemand.ANABOLIC Metric type: MetricType.REPS Disciplines: crossfit"
175,Iron Cross,isolation,full_body,full body,moderate,intermediate,false,false,false,reps,,iron_cross,,0.4,0.6,0.4,24,none,bronze,anabolic,,"Movement: Iron Cross Pattern: MovementPattern.ISOLATION Primary muscle: PrimaryMuscle.FULL_BODY Primary region: PrimaryRegion.FULL_BODY Characteristics: compound=False, unilateral=False, complex_lift=False CNS load: CNSLoad.MODERATE Skill level: SkillLevel.INTERMEDIATE Spinal compression: SpinalCompression.NONE Tier: MovementTier.BRONZE Metabolic demand: MetabolicDemand.ANABOLIC Metric type: MetricType.REPS Equipment: dumbbell Tags: strength Disciplines: bodybuilding Substitution group: iron_cross"
177,Isometric Neck Exercise - Front And Back,isolation,full_body,full body,moderate,intermediate,false,false,false,reps,,isometric_neck_exercise_front_and_back,,0.4,0.6,0.4,24,none,bronze,anabolic,,"Movement: Isometric Neck Exercise - Front And Back Pattern: MovementPattern.ISOLATION Primary muscle: PrimaryMuscle.FULL_BODY Primary region: PrimaryRegion.FULL_BODY Characteristics: compound=False, unilateral=False, complex_lift=False CNS load: CNSLoad.MODERATE Skill level: SkillLevel.INTERMEDIATE Spinal compression: SpinalCompression.NONE Tier: MovementTier.BRONZE Metabolic demand: MetabolicDemand.ANABOLIC Metric type: MetricType.REPS Equipment: none Tags: strength Disciplines: bodybuilding Substitution group: isometric_neck_exercise_front_and_back Coaching cues: With your head and neck in a neutral position (normal position with head erect facing forward), place both of your hands on the front side of your head. | Now gently push forward as you contract the neck muscles but resisting any movement of your head. Start with slow tension and increase slowly. Keep breathing normally as you execute this contraction. | Hold for the recommended number of seconds. | Now release the tension slowly. | Rest for the recommended amount of time and repeat with your hands placed on the back side of your head."
54,Hip Flexor Stretch,mobility,hip_flexors,anterior lower,very_low,beginner,false,false,true,time,,hip_flexor_stretch,,0.1,0.5,0.30000000000000004,12,none,bronze,anabolic,,"Movement: Hip Flexor Stretch Pattern: MovementPattern.MOBILITY Primary muscle: PrimaryMuscle.HIP_FLEXORS Primary region: PrimaryRegion.ANTERIOR_LOWER Characteristics: compound=False, unilateral=True, complex_lift=False CNS load: CNSLoad.VERY_LOW Skill level: SkillLevel.BEGINNER Spinal compression: SpinalCompression.NONE Tier: MovementTier.BRONZE Metabolic demand: MetabolicDemand.ANABOLIC Metric type: MetricType.TIME Equipment: none Tags: mobility Substitution group: hip_flexor_stretch"
176,Iron Crosses (stretch),mobility,quadriceps,anterior lower,moderate,intermediate,false,false,false,reps,,iron_crosses,,0.4,0.6,0.4,24,none,bronze,anabolic,,"Movement: Iron Crosses (stretch) Pattern: MovementPattern.MOBILITY Primary muscle: PrimaryMuscle.QUADRICEPS Primary region: PrimaryRegion.ANTERIOR_LOWER Characteristics: compound=False, unilateral=False, complex_lift=False CNS load: CNSLoad.MODERATE Skill level: SkillLevel.INTERMEDIATE Spinal compression: SpinalCompression.NONE Tier: MovementTier.BRONZE Metabolic demand: MetabolicDemand.ANABOLIC Metric type: MetricType.REPS Equipment: none Tags: stretching, mobility Substitution group: iron_crosses Coaching cues: Lie face down on the floor, with your arms extended out to your side, palms pressed to the floor. This will be your starting position. | To begin, flex one knee and bring that leg across the back of your body, attempting to touch it to the ground near the opposite hand. | Promptly return the leg to the starting postion, and quickly repeat with the other leg. Continue alternating for 10-20 repetitions."
183,Kettlebell Pass Between The Legs,isolation,core,full body,moderate,intermediate,false,false,false,reps,,pass_between_the_legs,,0.4,0.6,0.4,24,none,bronze,anabolic,,"Movement: Kettlebell Pass Between The Legs Pattern: MovementPattern.ISOLATION Primary muscle: PrimaryMuscle.CORE Primary region: PrimaryRegion.FULL_BODY Characteristics: compound=False, unilateral=False, complex_lift=False CNS load: CNSLoad.MODERATE Skill level: SkillLevel.INTERMEDIATE Spinal compression: SpinalCompression.NONE Tier: MovementTier.BRONZE Metabolic demand: MetabolicDemand.ANABOLIC Metric type: MetricType.REPS Equipment: kettlebell Tags: strength Disciplines: bodybuilding Substitution group: pass_between_the_legs Coaching cues: Place one kettlebell between your legs and take a comfortable stance. Bend over by pushing your butt out and keeping your back flat. | Pick up a kettlebell and pass it to your other hand between your legs, in the fashion of a W. Go back and forth for several repetitions."
187,Knee Across The Body,mobility,glutes,posterior lower,moderate,intermediate,false,false,false,reps,,knee_across_the_body,,0.4,0.6,0.4,24,none,bronze,anabolic,,"Movement: Knee Across The Body Pattern: MovementPattern.MOBILITY Primary muscle: PrimaryMuscle.GLUTES Primary region: PrimaryRegion.POSTERIOR_LOWER Characteristics: compound=False, unilateral=False, complex_lift=False CNS load: CNSLoad.MODERATE Skill level: SkillLevel.INTERMEDIATE Spinal compression: SpinalCompression.NONE Tier: MovementTier.BRONZE Metabolic demand: MetabolicDemand.ANABOLIC Metric type: MetricType.REPS Equipment: none Tags: stretching, mobility Substitution group: knee_across_the_body Coaching cues: Lie down on the floor with your right leg straight. Bend your left leg and lower it across your body, holding the knee down toward the floor with your right hand. (The knee doesn't need to touch the floor if you're tight.) | Place your left arm comfortably beside you and turn your head to the left. Imagine you have a weight tied to your tailbone. let your tailbone fall back toward the floor as your chest reaches in the opposite direction to stretch your lower back. Switch sides."
398,GHD sit ups,core,core,full body,moderate,intermediate,true,false,false,reps,,,,0.6,0.8,0.4,48,none,bronze,anabolic,,"Movement: GHD sit ups Pattern: MovementPattern.CORE Primary muscle: PrimaryMuscle.CORE Primary region: PrimaryRegion.FULL_BODY Characteristics: compound=True, unilateral=False, complex_lift=False CNS load: CNSLoad.MODERATE Skill level: SkillLevel.INTERMEDIATE Spinal compression: SpinalCompression.NONE Tier: MovementTier.BRONZE Metabolic demand: MetabolicDemand.ANABOLIC Metric type: MetricType.REPS Tags: crossfit Disciplines: crossfit"
198,Log Lift,isolation,full_body,full body,moderate,intermediate,false,false,false,reps,,log_lift,,0.4,0.6,0.4,24,none,bronze,anabolic,,"Movement: Log Lift Pattern: MovementPattern.ISOLATION Primary muscle: PrimaryMuscle.FULL_BODY Primary region: PrimaryRegion.FULL_BODY Characteristics: compound=False, unilateral=False, complex_lift=False CNS load: CNSLoad.MODERATE Skill level: SkillLevel.INTERMEDIATE Spinal compression: SpinalCompression.NONE Tier: MovementTier.BRONZE Metabolic demand: MetabolicDemand.ANABOLIC Metric type: MetricType.REPS Equipment: other Disciplines: strongman, powerlifting, bodybuilding Substitution group: log_lift Coaching cues: Begin standing with the log in front of you. Grasp the handles, and begin to clean the log. As you are bent over to start the clean, attempt to get the log as high as possible, pulling it into your chest. Extend through the hips and knees to bring it up to complete the clean. | Push your head back and look up, creating a shelf on your chest to rest the log. Begin the press by dipping, flexing slightly through the knees and reversing the motion. This push press will generate momentum to start the log moving vertically. Continue by extending through the elbows to press the log above your head. There are no strict rules on form, so use whatever techniques you are most efficient with. As the log is pressed, ensure that you push your head through on each repetition, looking forward. | Repeat as many times as possible. Attempt to control the descent of the log as it is returned to the ground."
199,London Bridges,isolation,lats,posterior upper,moderate,intermediate,false,false,false,reps,,london_bridges,,0.4,0.6,0.4,24,none,bronze,anabolic,,"Movement: London Bridges Pattern: MovementPattern.ISOLATION Primary muscle: PrimaryMuscle.LATS Primary region: PrimaryRegion.POSTERIOR_UPPER Characteristics: compound=False, unilateral=False, complex_lift=False CNS load: CNSLoad.MODERATE Skill level: SkillLevel.INTERMEDIATE Spinal compression: SpinalCompression.NONE Tier: MovementTier.BRONZE Metabolic demand: MetabolicDemand.ANABOLIC Metric type: MetricType.REPS Equipment: other Tags: strength Disciplines: bodybuilding Substitution group: london_bridges Coaching cues: Attach a climbing rope to a high beam or cross member. Below it, ensure that the smith machine bar is locked in place with the safeties and cannot move. Alternatively, a secure box could also be utilized. | Stand on the bar, using the rope to balance yourself. This will be your starting position. | Keeping your body straight, lean back and lower your body by slowly going hand over hand with the rope. Continue until you are perpendicular to the ground. | Keeping your body straight, reverse the motion, going hand over hand back to the starting position."
406,kettlebell Turkish get ups,isolation,full_body,full body,moderate,intermediate,true,false,true,reps,,,,0.6,0.8,0.5,48,none,bronze,anabolic,,"Movement: kettlebell Turkish get ups Pattern: MovementPattern.ISOLATION Primary muscle: PrimaryMuscle.FULL_BODY Primary region: PrimaryRegion.FULL_BODY Characteristics: compound=True, unilateral=True, complex_lift=False CNS load: CNSLoad.MODERATE Skill level: SkillLevel.INTERMEDIATE Spinal compression: SpinalCompression.NONE Tier: MovementTier.BRONZE Metabolic demand: MetabolicDemand.ANABOLIC Metric type: MetricType.REPS Equipment: kettlebell Tags: crossfit Disciplines: crossfit"
372,Calorie Row,horizontal_pull,lats,upper body,moderate,intermediate,true,false,false,reps,,,,0.6,0.8,0.4,48,none,bronze,anabolic,,"Movement: Calorie Row Pattern: MovementPattern.HORIZONTAL_PULL Primary muscle: PrimaryMuscle.LATS Primary region: PrimaryRegion.UPPER_BODY Characteristics: compound=True, unilateral=False, complex_lift=False CNS load: CNSLoad.MODERATE Skill level: SkillLevel.INTERMEDIATE Spinal compression: SpinalCompression.NONE Tier: MovementTier.BRONZE Metabolic demand: MetabolicDemand.ANABOLIC Metric type: MetricType.REPS Disciplines: crossfit"
239,Push-Ups With Feet Elevated,isolation,chest,anterior upper,moderate,intermediate,false,false,false,reps,,push_ups_with_feet_elevated,,0.4,0.6,0.4,24,none,bronze,anabolic,,"Movement: Push-Ups With Feet Elevated Pattern: MovementPattern.ISOLATION Primary muscle: PrimaryMuscle.CHEST Primary region: PrimaryRegion.ANTERIOR_UPPER Characteristics: compound=False, unilateral=False, complex_lift=False CNS load: CNSLoad.MODERATE Skill level: SkillLevel.INTERMEDIATE Spinal compression: SpinalCompression.NONE Tier: MovementTier.BRONZE Metabolic demand: MetabolicDemand.ANABOLIC Metric type: MetricType.REPS Equipment: none Tags: strength Disciplines: bodybuilding Substitution group: push_ups_with_feet_elevated Coaching cues: Lie on the floor face down and place your hands about 36 inches apart from each other holding your torso up at arms length. | Place your toes on top of a flat bench. This will allow your body to be elevated. Note: The higher the elevation of the flat bench, the higher the resistance of the exercise is. | Lower yourself until your chest almost touches the floor as you inhale. | Using your pectoral muscles, press your upper body back up to the starting position and squeeze your chest. Breathe out as you perform this step. | After a second pause at the contracted position, repeat the movement for the prescribed amount of repetitions."
241,Push Press - Behind the Neck,isolation,full_body,full body,moderate,intermediate,true,false,false,reps,,push_press_behind_the_neck,,0.6,0.8,0.4,48,none,bronze,anabolic,,"Movement: Push Press - Behind the Neck Pattern: MovementPattern.ISOLATION Primary muscle: PrimaryMuscle.FULL_BODY Primary region: PrimaryRegion.FULL_BODY Characteristics: compound=True, unilateral=False, complex_lift=False CNS load: CNSLoad.MODERATE Skill level: SkillLevel.INTERMEDIATE Spinal compression: SpinalCompression.NONE Tier: MovementTier.BRONZE Metabolic demand: MetabolicDemand.ANABOLIC Metric type: MetricType.REPS Equipment: barbell Disciplines: olympic_weightlifting, bodybuilding Substitution group: push_press_behind_the_neck Coaching cues: Standing with the weight racked on the back of the shoulders, begin with the dip. With your feet directly under your hips, flex the knees without moving the hips backward. Go down only slightly, and reverse direction as powerfully as possible. Drive through the heels create as much speed and force as possible, moving the bar in a vertical path. | Using the momentum generated, finish pressing the weight overhead be extending through the arms. | Return to the starting position, using your legs to absorb the impact."
435,Alternating Dumbbell Snatches,hinge,hamstrings,posterior lower,moderate,intermediate,true,false,false,reps,,,,0.6,0.8,0.4,48,none,bronze,anabolic,,"Movement: Alternating Dumbbell Snatches Pattern: MovementPattern.HINGE Primary muscle: PrimaryMuscle.HAMSTRINGS Primary region: PrimaryRegion.POSTERIOR_LOWER Characteristics: compound=True, unilateral=False, complex_lift=False CNS load: CNSLoad.MODERATE Skill level: SkillLevel.INTERMEDIATE Spinal compression: SpinalCompression.NONE Tier: MovementTier.BRONZE Metabolic demand: MetabolicDemand.ANABOLIC Metric type: MetricType.REPS Disciplines: crossfit"
281,Sled Drag - Harness,lunge,quadriceps,anterior lower,moderate,intermediate,false,false,false,reps,,drag_harness,,0.4,0.6,0.4,24,none,bronze,anabolic,,"Movement: Sled Drag - Harness Pattern: MovementPattern.LUNGE Primary muscle: PrimaryMuscle.QUADRICEPS Primary region: PrimaryRegion.ANTERIOR_LOWER Characteristics: compound=False, unilateral=False, complex_lift=False CNS load: CNSLoad.MODERATE Skill level: SkillLevel.INTERMEDIATE Spinal compression: SpinalCompression.NONE Tier: MovementTier.BRONZE Metabolic demand: MetabolicDemand.ANABOLIC Metric type: MetricType.REPS Equipment: other Disciplines: strongman, powerlifting Substitution group: drag_harness Coaching cues: To begin, load the sled with the desired weight and attach the pulling strap. You can pull with handles, use a harness, or attach the pulling strap to a weight belt. | Whether pulling forwards or backwards, lean in the direction of travel and progress by extending through the hips and knees."
260,Ring Dips,isolation,triceps,posterior upper,moderate,intermediate,false,false,false,reps,,ring_dips,,0.4,0.6,0.4,24,none,bronze,anabolic,,"Movement: Ring Dips Pattern: MovementPattern.ISOLATION Primary muscle: PrimaryMuscle.TRICEPS Primary region: PrimaryRegion.POSTERIOR_UPPER Characteristics: compound=False, unilateral=False, complex_lift=False CNS load: CNSLoad.MODERATE Skill level: SkillLevel.INTERMEDIATE Spinal compression: SpinalCompression.NONE Tier: MovementTier.BRONZE Metabolic demand: MetabolicDemand.ANABOLIC Metric type: MetricType.REPS Equipment: other Disciplines: calisthenics, bodybuilding Substitution group: ring_dips Coaching cues: Grip a ring in each hand, and then take a small jump to help you get into the starting position with your arms locked out. | Begin by flexing the elbow, lowering your body until your arms break 90 degrees. Avoid swinging, and maintain good posture throughout the descent. | Reverse the motion by extending the elbow, pushing yourself back up into the starting position. | Repeat for the desired number of repetitions."
261,Rope Climb,isolation,lats,posterior upper,moderate,intermediate,false,false,false,reps,,rope_climb,,0.4,0.6,0.4,24,none,bronze,anabolic,,"Movement: Rope Climb Pattern: MovementPattern.ISOLATION Primary muscle: PrimaryMuscle.LATS Primary region: PrimaryRegion.POSTERIOR_UPPER Characteristics: compound=False, unilateral=False, complex_lift=False CNS load: CNSLoad.MODERATE Skill level: SkillLevel.INTERMEDIATE Spinal compression: SpinalCompression.NONE Tier: MovementTier.BRONZE Metabolic demand: MetabolicDemand.ANABOLIC Metric type: MetricType.REPS Equipment: other Tags: strength Disciplines: bodybuilding Substitution group: rope_climb Coaching cues: Grab the rope with both hands above your head. Pull down on the rope as you take a small jump. | Wrap the rope around one leg, using your feet to pinch the rope. Reach up as high as possible with your arms, gripping the rope tightly. | Release the rope from your feet as you pull yourself up with your arms, bringing your knees towards your chest. | Resecure your feet on the rope, and then stand up to take another high hold on the rope. Continue until you reach the top of the rope. | To lower yourself, loosen the grip of your feet on the rope as you slide down using a hand over hand motion."
265,Russian Twist,isolation,core,full body,moderate,intermediate,false,false,false,reps,,russian_twist,,0.4,0.6,0.4,24,none,bronze,anabolic,,"Movement: Russian Twist Pattern: MovementPattern.ISOLATION Primary muscle: PrimaryMuscle.CORE Primary region: PrimaryRegion.FULL_BODY Characteristics: compound=False, unilateral=False, complex_lift=False CNS load: CNSLoad.MODERATE Skill level: SkillLevel.INTERMEDIATE Spinal compression: SpinalCompression.NONE Tier: MovementTier.BRONZE Metabolic demand: MetabolicDemand.ANABOLIC Metric type: MetricType.REPS Equipment: none Tags: strength Disciplines: bodybuilding Substitution group: russian_twist Coaching cues: Lie down on the floor placing your feet either under something that will not move or by having a partner hold them. Your legs should be bent at the knees. | Elevate your upper body so that it creates an imaginary V-shape with your thighs. Your arms should be fully extended in front of you perpendicular to your torso and with the hands clasped. This is the starting position. | Twist your torso to the right side until your arms are parallel with the floor while breathing out. | Hold the contraction for a second and move back to the starting position while breathing out. Now move to the opposite side performing the same techniques you applied to the right side. | Repeat for the recommended amount of repetitions."
286,Spell Caster,isolation,core,full body,moderate,intermediate,false,false,false,reps,,spell_caster,,0.4,0.6,0.4,24,none,bronze,anabolic,,"Movement: Spell Caster Pattern: MovementPattern.ISOLATION Primary muscle: PrimaryMuscle.CORE Primary region: PrimaryRegion.FULL_BODY Characteristics: compound=False, unilateral=False, complex_lift=False CNS load: CNSLoad.MODERATE Skill level: SkillLevel.INTERMEDIATE Spinal compression: SpinalCompression.NONE Tier: MovementTier.BRONZE Metabolic demand: MetabolicDemand.ANABOLIC Metric type: MetricType.REPS Equipment: dumbbell Tags: strength Disciplines: bodybuilding Substitution group: spell_caster Coaching cues: Hold a dumbbell in each hand with a pronated grip. Your feet should be wide with your hips and knees extended. This will be your starting position. | Begin the movement by pulling both of the dumbbells to one side next to your hip, rotating your torso. | Keeping your arms straight and the dumbbells parallel to the ground, rotate your torso to swing the weights to your opposite side. | Continue alternating, rotating from one side to the other until the set is complete."
287,Spider Crawl,isolation,core,full body,moderate,intermediate,false,false,false,reps,,spider_crawl,,0.4,0.6,0.4,24,none,bronze,anabolic,,"Movement: Spider Crawl Pattern: MovementPattern.ISOLATION Primary muscle: PrimaryMuscle.CORE Primary region: PrimaryRegion.FULL_BODY Characteristics: compound=False, unilateral=False, complex_lift=False CNS load: CNSLoad.MODERATE Skill level: SkillLevel.INTERMEDIATE Spinal compression: SpinalCompression.NONE Tier: MovementTier.BRONZE Metabolic demand: MetabolicDemand.ANABOLIC Metric type: MetricType.REPS Equipment: none Tags: strength Disciplines: bodybuilding Substitution group: spider_crawl Coaching cues: Begin in a prone position on the floor. Support your weight on your hands and toes, with your feet together and your body straight. Your arms should be bent to 90 degrees. This will be your starting position. | Initiate the movement by raising one foot off of the ground. Externally rotate the leg and bring the knee toward your elbow, as far forward as possible. | Return this leg to the starting position and repeat on the opposite side."
512,Mountain Climber,conditioning,core,full body,moderate,beginner,true,false,false,reps,Imported during migration,,,1,1,1,24,low,bronze,anabolic,,"Movement: Mountain Climber Pattern: MovementPattern.CONDITIONING Primary muscle: PrimaryMuscle.CORE Primary region: PrimaryRegion.FULL_BODY Characteristics: compound=True, unilateral=False, complex_lift=False CNS load: CNSLoad.MODERATE Skill level: SkillLevel.BEGINNER Spinal compression: SpinalCompression.LOW Tier: MovementTier.BRONZE Metabolic demand: MetabolicDemand.ANABOLIC Metric type: MetricType.REPS Equipment: none Description: Imported during migration"
300,Supine Chest Throw,horizontal_pull,triceps,posterior upper,moderate,intermediate,true,false,false,time,,supine_chest_throw,,0.6,0.8,0.4,48,none,bronze,anabolic,,"Movement: Supine Chest Throw Pattern: MovementPattern.HORIZONTAL_PULL Primary muscle: PrimaryMuscle.TRICEPS Primary region: PrimaryRegion.POSTERIOR_UPPER Characteristics: compound=True, unilateral=False, complex_lift=False CNS load: CNSLoad.MODERATE Skill level: SkillLevel.INTERMEDIATE Spinal compression: SpinalCompression.NONE Tier: MovementTier.BRONZE Metabolic demand: MetabolicDemand.ANABOLIC Metric type: MetricType.TIME Equipment: medicine_ball Tags: plyometrics Substitution group: supine_chest_throw Coaching cues: This drill is great for chest passes when you lack a partner or a wall of sufficient strength. Lay on the ground on your back with your knees bent. | Begin with the ball on your chest, held with both hands on the bottom. | Explode up, extending through the elbow to throw the ball directly above you as high as possible. | Catch the ball with both hands as it comes down."
311,V-Bar Pullup,isolation,lats,posterior upper,moderate,intermediate,false,false,false,reps,,v_bar_pullup,,0.4,0.6,0.4,24,none,bronze,anabolic,,"Movement: V-Bar Pullup Pattern: MovementPattern.ISOLATION Primary muscle: PrimaryMuscle.LATS Primary region: PrimaryRegion.POSTERIOR_UPPER Characteristics: compound=False, unilateral=False, complex_lift=False CNS load: CNSLoad.MODERATE Skill level: SkillLevel.INTERMEDIATE Spinal compression: SpinalCompression.NONE Tier: MovementTier.BRONZE Metabolic demand: MetabolicDemand.ANABOLIC Metric type: MetricType.REPS Equipment: none Tags: strength Disciplines: bodybuilding Substitution group: v_bar_pullup Coaching cues: Start by placing the middle of the V-bar in the middle of the pull-up bar (assuming that the pull-up station you are using does not have neutral grip handles). The V-Bar handles will be facing down so that you can hang from the pull-up bar through the use of the handles. | Once you securely place the V-bar, take a hold of the bar from each side and hang from it. Stick your chest out and lean yourself back slightly in order to better engage the lats. This will be your starting position. | Using your lats, pull your torso up while leaning your head back slightly so that you do not hit yourself with the chin-up bar. Continue until your chest nearly touches the V-bar. Exhale as you execute this motion. | After a second hold on the contracted position, slowly lower your body back to the starting position as you breathe in. | Repeat for the prescribed number of repetitions."
317,Wind Sprints,isolation,core,full body,moderate,intermediate,false,false,false,reps,,wind_sprints,,0.4,0.6,0.4,24,none,bronze,anabolic,,"Movement: Wind Sprints Pattern: MovementPattern.ISOLATION Primary muscle: PrimaryMuscle.CORE Primary region: PrimaryRegion.FULL_BODY Characteristics: compound=False, unilateral=False, complex_lift=False CNS load: CNSLoad.MODERATE Skill level: SkillLevel.INTERMEDIATE Spinal compression: SpinalCompression.NONE Tier: MovementTier.BRONZE Metabolic demand: MetabolicDemand.ANABOLIC Metric type: MetricType.REPS Equipment: none Tags: strength Disciplines: bodybuilding Substitution group: wind_sprints Coaching cues: Hang from a pull-up bar using a pronated grip. Your arms and legs should be extended. This will be your starting position. | Begin by quickly raising one knee as high as you can. Do not swing your body or your legs. 3 | Immediately reverse the motion, returning that leg to the starting position. Simultaneously raise the opposite knee as high as possible. | Continue alternating between legs until the set is complete."
322,Yoke Walk,lunge,quadriceps,anterior lower,moderate,intermediate,false,false,false,reps,,yoke_walk,,0.4,0.6,0.4,24,none,bronze,anabolic,,"Movement: Yoke Walk Pattern: MovementPattern.LUNGE Primary muscle: PrimaryMuscle.QUADRICEPS Primary region: PrimaryRegion.ANTERIOR_LOWER Characteristics: compound=False, unilateral=False, complex_lift=False CNS load: CNSLoad.MODERATE Skill level: SkillLevel.INTERMEDIATE Spinal compression: SpinalCompression.NONE Tier: MovementTier.BRONZE Metabolic demand: MetabolicDemand.ANABOLIC Metric type: MetricType.REPS Equipment: other Disciplines: strongman, powerlifting Substitution group: yoke_walk Coaching cues: The yoke is usually done with a yoke apparatus, but is sometimes seen with refrigerators or other heavy objects. | Begin by racking the apparatus across the back of the shoulders. With your head looking forward and back arched, lift the yoke by driving through the heels. | Begin walking as quickly as possible using short, quick steps. You may hold the side posts of the yoke to help steady it and hold it in position. Continue for the given distance as fast as possible, usually 75-100 feet."
323,3/4 Sit-Up,core,core,full body,moderate,intermediate,false,false,false,reps,Sit-Up performed 3/4 of the way up,3_4_sit_up,,0.4,0.6,0.4,24,none,bronze,anabolic,,"Movement: 3/4 Sit-Up Pattern: MovementPattern.CORE Primary muscle: PrimaryMuscle.CORE Primary region: PrimaryRegion.FULL_BODY Characteristics: compound=False, unilateral=False, complex_lift=False CNS load: CNSLoad.MODERATE Skill level: SkillLevel.INTERMEDIATE Spinal compression: SpinalCompression.NONE Tier: MovementTier.BRONZE Metabolic demand: MetabolicDemand.ANABOLIC Metric type: MetricType.REPS Equipment: none Tags: strength Substitution group: 3_4_sit_up Description: Sit-Up performed 3/4 of the way up Coaching cues: Lie down on the floor and secure your feet. Your legs should be bent at the knees. | Place your hands behind or to the side of your head. You will begin with your back on the ground. This will be your starting position. | Flex your hips and spine to raise your torso toward your knees. | At the top of the contraction your torso should be perpendicular to the ground. Reverse the motion, going only of the way down. | Repeat for the recommended amount of repetitions."
337,Floor Press with Chains,isolation,triceps,posterior upper,moderate,intermediate,true,false,false,reps,,floor_press_with_chains,,0.6,0.8,0.4,48,none,bronze,anabolic,,"Movement: Floor Press with Chains Pattern: MovementPattern.ISOLATION Primary muscle: PrimaryMuscle.TRICEPS Primary region: PrimaryRegion.POSTERIOR_UPPER Characteristics: compound=True, unilateral=False, complex_lift=False CNS load: CNSLoad.MODERATE Skill level: SkillLevel.INTERMEDIATE Spinal compression: SpinalCompression.NONE Tier: MovementTier.BRONZE Metabolic demand: MetabolicDemand.ANABOLIC Metric type: MetricType.REPS Equipment: barbell Tags: strength Disciplines: bodybuilding Substitution group: floor_press_with_chains Coaching cues: Adjust the j-hooks so they are at the appropriate height to rack the bar. For this exercise, drape the chains directly over the end of the bar, trying to keep the ends away from the plates. | Begin lying on the floor with your head near the end of a power rack. Keeping your shoulder blades pulled together, pull the bar off of the hooks. | Lower the bar towards the bottom of your chest or upper stomach, squeezing the bar and attempting to pull it apart as you do so. Ensure that you tuck your elbows throughout the movement. Lower the bar until your upper arm contacts the ground and pause, preventing any slamming or bouncing of the weight. | Press the bar back up as fast as you can, keeping the bar, your wrists, and elbows in line as you do so."
509,Deficit Deadlift,hinge,hamstrings,posterior lower,high,advanced,true,false,false,reps,Imported during migration,,,1,1,1,24,low,bronze,anabolic,,"Movement: Deficit Deadlift Pattern: MovementPattern.HINGE Primary muscle: PrimaryMuscle.HAMSTRINGS Primary region: PrimaryRegion.POSTERIOR_LOWER Characteristics: compound=True, unilateral=False, complex_lift=False CNS load: CNSLoad.HIGH Skill level: SkillLevel.ADVANCED Spinal compression: SpinalCompression.LOW Tier: MovementTier.BRONZE Metabolic demand: MetabolicDemand.ANABOLIC Metric type: MetricType.REPS Equipment: barbell Description: Imported during migration"
357,Seated Flat Bench Leg Pull-In,horizontal_push,core,full body,moderate,intermediate,false,false,false,reps,,bench_leg_pull_in,,0.4,0.6,0.4,24,none,bronze,anabolic,,"Movement: Seated Flat Bench Leg Pull-In Pattern: MovementPattern.HORIZONTAL_PUSH Primary muscle: PrimaryMuscle.CORE Primary region: PrimaryRegion.FULL_BODY Characteristics: compound=False, unilateral=False, complex_lift=False CNS load: CNSLoad.MODERATE Skill level: SkillLevel.INTERMEDIATE Spinal compression: SpinalCompression.NONE Tier: MovementTier.BRONZE Metabolic demand: MetabolicDemand.ANABOLIC Metric type: MetricType.REPS Equipment: none Tags: strength Substitution group: bench_leg_pull_in Coaching cues: Sit on a bench with the legs stretched out in front of you slightly below parallel and your arms holding on to the sides of the bench. Your torso should be leaning backwards around a 45-degree angle from the bench. This will be your starting position. | Bring the knees in toward you as you move your torso closer to them at the same time. Breathe out as you perform this movement. | After a second pause, go back to the starting position as you inhale. | Repeat for the recommended amount of repetitions."
368,Underhand Cable Pulldowns,vertical_pull,lats,posterior upper,moderate,intermediate,false,false,false,reps,,underhand_pulldowns,,0.4,0.6,0.4,24,none,bronze,anabolic,,"Movement: Underhand Cable Pulldowns Pattern: MovementPattern.VERTICAL_PULL Primary muscle: PrimaryMuscle.LATS Primary region: PrimaryRegion.POSTERIOR_UPPER Characteristics: compound=False, unilateral=False, complex_lift=False CNS load: CNSLoad.MODERATE Skill level: SkillLevel.INTERMEDIATE Spinal compression: SpinalCompression.NONE Tier: MovementTier.BRONZE Metabolic demand: MetabolicDemand.ANABOLIC Metric type: MetricType.REPS Equipment: cable Tags: strength Substitution group: underhand_pulldowns Coaching cues: Sit down on a pull-down machine with a wide bar attached to the top pulley. Adjust the knee pad of the machine to fit your height. These pads will prevent your body from being raised by the resistance attached to the bar. | Grab the pull-down bar with the palms facing your torso (a supinated grip). Make sure that the hands are placed closer than the shoulder width. | As you have both arms extended in front of you holding the bar at the chosen grip width, bring your torso back around 30 degrees or so while creating a curvature on your lower back and sticking your chest out. This is your starting position. | As you breathe out, pull the bar down until it touches your upper chest by drawing the shoulders and the upper arms down and back. Tip: Concentrate on squeezing the back muscles once you reach the fully contracted position and keep the elbows close to your body. The upper torso should remain stationary as your bring the bar to you and only the arms should move. The forearms should do no other work other than hold the bar. | After a second on the contracted position, while breathing in, slowly bring the bar back to the starting position when your arms are fully extended and the lats are fully stretched. | Repeat this motion for the prescribed amount of repetitions."
374,Lateral Burpees Over The Rower,horizontal_pull,lats,upper body,moderate,intermediate,true,false,false,reps,,,,0.6,0.8,0.4,48,none,bronze,anabolic,,"Movement: Lateral Burpees Over The Rower Pattern: MovementPattern.HORIZONTAL_PULL Primary muscle: PrimaryMuscle.LATS Primary region: PrimaryRegion.UPPER_BODY Characteristics: compound=True, unilateral=False, complex_lift=False CNS load: CNSLoad.MODERATE Skill level: SkillLevel.INTERMEDIATE Spinal compression: SpinalCompression.NONE Tier: MovementTier.BRONZE Metabolic demand: MetabolicDemand.ANABOLIC Metric type: MetricType.REPS Disciplines: crossfit"
382,Deadlifts,hinge,hamstrings,posterior lower,moderate,intermediate,true,false,false,reps,,,,0.6,0.8,0.4,48,none,bronze,anabolic,,"Movement: Deadlifts Pattern: MovementPattern.HINGE Primary muscle: PrimaryMuscle.HAMSTRINGS Primary region: PrimaryRegion.POSTERIOR_LOWER Characteristics: compound=True, unilateral=False, complex_lift=False CNS load: CNSLoad.MODERATE Skill level: SkillLevel.INTERMEDIATE Spinal compression: SpinalCompression.NONE Tier: MovementTier.BRONZE Metabolic demand: MetabolicDemand.ANABOLIC Metric type: MetricType.REPS Disciplines: crossfit"
511,Incline Dumbbell Press,horizontal_push,chest,anterior upper,moderate,intermediate,true,false,false,reps,Imported during migration,,,1,1,1,24,low,bronze,anabolic,,"Movement: Incline Dumbbell Press Pattern: MovementPattern.HORIZONTAL_PUSH Primary muscle: PrimaryMuscle.CHEST Primary region: PrimaryRegion.ANTERIOR_UPPER Characteristics: compound=True, unilateral=False, complex_lift=False CNS load: CNSLoad.MODERATE Skill level: SkillLevel.INTERMEDIATE Spinal compression: SpinalCompression.LOW Tier: MovementTier.BRONZE Metabolic demand: MetabolicDemand.ANABOLIC Metric type: MetricType.REPS Equipment: dumbbell Description: Imported during migration"
500,Squat Cleans,squat,quadriceps,lower body,moderate,intermediate,true,false,false,reps,,,,0.6,0.8,0.4,48,none,bronze,anabolic,,"Movement: Squat Cleans Pattern: MovementPattern.SQUAT Primary muscle: PrimaryMuscle.QUADRICEPS Primary region: PrimaryRegion.LOWER_BODY Characteristics: compound=True, unilateral=False, complex_lift=False CNS load: CNSLoad.MODERATE Skill level: SkillLevel.INTERMEDIATE Spinal compression: SpinalCompression.NONE Tier: MovementTier.BRONZE Metabolic demand: MetabolicDemand.ANABOLIC Metric type: MetricType.REPS Disciplines: crossfit"
501,Strict Handstand Push Ups,vertical_push,front_delts,upper body,moderate,intermediate,true,false,false,reps,,,,0.6,0.8,0.4,48,none,bronze,anabolic,,"Movement: Strict Handstand Push Ups Pattern: MovementPattern.VERTICAL_PUSH Primary muscle: PrimaryMuscle.FRONT_DELTS Primary region: PrimaryRegion.UPPER_BODY Characteristics: compound=True, unilateral=False, complex_lift=False CNS load: CNSLoad.MODERATE Skill level: SkillLevel.INTERMEDIATE Spinal compression: SpinalCompression.NONE Tier: MovementTier.BRONZE Metabolic demand: MetabolicDemand.ANABOLIC Metric type: MetricType.REPS Disciplines: crossfit"
495,Plank Hold,core,full_body,full body,moderate,intermediate,true,false,false,reps,,,,0.6,0.8,0.2,36,none,bronze,anabolic,,"Movement: Plank Hold Pattern: MovementPattern.CORE Primary muscle: PrimaryMuscle.FULL_BODY Primary region: PrimaryRegion.FULL_BODY Characteristics: compound=True, unilateral=False, complex_lift=False CNS load: CNSLoad.MODERATE Skill level: SkillLevel.INTERMEDIATE Spinal compression: SpinalCompression.NONE Tier: MovementTier.BRONZE Metabolic demand: MetabolicDemand.ANABOLIC Metric type: MetricType.REPS Disciplines: crossfit"
494,Overhead Walking Lunges With A Plate,conditioning,full_body,full body,moderate,intermediate,true,false,false,reps,,,,0.6,0.8,0.4,48,none,bronze,anabolic,,"Movement: Overhead Walking Lunges With A Plate Pattern: MovementPattern.CONDITIONING Primary muscle: PrimaryMuscle.FULL_BODY Primary region: PrimaryRegion.FULL_BODY Characteristics: compound=True, unilateral=False, complex_lift=False CNS load: CNSLoad.MODERATE Skill level: SkillLevel.INTERMEDIATE Spinal compression: SpinalCompression.NONE Tier: MovementTier.BRONZE Metabolic demand: MetabolicDemand.ANABOLIC Metric type: MetricType.REPS Disciplines: crossfit"
502,Strict Ring Dips,conditioning,full_body,full body,moderate,intermediate,true,false,false,reps,,,,0.6,0.8,0.4,48,none,bronze,anabolic,,"Movement: Strict Ring Dips Pattern: MovementPattern.CONDITIONING Primary muscle: PrimaryMuscle.FULL_BODY Primary region: PrimaryRegion.FULL_BODY Characteristics: compound=True, unilateral=False, complex_lift=False CNS load: CNSLoad.MODERATE Skill level: SkillLevel.INTERMEDIATE Spinal compression: SpinalCompression.NONE Tier: MovementTier.BRONZE Metabolic demand: MetabolicDemand.ANABOLIC Metric type: MetricType.REPS Disciplines: crossfit"
507,Burpee,conditioning,full_body,full body,high,intermediate,true,false,false,reps,Imported during migration,,,1,1,1,24,low,bronze,anabolic,,"Movement: Burpee Pattern: MovementPattern.CONDITIONING Primary muscle: PrimaryMuscle.FULL_BODY Primary region: PrimaryRegion.FULL_BODY Characteristics: compound=True, unilateral=False, complex_lift=False CNS load: CNSLoad.HIGH Skill level: SkillLevel.INTERMEDIATE Spinal compression: SpinalCompression.LOW Tier: MovementTier.BRONZE Metabolic demand: MetabolicDemand.ANABOLIC Metric type: MetricType.REPS Equipment: none Description: Imported during migration"
517,Dynamic Stretching,mobility,full_body,full body,very_low,beginner,true,false,false,reps,Imported during migration,,,1,1,1,24,low,bronze,anabolic,,"Movement: Dynamic Stretching Pattern: MovementPattern.MOBILITY Primary muscle: PrimaryMuscle.FULL_BODY Primary region: PrimaryRegion.FULL_BODY Characteristics: compound=True, unilateral=False, complex_lift=False CNS load: CNSLoad.VERY_LOW Skill level: SkillLevel.BEGINNER Spinal compression: SpinalCompression.LOW Tier: MovementTier.BRONZE Metabolic demand: MetabolicDemand.ANABOLIC Metric type: MetricType.REPS Equipment: none Description: Imported during migration"
518,Static Stretching,mobility,full_body,full body,very_low,beginner,true,false,false,reps,Imported during migration,,,1,1,1,24,low,bronze,anabolic,,"Movement: Static Stretching Pattern: MovementPattern.MOBILITY Primary muscle: PrimaryMuscle.FULL_BODY Primary region: PrimaryRegion.FULL_BODY Characteristics: compound=True, unilateral=False, complex_lift=False CNS load: CNSLoad.VERY_LOW Skill level: SkillLevel.BEGINNER Spinal compression: SpinalCompression.LOW Tier: MovementTier.BRONZE Metabolic demand: MetabolicDemand.ANABOLIC Metric type: MetricType.REPS Equipment: none Description: Imported during migration"
540,Leg Swings (front and back),mobility,full_body,lower body,low,beginner,true,false,false,reps,Imported during migration,,,1,1,1,24,low,bronze,anabolic,,"Movement: Leg Swings (front and back) Pattern: MovementPattern.MOBILITY Primary muscle: PrimaryMuscle.FULL_BODY Primary region: PrimaryRegion.LOWER_BODY Characteristics: compound=True, unilateral=False, complex_lift=False CNS load: CNSLoad.LOW Skill level: SkillLevel.BEGINNER Spinal compression: SpinalCompression.LOW Tier: MovementTier.BRONZE Metabolic demand: MetabolicDemand.ANABOLIC Metric type: MetricType.REPS Equipment: none Description: Imported during migration"
541,Leg Stretch,mobility,full_body,lower body,low,beginner,true,false,false,reps,Imported during migration,,,1,1,1,24,low,bronze,anabolic,,"Movement: Leg Stretch Pattern: MovementPattern.MOBILITY Primary muscle: PrimaryMuscle.FULL_BODY Primary region: PrimaryRegion.LOWER_BODY Characteristics: compound=True, unilateral=False, complex_lift=False CNS load: CNSLoad.LOW Skill level: SkillLevel.BEGINNER Spinal compression: SpinalCompression.LOW Tier: MovementTier.BRONZE Metabolic demand: MetabolicDemand.ANABOLIC Metric type: MetricType.REPS Equipment: none Description: Imported during migration"
542,Overhead Stretch,mobility,front_delts,shoulder,low,beginner,true,false,false,reps,Imported during migration,,,1,1,1,24,low,bronze,anabolic,,"Movement: Overhead Stretch Pattern: MovementPattern.MOBILITY Primary muscle: PrimaryMuscle.FRONT_DELTS Primary region: PrimaryRegion.SHOULDER Characteristics: compound=True, unilateral=False, complex_lift=False CNS load: CNSLoad.LOW Skill level: SkillLevel.BEGINNER Spinal compression: SpinalCompression.LOW Tier: MovementTier.BRONZE Metabolic demand: MetabolicDemand.ANABOLIC Metric type: MetricType.REPS Equipment: none Description: Imported during migration"
550,Full Planche,isometric,front_delts,anterior upper,very_high,elite,true,false,false,time,,planche,,1,1,1,24,low,bronze,anabolic,{},"Movement: Full Planche Pattern: MovementPattern.ISOMETRIC Primary muscle: PrimaryMuscle.FRONT_DELTS Primary region: PrimaryRegion.ANTERIOR_UPPER Characteristics: compound=True, unilateral=False, complex_lift=False CNS load: CNSLoad.VERY_HIGH Skill level: SkillLevel.ELITE Spinal compression: SpinalCompression.LOW Tier: MovementTier.BRONZE Metabolic demand: MetabolicDemand.ANABOLIC Metric type: MetricType.TIME Substitution group: planche"
551,Planche Push-up,horizontal_push,front_delts,anterior upper,very_high,expert,true,false,false,reps,,planche,,1,1,1,24,low,bronze,anabolic,{},"Movement: Planche Push-up Pattern: MovementPattern.HORIZONTAL_PUSH Primary muscle: PrimaryMuscle.FRONT_DELTS Primary region: PrimaryRegion.ANTERIOR_UPPER Characteristics: compound=True, unilateral=False, complex_lift=False CNS load: CNSLoad.VERY_HIGH Skill level: SkillLevel.EXPERT Spinal compression: SpinalCompression.LOW Tier: MovementTier.BRONZE Metabolic demand: MetabolicDemand.ANABOLIC Metric type: MetricType.REPS Substitution group: planche"
552,Back Lever Hold,isometric,lats,posterior upper,moderate,advanced,true,false,false,time,,back_lever,,1,1,1,24,low,bronze,anabolic,{},"Movement: Back Lever Hold Pattern: MovementPattern.ISOMETRIC Primary muscle: PrimaryMuscle.LATS Primary region: PrimaryRegion.POSTERIOR_UPPER Characteristics: compound=True, unilateral=False, complex_lift=False CNS load: CNSLoad.MODERATE Skill level: SkillLevel.ADVANCED Spinal compression: SpinalCompression.LOW Tier: MovementTier.BRONZE Metabolic demand: MetabolicDemand.ANABOLIC Metric type: MetricType.TIME Substitution group: back_lever"
553,Hip CARs,mobility,core,core,very_low,beginner,true,false,false,reps,,hip_cars,,1,1,1,24,low,bronze,anabolic,{},"Movement: Hip CARs Pattern: MovementPattern.MOBILITY Primary muscle: PrimaryMuscle.CORE Primary region: PrimaryRegion.CORE Characteristics: compound=True, unilateral=False, complex_lift=False CNS load: CNSLoad.VERY_LOW Skill level: SkillLevel.BEGINNER Spinal compression: SpinalCompression.LOW Tier: MovementTier.BRONZE Metabolic demand: MetabolicDemand.ANABOLIC Metric type: MetricType.REPS Substitution group: hip_cars"
554,Shoulder CARs,mobility,upper_back,shoulder,very_low,beginner,true,false,false,reps,,shoulder_cars,,1,1,1,24,low,bronze,anabolic,{},"Movement: Shoulder CARs Pattern: MovementPattern.MOBILITY Primary muscle: PrimaryMuscle.UPPER_BACK Primary region: PrimaryRegion.SHOULDER Characteristics: compound=True, unilateral=False, complex_lift=False CNS load: CNSLoad.VERY_LOW Skill level: SkillLevel.BEGINNER Spinal compression: SpinalCompression.LOW Tier: MovementTier.BRONZE Metabolic demand: MetabolicDemand.ANABOLIC Metric type: MetricType.REPS Substitution group: shoulder_cars"
555,Thoracic Spine CARs,mobility,upper_back,posterior upper,very_low,beginner,true,false,false,reps,,thoracic_cars,,1,1,1,24,low,bronze,anabolic,{},"Movement: Thoracic Spine CARs Pattern: MovementPattern.MOBILITY Primary muscle: PrimaryMuscle.UPPER_BACK Primary region: PrimaryRegion.POSTERIOR_UPPER Characteristics: compound=True, unilateral=False, complex_lift=False CNS load: CNSLoad.VERY_LOW Skill level: SkillLevel.BEGINNER Spinal compression: SpinalCompression.LOW Tier: MovementTier.BRONZE Metabolic demand: MetabolicDemand.ANABOLIC Metric type: MetricType.REPS Substitution group: thoracic_cars"
433,200/Row,horizontal_pull,lats,upper body,moderate,intermediate,true,false,false,reps,,,,0.6,0.8,0.4,48,none,bronze,anabolic,,"Movement: 200/Row Pattern: MovementPattern.HORIZONTAL_PULL Primary muscle: PrimaryMuscle.LATS Primary region: PrimaryRegion.UPPER_BODY Characteristics: compound=True, unilateral=False, complex_lift=False CNS load: CNSLoad.MODERATE Skill level: SkillLevel.INTERMEDIATE Spinal compression: SpinalCompression.NONE Tier: MovementTier.BRONZE Metabolic demand: MetabolicDemand.ANABOLIC Metric type: MetricType.REPS Disciplines: crossfit"
7,Conventional Deadlift,hinge,hamstrings,posterior lower,very_high,intermediate,true,false,false,reps,,deadlift,,1,0.95,0.4,72,none,diamond,metabolic,"{""pattern"": ""hinge"", ""cns_load"": ""very_high"", ""lumbar_shear"": ""high"", ""concentric_power"": ""very_high"", ""stability_demand"": ""moderate"", ""eccentric_control"": ""moderate"", ""primary_mechanism"": ""hip_extension"", ""spinal_compression"": ""very_high"", ""movement_complexity"": ""high""}","Movement: Conventional Deadlift Pattern: MovementPattern.HINGE Primary muscle: PrimaryMuscle.HAMSTRINGS Primary region: PrimaryRegion.POSTERIOR_LOWER Characteristics: compound=True, unilateral=False, complex_lift=False CNS load: CNSLoad.VERY_HIGH Skill level: SkillLevel.INTERMEDIATE Spinal compression: SpinalCompression.NONE Tier: MovementTier.DIAMOND Metabolic demand: MetabolicDemand.METABOLIC Metric type: MetricType.REPS Equipment: barbell Tags: strength, posterior_chain, compound, full_body, fundamental Disciplines: powerlifting Substitution group: deadlift Biomechanics: pattern=hinge, cns_load=very_high, lumbar_shear=high, concentric_power=very_high, stability_demand=moderate, eccentric_control=moderate, primary_mechanism=hip_extension, spinal_compression=very_high, movement_complexity=high"
2,Front Squat,squat,quadriceps,anterior lower,high,advanced,true,false,false,reps,,squat_bilateral,,0.7999999999999999,0.95,0.6,48,none,gold,metabolic,"{""pattern"": ""squat"", ""cns_load"": ""high"", ""lumbar_shear"": ""very_low"", ""concentric_power"": ""high"", ""stability_demand"": ""very_high"", ""eccentric_control"": ""high"", ""primary_mechanism"": ""knee_flexion_extension"", ""spinal_compression"": ""high"", ""movement_complexity"": ""high""}","Movement: Front Squat Pattern: MovementPattern.SQUAT Primary muscle: PrimaryMuscle.QUADRICEPS Primary region: PrimaryRegion.ANTERIOR_LOWER Characteristics: compound=True, unilateral=False, complex_lift=False CNS load: CNSLoad.HIGH Skill level: SkillLevel.ADVANCED Spinal compression: SpinalCompression.NONE Tier: MovementTier.GOLD Metabolic demand: MetabolicDemand.METABOLIC Metric type: MetricType.REPS Equipment: barbell, rack Tags: strength, olympic, compound, full_body, quad_dominant, anterior_chain Substitution group: squat_bilateral Biomechanics: pattern=squat, cns_load=high, lumbar_shear=very_low, concentric_power=high, stability_demand=very_high, eccentric_control=high, primary_mechanism=knee_flexion_extension, spinal_compression=high, movement_complexity=high"
101,Butt Lift (Bridge),lunge,glutes,posterior lower,moderate,intermediate,false,false,false,reps,,butt_lift,,0.4,0.6,0.4,24,none,bronze,anabolic,,"Movement: Butt Lift (Bridge) Pattern: MovementPattern.LUNGE Primary muscle: PrimaryMuscle.GLUTES Primary region: PrimaryRegion.POSTERIOR_LOWER Characteristics: compound=False, unilateral=False, complex_lift=False CNS load: CNSLoad.MODERATE Skill level: SkillLevel.INTERMEDIATE Spinal compression: SpinalCompression.NONE Tier: MovementTier.BRONZE Metabolic demand: MetabolicDemand.ANABOLIC Metric type: MetricType.REPS Equipment: none Tags: strength Substitution group: butt_lift Coaching cues: Lie flat on the floor on your back with the hands by your side and your knees bent. Your feet should be placed around shoulder width. This will be your starting position. | Pushing mainly with your heels, lift your hips off the floor while keeping your back straight. Breathe out as you perform this part of the motion and hold at the top for a second. | Slowly go back to the starting position as you breathe in."
8,Romanian Deadlift,hinge,hamstrings,posterior lower,high,intermediate,true,false,false,reps,,rdl,,0.7999999999999999,0.95,0.4,48,none,bronze,anabolic,,"Movement: Romanian Deadlift Pattern: MovementPattern.HINGE Primary muscle: PrimaryMuscle.HAMSTRINGS Primary region: PrimaryRegion.POSTERIOR_LOWER Characteristics: compound=True, unilateral=False, complex_lift=False CNS load: CNSLoad.HIGH Skill level: SkillLevel.INTERMEDIATE Spinal compression: SpinalCompression.NONE Tier: MovementTier.BRONZE Metabolic demand: MetabolicDemand.ANABOLIC Metric type: MetricType.REPS Equipment: barbell, dumbbell Tags: strength, hypertrophy Substitution group: rdl"
9,Single Leg Romanian Deadlift,hinge,hamstrings,posterior lower,moderate,intermediate,true,false,true,reps,,rdl_unilateral,,0.6,0.8,0.5,48,none,bronze,anabolic,,"Movement: Single Leg Romanian Deadlift Pattern: MovementPattern.HINGE Primary muscle: PrimaryMuscle.HAMSTRINGS Primary region: PrimaryRegion.POSTERIOR_LOWER Characteristics: compound=True, unilateral=True, complex_lift=False CNS load: CNSLoad.MODERATE Skill level: SkillLevel.INTERMEDIATE Spinal compression: SpinalCompression.NONE Tier: MovementTier.BRONZE Metabolic demand: MetabolicDemand.ANABOLIC Metric type: MetricType.REPS Equipment: none, kettlebell, dumbbell Tags: athleticism, hypertrophy Substitution group: rdl_unilateral"
10,Hip Thrust,hinge,glutes,posterior lower,moderate,beginner,true,false,false,reps,,hip_extension,,0.6,0.8,0.2,48,none,bronze,anabolic,,"Movement: Hip Thrust Pattern: MovementPattern.HINGE Primary muscle: PrimaryMuscle.GLUTES Primary region: PrimaryRegion.POSTERIOR_LOWER Characteristics: compound=True, unilateral=False, complex_lift=False CNS load: CNSLoad.MODERATE Skill level: SkillLevel.BEGINNER Spinal compression: SpinalCompression.NONE Tier: MovementTier.BRONZE Metabolic demand: MetabolicDemand.ANABOLIC Metric type: MetricType.REPS Equipment: barbell, dumbbell Tags: athleticism, hypertrophy Substitution group: hip_extension"
127,Conan's Wheel,lunge,quadriceps,anterior lower,moderate,intermediate,false,false,false,reps,,conan_s_wheel,,0.4,0.6,0.4,24,none,bronze,anabolic,,"Movement: Conan's Wheel Pattern: MovementPattern.LUNGE Primary muscle: PrimaryMuscle.QUADRICEPS Primary region: PrimaryRegion.ANTERIOR_LOWER Characteristics: compound=False, unilateral=False, complex_lift=False CNS load: CNSLoad.MODERATE Skill level: SkillLevel.INTERMEDIATE Spinal compression: SpinalCompression.NONE Tier: MovementTier.BRONZE Metabolic demand: MetabolicDemand.ANABOLIC Metric type: MetricType.REPS Equipment: other Disciplines: strongman, powerlifting Substitution group: conan_s_wheel Coaching cues: With the weight loaded, take a zurcher hold on the end of the implement. Place the bar in the crook of the elbow and hold onto your wrist. Try to keep the weight off of the forearms. | Begin by lifting the weight from the ground. Keep a tight, upright posture as you being to walk, taking short, fast steps. Look up and away as you turn in a circle. Do not hold your breath during the event. Continue walking until you complete one or more complete turns."
65,Turkish Get-Up,mobility,full_body,full body,moderate,advanced,true,false,true,reps,,turkish_getup,,0.6,0.8,0.7,48,none,bronze,anabolic,,"Movement: Turkish Get-Up Pattern: MovementPattern.MOBILITY Primary muscle: PrimaryMuscle.FULL_BODY Primary region: PrimaryRegion.FULL_BODY Characteristics: compound=True, unilateral=True, complex_lift=False CNS load: CNSLoad.MODERATE Skill level: SkillLevel.ADVANCED Spinal compression: SpinalCompression.NONE Tier: MovementTier.BRONZE Metabolic demand: MetabolicDemand.ANABOLIC Metric type: MetricType.REPS Equipment: kettlebell, dumbbell Tags: athleticism, mobility Substitution group: turkish_getup"
62,Sprint,plyometric,hamstrings,posterior lower,very_high,intermediate,true,false,false,distance,,sprint,,1,0.95,0.4,72,none,bronze,anabolic,,"Movement: Sprint Pattern: MovementPattern.PLYOMETRIC Primary muscle: PrimaryMuscle.HAMSTRINGS Primary region: PrimaryRegion.POSTERIOR_LOWER Characteristics: compound=True, unilateral=False, complex_lift=False CNS load: CNSLoad.VERY_HIGH Skill level: SkillLevel.INTERMEDIATE Spinal compression: SpinalCompression.NONE Tier: MovementTier.BRONZE Metabolic demand: MetabolicDemand.ANABOLIC Metric type: MetricType.DISTANCE Equipment: none Tags: athleticism, speed Substitution group: sprint"
69,Adductor/Groin,mobility,adductors,lower body,moderate,intermediate,false,false,false,reps,Groin Split Leg Stretch,adductor_groin,,0.4,0.6,0.4,24,none,bronze,anabolic,,"Movement: Adductor/Groin Pattern: MovementPattern.MOBILITY Primary muscle: PrimaryMuscle.ADDUCTORS Primary region: PrimaryRegion.LOWER_BODY Characteristics: compound=False, unilateral=False, complex_lift=False CNS load: CNSLoad.MODERATE Skill level: SkillLevel.INTERMEDIATE Spinal compression: SpinalCompression.NONE Tier: MovementTier.BRONZE Metabolic demand: MetabolicDemand.ANABOLIC Metric type: MetricType.REPS Equipment: none Tags: stretching, mobility Substitution group: adductor_groin Description: Groin Split Leg Stretch Coaching cues: Lie on your back with your feet raised towards the ceiling. | Have your partner hold your feet or ankles. Abduct your legs as far as you can. This will be your starting position. | Attempt to squeeze your legs together for 10 or more seconds, while your partner prevents you from doing so. | Now, relax the muscles in your legs as your partner pushes your feet apart, stretching as far as is comfortable for you. Be sure to let your partner know when the stretch is adequate to prevent overstretching or injury."
67,Machine Crunch,core,core,full body,moderate,intermediate,false,false,false,time,Crunch performed with a machine,crunch,,0.4,0.6,0.4,24,none,bronze,anabolic,,"Movement: Machine Crunch Pattern: MovementPattern.CORE Primary muscle: PrimaryMuscle.CORE Primary region: PrimaryRegion.FULL_BODY Characteristics: compound=False, unilateral=False, complex_lift=False CNS load: CNSLoad.MODERATE Skill level: SkillLevel.INTERMEDIATE Spinal compression: SpinalCompression.NONE Tier: MovementTier.BRONZE Metabolic demand: MetabolicDemand.ANABOLIC Metric type: MetricType.TIME Equipment: machine Tags: strength Substitution group: crunch Description: Crunch performed with a machine Coaching cues: Select a light resistance and sit down on the ab machine placing your feet under the pads provided and grabbing the top handles. Your arms should be bent at a 90 degree angle as you rest the triceps on the pads provided. This will be your starting position. | At the same time, begin to lift the legs up as you crunch your upper torso. Breathe out as you perform this movement. Tip: Be sure to use a slow and controlled motion. Concentrate on using your abs to move the weight while relaxing your legs and feet. | After a second pause, slowly return to the starting position as you breathe in. | Repeat the movement for the prescribed amount of repetitions."
70,Advanced Kettlebell Windmill,isolation,core,full body,moderate,intermediate,false,false,false,reps,,advanced_windmill,,0.4,0.6,0.4,24,none,bronze,anabolic,,"Movement: Advanced Kettlebell Windmill Pattern: MovementPattern.ISOLATION Primary muscle: PrimaryMuscle.CORE Primary region: PrimaryRegion.FULL_BODY Characteristics: compound=False, unilateral=False, complex_lift=False CNS load: CNSLoad.MODERATE Skill level: SkillLevel.INTERMEDIATE Spinal compression: SpinalCompression.NONE Tier: MovementTier.BRONZE Metabolic demand: MetabolicDemand.ANABOLIC Metric type: MetricType.REPS Equipment: kettlebell Tags: strength Disciplines: bodybuilding Substitution group: advanced_windmill Coaching cues: Clean and press a kettlebell overhead with one arm. | Keeping the kettlebell locked out at all times, push your butt out in the direction of the locked out kettlebell. Keep the non-working arm behind your back and turn your feet out at a forty-five degree angle from the arm with the kettlebell. | Lower yourself as far as possible. | Pause for a second and reverse the motion back to the starting position."
222,One-Arm Kettlebell Swings,lunge,hamstrings,posterior lower,moderate,intermediate,false,false,false,reps,,one_arm_swings,,0.4,0.6,0.4,24,none,bronze,anabolic,,"Movement: One-Arm Kettlebell Swings Pattern: MovementPattern.LUNGE Primary muscle: PrimaryMuscle.HAMSTRINGS Primary region: PrimaryRegion.POSTERIOR_LOWER Characteristics: compound=False, unilateral=False, complex_lift=False CNS load: CNSLoad.MODERATE Skill level: SkillLevel.INTERMEDIATE Spinal compression: SpinalCompression.NONE Tier: MovementTier.BRONZE Metabolic demand: MetabolicDemand.ANABOLIC Metric type: MetricType.REPS Equipment: kettlebell Tags: strength Substitution group: one_arm_swings"
83,Band Skullcrusher,isolation,triceps,posterior upper,moderate,intermediate,false,false,false,reps,Skullcrusher performed with bands,skullcrusher,,0.4,0.6,0.4,24,none,bronze,anabolic,,"Movement: Band Skullcrusher Pattern: MovementPattern.ISOLATION Primary muscle: PrimaryMuscle.TRICEPS Primary region: PrimaryRegion.POSTERIOR_UPPER Characteristics: compound=False, unilateral=False, complex_lift=False CNS load: CNSLoad.MODERATE Skill level: SkillLevel.INTERMEDIATE Spinal compression: SpinalCompression.NONE Tier: MovementTier.BRONZE Metabolic demand: MetabolicDemand.ANABOLIC Metric type: MetricType.REPS Equipment: band Tags: strength Disciplines: bodybuilding Substitution group: skullcrusher Description: Skullcrusher performed with bands Coaching cues: Secure a band to the base of a rack or the bench. Lay on the bench so that the band is lined up with your head. | Take hold of the band, raising your elbows so that the upper arm is perpendicular to the floor. With the elbow flexed, the band should be above your head. This will be your starting position. | Extend through the elbow to straighten your arm, keeping your upper arm in place. Pause at the top of the motion, and return to the starting position."
71,Air Bike,isolation,core,full body,moderate,intermediate,false,false,false,reps,,air_bike,,0.4,0.6,0.4,24,none,bronze,anabolic,,"Movement: Air Bike Pattern: MovementPattern.ISOLATION Primary muscle: PrimaryMuscle.CORE Primary region: PrimaryRegion.FULL_BODY Characteristics: compound=False, unilateral=False, complex_lift=False CNS load: CNSLoad.MODERATE Skill level: SkillLevel.INTERMEDIATE Spinal compression: SpinalCompression.NONE Tier: MovementTier.BRONZE Metabolic demand: MetabolicDemand.ANABOLIC Metric type: MetricType.REPS Equipment: none Tags: strength Disciplines: bodybuilding Substitution group: air_bike Coaching cues: Lie flat on the floor with your lower back pressed to the ground. For this exercise, you will need to put your hands beside your head. Be careful however to not strain with the neck as you perform it. Now lift your shoulders into the crunch position. | Bring knees up to where they are perpendicular to the floor, with your lower legs parallel to the floor. This will be your starting position. | Now simultaneously, slowly go through a cycle pedal motion kicking forward with the right leg and bringing in the knee of the left leg. Bring your right elbow close to your left knee by crunching to the side, as you breathe out. | Go back to the initial position as you breathe in. | Crunch to the opposite side as you cycle your legs and bring closer your left elbow to your right knee and exhale. | Continue alternating in this manner until all of the recommended repetitions for each side have been completed."
73,Ankle Circles,mobility,calves,posterior lower,moderate,intermediate,false,false,false,reps,,ankle_circles,,0.4,0.6,0.4,24,none,bronze,anabolic,,"Movement: Ankle Circles Pattern: MovementPattern.MOBILITY Primary muscle: PrimaryMuscle.CALVES Primary region: PrimaryRegion.POSTERIOR_LOWER Characteristics: compound=False, unilateral=False, complex_lift=False CNS load: CNSLoad.MODERATE Skill level: SkillLevel.INTERMEDIATE Spinal compression: SpinalCompression.NONE Tier: MovementTier.BRONZE Metabolic demand: MetabolicDemand.ANABOLIC Metric type: MetricType.REPS Equipment: none Tags: stretching, mobility Substitution group: ankle_circles Coaching cues: Use a sturdy object like a squat rack to hold yourself. | Lift the right leg in the air (just around 2 inches from the floor) and perform a circular motion with the big toe. Pretend that you are drawing a big circle with it. Tip: One circle equals 1 repetition. Breathe normally as you perform the movement. | When you are done with the right foot, then repeat with the left leg."
79,Atlas Stones,isolation,lower_back,posterior lower,moderate,intermediate,false,false,false,reps,,atlas_stones,,0.4,0.6,0.4,24,none,bronze,anabolic,,"Movement: Atlas Stones Pattern: MovementPattern.ISOLATION Primary muscle: PrimaryMuscle.LOWER_BACK Primary region: PrimaryRegion.POSTERIOR_LOWER Characteristics: compound=False, unilateral=False, complex_lift=False CNS load: CNSLoad.MODERATE Skill level: SkillLevel.INTERMEDIATE Spinal compression: SpinalCompression.NONE Tier: MovementTier.BRONZE Metabolic demand: MetabolicDemand.ANABOLIC Metric type: MetricType.REPS Equipment: other Disciplines: strongman, powerlifting, bodybuilding Substitution group: atlas_stones Coaching cues: Begin with the atlas stone between your feet. Bend at the hips to wrap your arms vertically around the Atlas Stone, attempting to get your fingers underneath the stone. Many stones will have a small flat portion on the bottom, which will make the stone easier to hold. | Pulling the stone into your torso, drive through the back half of your feet to pull the stone from the ground. | As the stone passes the knees, lap it by sitting backward, pulling the stone on top of your thighs. | Sit low, getting the stone high onto your chest as you change your grip to reach over the stone. Stand, driving through with your hips. Close distance to the loading platform, and lean back, extending the hips to get the stone as high as possible."
385,Dumbbell Thrusters,squat,quadriceps,lower body,moderate,intermediate,true,false,false,reps,,,,0.6,0.8,0.4,48,none,bronze,anabolic,,"Movement: Dumbbell Thrusters Pattern: MovementPattern.SQUAT Primary muscle: PrimaryMuscle.QUADRICEPS Primary region: PrimaryRegion.LOWER_BODY Characteristics: compound=True, unilateral=False, complex_lift=False CNS load: CNSLoad.MODERATE Skill level: SkillLevel.INTERMEDIATE Spinal compression: SpinalCompression.NONE Tier: MovementTier.BRONZE Metabolic demand: MetabolicDemand.ANABOLIC Metric type: MetricType.REPS Disciplines: crossfit"
74,Ankle On The Knee,mobility,glutes,posterior lower,moderate,intermediate,false,false,false,reps,,ankle_on_the_knee,,0.4,0.6,0.4,24,none,bronze,anabolic,,"Movement: Ankle On The Knee Pattern: MovementPattern.MOBILITY Primary muscle: PrimaryMuscle.GLUTES Primary region: PrimaryRegion.POSTERIOR_LOWER Characteristics: compound=False, unilateral=False, complex_lift=False CNS load: CNSLoad.MODERATE Skill level: SkillLevel.INTERMEDIATE Spinal compression: SpinalCompression.NONE Tier: MovementTier.BRONZE Metabolic demand: MetabolicDemand.ANABOLIC Metric type: MetricType.REPS Equipment: none Tags: stretching, mobility Substitution group: ankle_on_the_knee Coaching cues: From a lying position, bend your knees and keep your feet on the floor. | Place your ankle of one foot on your opposite knee. | Grasp the thigh or knee of the bottom leg and pull both of your legs into the chest. Relax your neck and shoulders. Hold for 10-20 seconds and then switch sides."
80,Back Flyes - With Bands,isolation,full_body,full body,moderate,intermediate,false,false,false,reps,,back_flyes_with_s,,0.4,0.6,0.4,24,none,bronze,anabolic,,"Movement: Back Flyes - With Bands Pattern: MovementPattern.ISOLATION Primary muscle: PrimaryMuscle.FULL_BODY Primary region: PrimaryRegion.FULL_BODY Characteristics: compound=False, unilateral=False, complex_lift=False CNS load: CNSLoad.MODERATE Skill level: SkillLevel.INTERMEDIATE Spinal compression: SpinalCompression.NONE Tier: MovementTier.BRONZE Metabolic demand: MetabolicDemand.ANABOLIC Metric type: MetricType.REPS Equipment: band Tags: strength Disciplines: bodybuilding Substitution group: back_flyes_with_s Coaching cues: Run a band around a stationary post like that of a squat rack. | Grab the band by the handles and stand back so that the tension in the band rises. | Extend and lift the arms straight in front of you. Tip: Your arms should be straight and parallel to the floor while perpendicular to your torso. Your feet should be firmly planted on the floor spread at shoulder width. This will be your starting position. | As you exhale, move your arms to the sides and back. Keep your arms extended and parallel to the floor. Continue the movement until the arms are extended to your sides. | After a pause, go back to the original position as you inhale. | Repeat for the recommended amount of repetitions."
81,Backward Drag,lunge,quadriceps,anterior lower,moderate,intermediate,false,false,false,reps,,backward_drag,,0.4,0.6,0.4,24,none,bronze,anabolic,,"Movement: Backward Drag Pattern: MovementPattern.LUNGE Primary muscle: PrimaryMuscle.QUADRICEPS Primary region: PrimaryRegion.ANTERIOR_LOWER Characteristics: compound=False, unilateral=False, complex_lift=False CNS load: CNSLoad.MODERATE Skill level: SkillLevel.INTERMEDIATE Spinal compression: SpinalCompression.NONE Tier: MovementTier.BRONZE Metabolic demand: MetabolicDemand.ANABOLIC Metric type: MetricType.REPS Equipment: other Disciplines: strongman, powerlifting Substitution group: backward_drag Coaching cues: Load a sled with the desired weight, attaching a rope or straps to the sled that you can hold onto. | Begin the exercise by moving backwards for a given distance. Leaning back, extend through the legs for short steps to move as quickly as possible."
84,Dumbbell Skullcrusher,isolation,triceps,posterior upper,moderate,intermediate,false,false,false,reps,Skullcrusher performed with dumbbells,skullcrusher,,0.4,0.6,0.4,24,none,bronze,anabolic,,"Movement: Dumbbell Skullcrusher Pattern: MovementPattern.ISOLATION Primary muscle: PrimaryMuscle.TRICEPS Primary region: PrimaryRegion.POSTERIOR_UPPER Characteristics: compound=False, unilateral=False, complex_lift=False CNS load: CNSLoad.MODERATE Skill level: SkillLevel.INTERMEDIATE Spinal compression: SpinalCompression.NONE Tier: MovementTier.BRONZE Metabolic demand: MetabolicDemand.ANABOLIC Metric type: MetricType.REPS Equipment: dumbbell, bench Tags: strength Disciplines: bodybuilding Substitution group: skullcrusher Description: Skullcrusher performed with dumbbells Coaching cues: Hold the dumbbells and lay down on a flat bench in such a way that around 1/4 of your head is over the edge. | Stretch your arms with the weights and bend them so that the dumbbells are lowered (make sure they don't touch each other). | Just before they touch your forehead, push them up. | Pay attention to your elbows and arms: only the triceps are doing the work, the rest of the arms should not move"
85,Barbell Glute Bridge,hinge,glutes,posterior lower,moderate,intermediate,false,false,false,reps,,glute_bridge,,0.4,0.6,0.4,24,none,bronze,anabolic,,"Movement: Barbell Glute Bridge Pattern: MovementPattern.HINGE Primary muscle: PrimaryMuscle.GLUTES Primary region: PrimaryRegion.POSTERIOR_LOWER Characteristics: compound=False, unilateral=False, complex_lift=False CNS load: CNSLoad.MODERATE Skill level: SkillLevel.INTERMEDIATE Spinal compression: SpinalCompression.NONE Tier: MovementTier.BRONZE Metabolic demand: MetabolicDemand.ANABOLIC Metric type: MetricType.REPS Equipment: barbell Tags: strength Substitution group: glute_bridge Coaching cues: Begin seated on the ground with a loaded barbell over your legs. Using a fat bar or having a pad on the bar can greatly reduce the discomfort caused by this exercise. Roll the bar so that it is directly above your hips, and lay down flat on the floor. | Begin the movement by driving through with your heels, extending your hips vertically through the bar. Your weight should be supported by your upper back and the heels of your feet. | Extend as far as possible, then reverse the motion to return to the starting position."
86,Barbell Shrug,isolation,upper_back,posterior upper,moderate,intermediate,false,false,false,reps,,shrug,,0.4,0.6,0.4,24,none,bronze,anabolic,,"Movement: Barbell Shrug Pattern: MovementPattern.ISOLATION Primary muscle: PrimaryMuscle.UPPER_BACK Primary region: PrimaryRegion.POSTERIOR_UPPER Characteristics: compound=False, unilateral=False, complex_lift=False CNS load: CNSLoad.MODERATE Skill level: SkillLevel.INTERMEDIATE Spinal compression: SpinalCompression.NONE Tier: MovementTier.BRONZE Metabolic demand: MetabolicDemand.ANABOLIC Metric type: MetricType.REPS Equipment: barbell Tags: strength Disciplines: bodybuilding Substitution group: shrug Coaching cues: Stand up straight with your feet at shoulder width as you hold a barbell with both hands in front of you using a pronated grip (palms facing the thighs). Tip: Your hands should be a little wider than shoulder width apart. You can use wrist wraps for this exercise for a better grip. This will be your starting position. | Raise your shoulders up as far as you can go as you breathe out and hold the contraction for a second. Tip: Refrain from trying to lift the barbell by using your biceps. | Slowly return to the starting position as you breathe in. | Repeat for the recommended amount of repetitions."
386,Foot Handstand Walk,vertical_push,chest,upper body,moderate,intermediate,true,false,false,reps,,,,0.6,0.8,0.4,48,none,bronze,anabolic,,"Movement: Foot Handstand Walk Pattern: MovementPattern.VERTICAL_PUSH Primary muscle: PrimaryMuscle.CHEST Primary region: PrimaryRegion.UPPER_BODY Characteristics: compound=True, unilateral=False, complex_lift=False CNS load: CNSLoad.MODERATE Skill level: SkillLevel.INTERMEDIATE Spinal compression: SpinalCompression.NONE Tier: MovementTier.BRONZE Metabolic demand: MetabolicDemand.ANABOLIC Metric type: MetricType.REPS Disciplines: crossfit"
87,Barbell Step Ups,lunge,quadriceps,anterior lower,moderate,intermediate,false,false,false,reps,,step_ups,,0.4,0.6,0.4,24,none,bronze,anabolic,,"Movement: Barbell Step Ups Pattern: MovementPattern.LUNGE Primary muscle: PrimaryMuscle.QUADRICEPS Primary region: PrimaryRegion.ANTERIOR_LOWER Characteristics: compound=False, unilateral=False, complex_lift=False CNS load: CNSLoad.MODERATE Skill level: SkillLevel.INTERMEDIATE Spinal compression: SpinalCompression.NONE Tier: MovementTier.BRONZE Metabolic demand: MetabolicDemand.ANABOLIC Metric type: MetricType.REPS Equipment: barbell Tags: strength Substitution group: step_ups Coaching cues: Stand up straight while holding a barbell placed on the back of your shoulders (slightly below the neck) and stand upright behind an elevated platform (such as the one used for spotting behind a flat bench). This is your starting position. | Place the right foot on the elevated platform. Step on the platform by extending the hip and the knee of your right leg. Use the heel mainly to lift the rest of your body up and place the foot of the left leg on the platform as well. Breathe out as you execute the force required to come up. | Step down with the left leg by flexing the hip and knee of the right leg as you inhale. Return to the original standing position by placing the right foot of to next to the left foot on the initial position. | Repeat with the right leg for the recommended amount of repetitions and then perform with the left leg."
88,Battling Ropes,isolation,full_body,full body,moderate,intermediate,false,false,false,reps,,battling_ropes,,0.4,0.6,0.4,24,none,bronze,anabolic,,"Movement: Battling Ropes Pattern: MovementPattern.ISOLATION Primary muscle: PrimaryMuscle.FULL_BODY Primary region: PrimaryRegion.FULL_BODY Characteristics: compound=False, unilateral=False, complex_lift=False CNS load: CNSLoad.MODERATE Skill level: SkillLevel.INTERMEDIATE Spinal compression: SpinalCompression.NONE Tier: MovementTier.BRONZE Metabolic demand: MetabolicDemand.ANABOLIC Metric type: MetricType.REPS Equipment: other Tags: strength Disciplines: bodybuilding Substitution group: battling_ropes Coaching cues: For this exercise you will need a heavy rope anchored at its center 15-20 feet away. Standing in front of the rope, take an end in each hand with your arms extended at your side. This will be your starting position. | Initiate the movement by rapidly raising one arm to shoulder level as quickly as you can. | As you let that arm drop to the starting position, raise the opposite side. | Continue alternating your left and right arms, whipping the ropes up and down as fast as you can."
89,Bear Crawl Sled Drags,lunge,quadriceps,anterior lower,moderate,intermediate,false,false,false,reps,,bear_crawl_drags,,0.4,0.6,0.4,24,none,bronze,anabolic,,"Movement: Bear Crawl Sled Drags Pattern: MovementPattern.LUNGE Primary muscle: PrimaryMuscle.QUADRICEPS Primary region: PrimaryRegion.ANTERIOR_LOWER Characteristics: compound=False, unilateral=False, complex_lift=False CNS load: CNSLoad.MODERATE Skill level: SkillLevel.INTERMEDIATE Spinal compression: SpinalCompression.NONE Tier: MovementTier.BRONZE Metabolic demand: MetabolicDemand.ANABOLIC Metric type: MetricType.REPS Equipment: other Disciplines: strongman, powerlifting Substitution group: bear_crawl_drags Coaching cues: Wearing either a harness or a loose weight belt, attach the chain to the back so that you will be facing away from the sled. Bend down so that your hands are on the ground. Your back should be flat and knees bent. This is your starting position. | Begin by driving with legs, alternating left and right. Use your hands to maintain balance and to help pull. Try to keep your back flat as you move over a given distance."
90,Bent-Arm Barbell Pullover,isolation,lats,posterior upper,moderate,intermediate,false,false,false,reps,,bent_arm_pullover,,0.4,0.6,0.4,24,none,bronze,anabolic,,"Movement: Bent-Arm Barbell Pullover Pattern: MovementPattern.ISOLATION Primary muscle: PrimaryMuscle.LATS Primary region: PrimaryRegion.POSTERIOR_UPPER Characteristics: compound=False, unilateral=False, complex_lift=False CNS load: CNSLoad.MODERATE Skill level: SkillLevel.INTERMEDIATE Spinal compression: SpinalCompression.NONE Tier: MovementTier.BRONZE Metabolic demand: MetabolicDemand.ANABOLIC Metric type: MetricType.REPS Equipment: barbell Tags: strength Disciplines: bodybuilding Substitution group: bent_arm_pullover Coaching cues: Lie on a flat bench with a barbell using a shoulder grip width. | Hold the bar straight over your chest with a bend in your arms. This will be your starting position. | While keeping your arms in the bent arm position, lower the weight slowly in an arc behind your head while breathing in until you feel a stretch on the chest. | At that point, bring the barbell back to the starting position using the arc through which the weight was lowered and exhale as you perform this movement. | Hold the weight on the initial position for a second and repeat the motion for the prescribed number of repetitions."
97,Bottoms-Up Clean From The Hang Position,olympic,forearms,anterior upper,moderate,intermediate,true,true,false,reps,,bottoms_up_clean_from_the_hang_position,,0.6,0.8500000000000001,0.6000000000000001,48,none,bronze,anabolic,,"Movement: Bottoms-Up Clean From The Hang Position Pattern: MovementPattern.OLYMPIC Primary muscle: PrimaryMuscle.FOREARMS Primary region: PrimaryRegion.ANTERIOR_UPPER Characteristics: compound=True, unilateral=False, complex_lift=True CNS load: CNSLoad.MODERATE Skill level: SkillLevel.INTERMEDIATE Spinal compression: SpinalCompression.NONE Tier: MovementTier.BRONZE Metabolic demand: MetabolicDemand.ANABOLIC Metric type: MetricType.REPS Equipment: kettlebell Tags: strength, olympic_lifting Substitution group: bottoms_up_clean_from_the_hang_position Coaching cues: Initiate the exercise by standing upright with a kettlebell in one hand. | Swing the kettlebell back forcefully and then reverse the motion forcefully. Crush the kettlebell handle as hard as possible and raise the kettlebell to your shoulder."
96,Bosu Ball Cable Crunch With Side Bends,core,core,full body,moderate,intermediate,false,false,false,time,,bosu_ball_crunch_with_side_bends,,0.4,0.6,0.4,24,none,bronze,anabolic,,"Movement: Bosu Ball Cable Crunch With Side Bends Pattern: MovementPattern.CORE Primary muscle: PrimaryMuscle.CORE Primary region: PrimaryRegion.FULL_BODY Characteristics: compound=False, unilateral=False, complex_lift=False CNS load: CNSLoad.MODERATE Skill level: SkillLevel.INTERMEDIATE Spinal compression: SpinalCompression.NONE Tier: MovementTier.BRONZE Metabolic demand: MetabolicDemand.ANABOLIC Metric type: MetricType.TIME Equipment: cable Tags: strength Substitution group: bosu_ball_crunch_with_side_bends Coaching cues: Connect a standard handle to each arm of a cable machine, and position them in the most downward position. | Grab a Bosu Ball and position it in front and center of the cable machine. | Lie down on the Bosu Ball with the small of your back arched around the ball. Your rear end should be close to the floor without touching it. | With both hands, reach back and grab the handle of each cable. | With your feet positioned in a wide stance, extend your arms straight out in front of you and in between your knees. Your hands should be at knee level. | Keep your arms straight and in-line with the upward angle of the cable. Elevate your torso in a crunching motion without dropping or bending your arms. | Maintain the rigid position with your arms. Slowly descend back to the starting position with your back arched around the Bosu Ball and your abdominals elongated. | Repeat the same series of movements to failure. | Once you reach failure, keep your abs tight and raise your torso into plank position so your back is elevated off the Bosu Ball. | Lower your arms down to your side; keep them straight. Start doing alternating side bends; reach for your heels! This finishing movement will focus on your obliques."
99,Bradford/Rocky Presses,isolation,full_body,full body,moderate,intermediate,true,false,false,reps,,bradford_rocky_presses,,0.6,0.8,0.4,48,none,bronze,anabolic,,"Movement: Bradford/Rocky Presses Pattern: MovementPattern.ISOLATION Primary muscle: PrimaryMuscle.FULL_BODY Primary region: PrimaryRegion.FULL_BODY Characteristics: compound=True, unilateral=False, complex_lift=False CNS load: CNSLoad.MODERATE Skill level: SkillLevel.INTERMEDIATE Spinal compression: SpinalCompression.NONE Tier: MovementTier.BRONZE Metabolic demand: MetabolicDemand.ANABOLIC Metric type: MetricType.REPS Equipment: barbell Tags: strength Disciplines: bodybuilding Substitution group: bradford_rocky_presses Coaching cues: Sit on a Military Press Bench with a bar at shoulder level with a pronated grip (palms facing forward). Tip: Your grip should be wider than shoulder width and it should create a 90-degree angle between the forearm and the upper arm as the barbell goes down. This is your starting position. | Once you pick up the barbell with the correct grip, lift the bar up over your head by locking your arms. | Now lower the bar down to the back of the head slowly as you inhale. | Lift the bar back up to the starting position as you exhale. | Lower the bar down to the starting position slowly as you inhale. This is one repetition. | Alternate in this manner until you complete the recommended amount of repetitions."
94,"Bicycling, Stationary",cardio,quadriceps,anterior lower,low,intermediate,false,false,false,time,,bicycling_stationary,,0.19999999999999998,0.5,0.4,12,none,bronze,anabolic,,"Movement: Bicycling, Stationary Pattern: MovementPattern.CARDIO Primary muscle: PrimaryMuscle.QUADRICEPS Primary region: PrimaryRegion.ANTERIOR_LOWER Characteristics: compound=False, unilateral=False, complex_lift=False CNS load: CNSLoad.LOW Skill level: SkillLevel.INTERMEDIATE Spinal compression: SpinalCompression.NONE Tier: MovementTier.BRONZE Metabolic demand: MetabolicDemand.ANABOLIC Metric type: MetricType.TIME Equipment: machine Tags: cardio Substitution group: bicycling_stationary Coaching cues: To begin, seat yourself on the bike and adjust the seat to your height. | Select the desired option from the menu. You may have to start pedaling to turn it on. You can use the manual setting, or you can select a program to use. Typically, you can enter your age and weight to estimate the amount of calories burned during exercise. The level of resistance can be changed throughout the workout. The handles can be used to monitor your heart rate to help you stay at an appropriate intensity."
225,One Half Locust,mobility,quadriceps,anterior lower,moderate,intermediate,false,false,false,reps,,one_half_locust,,0.4,0.6,0.4,24,none,bronze,anabolic,,"Movement: One Half Locust Pattern: MovementPattern.MOBILITY Primary muscle: PrimaryMuscle.QUADRICEPS Primary region: PrimaryRegion.ANTERIOR_LOWER Characteristics: compound=False, unilateral=False, complex_lift=False CNS load: CNSLoad.MODERATE Skill level: SkillLevel.INTERMEDIATE Spinal compression: SpinalCompression.NONE Tier: MovementTier.BRONZE Metabolic demand: MetabolicDemand.ANABOLIC Metric type: MetricType.REPS Equipment: none Tags: stretching, mobility Substitution group: one_half_locust Coaching cues: Lie facedown on the floor. | Put your left hand under your left hipbone to pad your hip and pubic bone. | Bend your right knee so you can hold the foot in your right hand. | Lift the foot in the air and simultaneously lift your shoulders off the floor. This also stretches the right hip flexor and the chest and shoulders. Switch sides. If it doesn't bother your back, you can try it with both arms and legs at the same time."
102,Cable Crossover,isolation,chest,anterior upper,moderate,intermediate,false,false,false,reps,,crossover,,0.4,0.6,0.4,24,none,bronze,anabolic,,"Movement: Cable Crossover Pattern: MovementPattern.ISOLATION Primary muscle: PrimaryMuscle.CHEST Primary region: PrimaryRegion.ANTERIOR_UPPER Characteristics: compound=False, unilateral=False, complex_lift=False CNS load: CNSLoad.MODERATE Skill level: SkillLevel.INTERMEDIATE Spinal compression: SpinalCompression.NONE Tier: MovementTier.BRONZE Metabolic demand: MetabolicDemand.ANABOLIC Metric type: MetricType.REPS Equipment: cable Tags: strength Disciplines: bodybuilding Substitution group: crossover Coaching cues: To get yourself into the starting position, place the pulleys on a high position (above your head), select the resistance to be used and hold the pulleys in each hand. | Step forward in front of an imaginary straight line between both pulleys while pulling your arms together in front of you. Your torso should have a small forward bend from the waist. This will be your starting position. | With a slight bend on your elbows in order to prevent stress at the biceps tendon, extend your arms to the side (straight out at both sides) in a wide arc until you feel a stretch on your chest. Breathe in as you perform this portion of the movement. Tip: Keep in mind that throughout the movement, the arms and torso should remain stationary; the movement should only occur at the shoulder joint. | Return your arms back to the starting position as you breathe out. Make sure to use the same arc of motion used to lower the weights. | Hold for a second at the starting position and repeat the movement for the prescribed amount of repetitions."
105,Cable Incline Pushdown,isolation,lats,posterior upper,moderate,intermediate,false,false,false,reps,,pushdown,,0.4,0.6,0.4,24,none,bronze,anabolic,,"Movement: Cable Incline Pushdown Pattern: MovementPattern.ISOLATION Primary muscle: PrimaryMuscle.LATS Primary region: PrimaryRegion.POSTERIOR_UPPER Characteristics: compound=False, unilateral=False, complex_lift=False CNS load: CNSLoad.MODERATE Skill level: SkillLevel.INTERMEDIATE Spinal compression: SpinalCompression.NONE Tier: MovementTier.BRONZE Metabolic demand: MetabolicDemand.ANABOLIC Metric type: MetricType.REPS Equipment: cable Tags: strength Disciplines: bodybuilding Substitution group: pushdown Coaching cues: Lie on incline an bench facing away from a high pulley machine that has a straight bar attachment on it. | Grasp the straight bar attachment overhead with a pronated (overhand; palms down) shoulder width grip and extend your arms in front of you. The bar should be around 2 inches away from your upper thighs. This will be your starting position. | Keeping the upper arms stationary, lift your arms back in a semi circle until the bar is straight over your head. Breathe in during this portion of the movement. | Slowly go back to the starting position using your lats and hold the contraction once you reach the starting position. Breathe out during the execution of this movement. | Repeat for the recommended amount of repetitions."
106,Cable Iron Cross,isolation,chest,anterior upper,moderate,intermediate,false,false,false,reps,,iron_cross,,0.4,0.6,0.4,24,none,bronze,anabolic,,"Movement: Cable Iron Cross Pattern: MovementPattern.ISOLATION Primary muscle: PrimaryMuscle.CHEST Primary region: PrimaryRegion.ANTERIOR_UPPER Characteristics: compound=False, unilateral=False, complex_lift=False CNS load: CNSLoad.MODERATE Skill level: SkillLevel.INTERMEDIATE Spinal compression: SpinalCompression.NONE Tier: MovementTier.BRONZE Metabolic demand: MetabolicDemand.ANABOLIC Metric type: MetricType.REPS Equipment: cable Tags: strength Disciplines: bodybuilding Substitution group: iron_cross Coaching cues: Begin by moving the pulleys to the high position, select the resistance to be used, and take a handle in each hand. | Stand directly between both pulleys with your arms extended out to your sides. Your head and chest should be up while your arms form a . This will be your starting position. | Keeping the elbows extended, pull your arms straight to your sides. | Return your arms back to the starting position after a pause at the peak contraction. | Continue the movement for the prescribed number of repetitions."
107,Cable Judo Flip,isolation,core,full body,moderate,intermediate,false,false,false,reps,,judo_flip,,0.4,0.6,0.4,24,none,bronze,anabolic,,"Movement: Cable Judo Flip Pattern: MovementPattern.ISOLATION Primary muscle: PrimaryMuscle.CORE Primary region: PrimaryRegion.FULL_BODY Characteristics: compound=False, unilateral=False, complex_lift=False CNS load: CNSLoad.MODERATE Skill level: SkillLevel.INTERMEDIATE Spinal compression: SpinalCompression.NONE Tier: MovementTier.BRONZE Metabolic demand: MetabolicDemand.ANABOLIC Metric type: MetricType.REPS Equipment: cable Tags: strength Disciplines: bodybuilding Substitution group: judo_flip Coaching cues: Connect a rope attachment to a tower, and move the cable to the lowest pulley position. Stand with your side to the cable with a wide stance, and grab the rope with both hands. | Twist your body away from the pulley as you bring the rope over your shoulder like you performing a judo flip. | Shift your weight between your feet as you twist and crunch forward, pulling the cable downward. | Return to the starting position and repeat until failure. | Then, reposition and repeat the same series of movements on the opposite side."
108,Cable Rear Delt Fly,isolation,full_body,full body,moderate,intermediate,false,false,false,reps,,rear_delt_fly,,0.4,0.6,0.4,24,none,bronze,anabolic,,"Movement: Cable Rear Delt Fly Pattern: MovementPattern.ISOLATION Primary muscle: PrimaryMuscle.FULL_BODY Primary region: PrimaryRegion.FULL_BODY Characteristics: compound=False, unilateral=False, complex_lift=False CNS load: CNSLoad.MODERATE Skill level: SkillLevel.INTERMEDIATE Spinal compression: SpinalCompression.NONE Tier: MovementTier.BRONZE Metabolic demand: MetabolicDemand.ANABOLIC Metric type: MetricType.REPS Equipment: cable Tags: strength Disciplines: bodybuilding Substitution group: rear_delt_fly Coaching cues: Adjust the pulleys to the appropriate height and adjust the weight. The pulleys should be above your head. | Grab the left pulley with your right hand and the right pulley with your left hand, crossing them in front of you. This will be your starting position. | Initiate the movement by moving your arms back and outward, keeping your arms straight as you execute the movement. | Pause at the end of the motion before returning the handles to the start position."
116,Calves-SMR,mobility,calves,posterior lower,moderate,intermediate,false,false,false,reps,,calves_smr,,0.4,0.6,0.4,24,none,bronze,anabolic,,"Movement: Calves-SMR Pattern: MovementPattern.MOBILITY Primary muscle: PrimaryMuscle.CALVES Primary region: PrimaryRegion.POSTERIOR_LOWER Characteristics: compound=False, unilateral=False, complex_lift=False CNS load: CNSLoad.MODERATE Skill level: SkillLevel.INTERMEDIATE Spinal compression: SpinalCompression.NONE Tier: MovementTier.BRONZE Metabolic demand: MetabolicDemand.ANABOLIC Metric type: MetricType.REPS Equipment: foam roll Tags: stretching, mobility Substitution group: calves_smr Coaching cues: Begin seated on the floor. Place a foam roller underneath your lower leg. Your other leg can either be crossed over the opposite or be placed on the floor, supporting some of your weight. This will be your starting position. | Place your hands to your side or just behind you, and press down to raise your hips off of the floor, placing much of your weight against your calf muscle. Roll from below the knee to above the ankle, pausing at points of tension for 10-30 seconds. Repeat for the other leg."
110,Cable Rope Rear-Delt Rows,horizontal_pull,full_body,full body,moderate,intermediate,true,false,false,time,,rope_rear_delt_rows,,0.6,0.8,0.4,48,none,bronze,anabolic,,"Movement: Cable Rope Rear-Delt Rows Pattern: MovementPattern.HORIZONTAL_PULL Primary muscle: PrimaryMuscle.FULL_BODY Primary region: PrimaryRegion.FULL_BODY Characteristics: compound=True, unilateral=False, complex_lift=False CNS load: CNSLoad.MODERATE Skill level: SkillLevel.INTERMEDIATE Spinal compression: SpinalCompression.NONE Tier: MovementTier.BRONZE Metabolic demand: MetabolicDemand.ANABOLIC Metric type: MetricType.TIME Equipment: cable Tags: strength Substitution group: rope_rear_delt_rows Coaching cues: Sit in the same position on a low pulley row station as you would if you were doing seated cable rows for the back. | Attach a rope to the pulley and grasp it with an overhand grip. Your arms should be extended and parallel to the floor with the elbows flared out. | Keep your lower back upright and slide your hips back so that your knees are slightly bent. This will be your starting position. | Pull the cable attachment towards your upper chest, just below the neck, as you keep your elbows up and out to the sides. Continue this motion as you exhale until the elbows travel slightly behind the back. Tip: Keep your upper arms horizontal, perpendicular to the torso and parallel to the floor throughout the motion. | Go back to the initial position where the arms are extended and the shoulders are stretched forward. Inhale as you perform this portion of the movement. | Repeat for the recommended amount of repetitions."
388,Jumping Squats,squat,quadriceps,lower body,moderate,intermediate,true,false,false,reps,,,,0.6,0.8,0.4,48,none,bronze,anabolic,,"Movement: Jumping Squats Pattern: MovementPattern.SQUAT Primary muscle: PrimaryMuscle.QUADRICEPS Primary region: PrimaryRegion.LOWER_BODY Characteristics: compound=True, unilateral=False, complex_lift=False CNS load: CNSLoad.MODERATE Skill level: SkillLevel.INTERMEDIATE Spinal compression: SpinalCompression.NONE Tier: MovementTier.BRONZE Metabolic demand: MetabolicDemand.ANABOLIC Metric type: MetricType.REPS Disciplines: crossfit"
111,Cable Russian Twists,isolation,core,full body,moderate,intermediate,false,false,false,reps,,russian_twists,,0.4,0.6,0.4,24,none,bronze,anabolic,,"Movement: Cable Russian Twists Pattern: MovementPattern.ISOLATION Primary muscle: PrimaryMuscle.CORE Primary region: PrimaryRegion.FULL_BODY Characteristics: compound=False, unilateral=False, complex_lift=False CNS load: CNSLoad.MODERATE Skill level: SkillLevel.INTERMEDIATE Spinal compression: SpinalCompression.NONE Tier: MovementTier.BRONZE Metabolic demand: MetabolicDemand.ANABOLIC Metric type: MetricType.REPS Equipment: cable Tags: strength Disciplines: bodybuilding Substitution group: russian_twists Coaching cues: Connect a standard handle attachment, and position the cable to a middle pulley position. | Lie on a stability ball perpendicular to the cable and grab the handle with one hand. You should be approximately arm length away from the pulley, with the tension of the weight on the cable. | Grab the handle with both hands and fully extend your arms above your chest. You hands should be directly in-line with the pulley. If not, adjust the pulley up or down until they are. | Keep your hips elevated and abs engaged. Rotate your torso away from the pulley for a full-quarter rotation. Your body should be flat from head to knees. | Pause for a moment and in a slow and controlled manner reset to the starting position. You should still have side tension on the cable in the resting position. | Repeat the same movement to failure. | Then, reposition and repeat the same series of movements on the opposite side."
112,Cable Seated Crunch,core,core,full body,moderate,intermediate,false,false,false,time,,crunch,,0.4,0.6,0.4,24,none,bronze,anabolic,,"Movement: Cable Seated Crunch Pattern: MovementPattern.CORE Primary muscle: PrimaryMuscle.CORE Primary region: PrimaryRegion.FULL_BODY Characteristics: compound=False, unilateral=False, complex_lift=False CNS load: CNSLoad.MODERATE Skill level: SkillLevel.INTERMEDIATE Spinal compression: SpinalCompression.NONE Tier: MovementTier.BRONZE Metabolic demand: MetabolicDemand.ANABOLIC Metric type: MetricType.TIME Equipment: cable Tags: strength Substitution group: crunch Coaching cues: Seat on a flat bench with your back facing a high pulley. | Grasp the cable rope attachment with both hands (with the palms of the hands facing each other) and place your hands securely over both shoulders. Tip: Allow the weight to hyperextend the lower back slightly. This will be your starting position. | With the hips stationary, flex the waist so the elbows travel toward the hips. Breathe out as you perform this step. | As you inhale, go back to the initial position slowly. | Repeat for the recommended amount of repetitions."
113,Cable Shrugs,isolation,upper_back,posterior upper,moderate,intermediate,false,false,false,reps,,shrugs,,0.4,0.6,0.4,24,none,bronze,anabolic,,"Movement: Cable Shrugs Pattern: MovementPattern.ISOLATION Primary muscle: PrimaryMuscle.UPPER_BACK Primary region: PrimaryRegion.POSTERIOR_UPPER Characteristics: compound=False, unilateral=False, complex_lift=False CNS load: CNSLoad.MODERATE Skill level: SkillLevel.INTERMEDIATE Spinal compression: SpinalCompression.NONE Tier: MovementTier.BRONZE Metabolic demand: MetabolicDemand.ANABOLIC Metric type: MetricType.REPS Equipment: cable Tags: strength Disciplines: bodybuilding Substitution group: shrugs Coaching cues: Grasp a cable bar attachment that is attached to a low pulley with a shoulder width or slightly wider overhand (palms facing down) grip. | Stand erect close to the pulley with your arms extended in front of you holding the bar. This will be your starting position. | Lift the bar by elevating the shoulders as high as possible as you exhale. Hold the contraction at the top for a second. Tip: The arms should remain extended at all times. Refrain from using the biceps to help lift the bar. Only the shoulders should be moving up and down. | Lower the bar back to the original position. | Repeat for the recommended amount of repetitions."
411,ring push ups,horizontal_push,full_body,full body,moderate,intermediate,true,false,false,reps,,,,0.6,0.8,0.4,48,none,bronze,anabolic,,"Movement: ring push ups Pattern: MovementPattern.HORIZONTAL_PUSH Primary muscle: PrimaryMuscle.FULL_BODY Primary region: PrimaryRegion.FULL_BODY Characteristics: compound=True, unilateral=False, complex_lift=False CNS load: CNSLoad.MODERATE Skill level: SkillLevel.INTERMEDIATE Spinal compression: SpinalCompression.NONE Tier: MovementTier.BRONZE Metabolic demand: MetabolicDemand.ANABOLIC Metric type: MetricType.REPS Equipment: rings Tags: crossfit Disciplines: crossfit"
115,Calf Stretch Hands Against Wall,mobility,calves,posterior lower,moderate,intermediate,false,false,false,reps,,calf_stretch_hands_against_wall,,0.4,0.6,0.4,24,none,bronze,anabolic,,"Movement: Calf Stretch Hands Against Wall Pattern: MovementPattern.MOBILITY Primary muscle: PrimaryMuscle.CALVES Primary region: PrimaryRegion.POSTERIOR_LOWER Characteristics: compound=False, unilateral=False, complex_lift=False CNS load: CNSLoad.MODERATE Skill level: SkillLevel.INTERMEDIATE Spinal compression: SpinalCompression.NONE Tier: MovementTier.BRONZE Metabolic demand: MetabolicDemand.ANABOLIC Metric type: MetricType.REPS Equipment: none Tags: stretching, mobility Substitution group: calf_stretch_hands_against_wall Coaching cues: Stand facing a wall from several feet away. Stagger your stance, placing one foot forward. | Lean forward and rest your hands on the wall, keeping your heel, hip and head in a straight line. | Attempt to keep your heel on the ground. Hold for 10-20 seconds and then switch sides."
117,Car Drivers,isolation,full_body,full body,moderate,intermediate,false,false,false,reps,,car_drivers,,0.4,0.6,0.4,24,none,bronze,anabolic,,"Movement: Car Drivers Pattern: MovementPattern.ISOLATION Primary muscle: PrimaryMuscle.FULL_BODY Primary region: PrimaryRegion.FULL_BODY Characteristics: compound=False, unilateral=False, complex_lift=False CNS load: CNSLoad.MODERATE Skill level: SkillLevel.INTERMEDIATE Spinal compression: SpinalCompression.NONE Tier: MovementTier.BRONZE Metabolic demand: MetabolicDemand.ANABOLIC Metric type: MetricType.REPS Equipment: barbell Tags: strength Disciplines: bodybuilding Substitution group: car_drivers Coaching cues: While standing upright, hold a barbell plate in both hands at the 3 and 9 o'clock positions. Your palms should be facing each other and your arms should be extended straight out in front of you. This will be your starting position. | Initiate the movement by rotating the plate as far to one side as possible. Use the same type of movement you would use to turn a steering wheel to one side. | Reverse the motion, turning it all the way to the opposite side. | Repeat for the recommended amount of repetitions."
121,Chest Push from 3 point stance,isolation,chest,anterior upper,moderate,intermediate,false,false,false,reps,,chest_push_from_3_point_stance,,0.4,0.6,0.4,24,none,bronze,anabolic,,"Movement: Chest Push from 3 point stance Pattern: MovementPattern.ISOLATION Primary muscle: PrimaryMuscle.CHEST Primary region: PrimaryRegion.ANTERIOR_UPPER Characteristics: compound=False, unilateral=False, complex_lift=False CNS load: CNSLoad.MODERATE Skill level: SkillLevel.INTERMEDIATE Spinal compression: SpinalCompression.NONE Tier: MovementTier.BRONZE Metabolic demand: MetabolicDemand.ANABOLIC Metric type: MetricType.REPS Equipment: medicine_ball Tags: plyometrics Disciplines: bodybuilding Substitution group: chest_push_from_3_point_stance Coaching cues: Begin in a three point stance, squatted down with your back flat and one hand on the ground. Place the medicine ball directly in front of you. | To begin, take your first step as you pull the ball to your chest, positioning both hands to prepare for the throw. | As you execute the second step, explosively release the ball forward as hard as possible."
124,Circus Bell,isolation,full_body,full body,moderate,intermediate,false,false,false,reps,,circus_bell,,0.4,0.6,0.4,24,none,bronze,anabolic,,"Movement: Circus Bell Pattern: MovementPattern.ISOLATION Primary muscle: PrimaryMuscle.FULL_BODY Primary region: PrimaryRegion.FULL_BODY Characteristics: compound=False, unilateral=False, complex_lift=False CNS load: CNSLoad.MODERATE Skill level: SkillLevel.INTERMEDIATE Spinal compression: SpinalCompression.NONE Tier: MovementTier.BRONZE Metabolic demand: MetabolicDemand.ANABOLIC Metric type: MetricType.REPS Equipment: other Disciplines: strongman, powerlifting, bodybuilding Substitution group: circus_bell Coaching cues: The circus bell is an oversized dumbbell with a thick handle. Begin with the dumbbell between your feet, and grip the handle with both hands. | Clean the dumbbell by extending through your hips and knees to deliver the implement to the desired shoulder, letting go with the extra hand. | Ensure that you get one of the dumbbell heads behind the shoulder to keep from being thrown off balance. To raise it overhead, dip by flexing the knees, and the drive upwards as you extend the dumbbell overhead, leaning slightly away from it as you do so. | Carefully guide the bell back to the floor, keeping it under control as much as possible. It is best to perform this event on a thick rubber mat to prevent damage to the floor."
125,Close-Grip EZ-Bar Press,isolation,triceps,posterior upper,moderate,intermediate,true,false,false,reps,,close_grip_ez_bar_press,,0.6,0.8,0.4,48,none,bronze,anabolic,,"Movement: Close-Grip EZ-Bar Press Pattern: MovementPattern.ISOLATION Primary muscle: PrimaryMuscle.TRICEPS Primary region: PrimaryRegion.POSTERIOR_UPPER Characteristics: compound=True, unilateral=False, complex_lift=False CNS load: CNSLoad.MODERATE Skill level: SkillLevel.INTERMEDIATE Spinal compression: SpinalCompression.NONE Tier: MovementTier.BRONZE Metabolic demand: MetabolicDemand.ANABOLIC Metric type: MetricType.REPS Equipment: ez curl bar Tags: strength Disciplines: bodybuilding Substitution group: close_grip_ez_bar_press Coaching cues: Lie on a flat bench with an EZ bar loaded to an appropriate weight. | Using a narrow grip lift the bar and hold it straight over your torso with your elbows in. The arms should be perpendicular to the floor. This will be your starting position. | Now lower the bar down to your lower chest as you breathe in. Keep the elbows in as you perform this movement. | Using the triceps to push the bar back up, press it back to the starting position by extending the elbows as you exhale. | Repeat."
128,Cross-Body Crunch,core,core,full body,moderate,intermediate,false,false,false,time,,cross_body_crunch,,0.4,0.6,0.4,24,none,bronze,anabolic,,"Movement: Cross-Body Crunch Pattern: MovementPattern.CORE Primary muscle: PrimaryMuscle.CORE Primary region: PrimaryRegion.FULL_BODY Characteristics: compound=False, unilateral=False, complex_lift=False CNS load: CNSLoad.MODERATE Skill level: SkillLevel.INTERMEDIATE Spinal compression: SpinalCompression.NONE Tier: MovementTier.BRONZE Metabolic demand: MetabolicDemand.ANABOLIC Metric type: MetricType.TIME Equipment: none Tags: strength Substitution group: cross_body_crunch Coaching cues: Lie flat on your back and bend your knees about 60 degrees. | Keep your feet flat on the floor and place your hands loosely behind your head. This will be your starting position. | Now curl up and bring your right elbow and shoulder across your body while bring your left knee in toward your left shoulder at the same time. Reach with your elbow and try to touch your knee. Exhale as you perform this movement. Tip: Try to bring your shoulder up towards your knee rather than just your elbow and remember that the key is to contract the abs as you perform the movement; not just to move the elbow. | Now go back down to the starting position as you inhale and repeat with the left elbow and the right knee. | Continue alternating in this manner until all prescribed repetitions are done."
120,Chest And Front Of Shoulder Stretch,mobility,chest,anterior upper,moderate,intermediate,false,false,false,reps,,chest_and_front_of_shoulder_stretch,,0.4,0.6,0.4,24,none,bronze,anabolic,,"Movement: Chest And Front Of Shoulder Stretch Pattern: MovementPattern.MOBILITY Primary muscle: PrimaryMuscle.CHEST Primary region: PrimaryRegion.ANTERIOR_UPPER Characteristics: compound=False, unilateral=False, complex_lift=False CNS load: CNSLoad.MODERATE Skill level: SkillLevel.INTERMEDIATE Spinal compression: SpinalCompression.NONE Tier: MovementTier.BRONZE Metabolic demand: MetabolicDemand.ANABOLIC Metric type: MetricType.REPS Equipment: other Tags: stretching, mobility Substitution group: chest_and_front_of_shoulder_stretch Coaching cues: Start off by standing with your legs together, holding a bodybar or a broomstick. | Take a slightly wider than shoulder width grip on the pole and hold it in front of you with your palms facing down. | Carefully lift the pole up and behind your head."
53,Leg Extension,isolation,quadriceps,anterior lower,low,beginner,false,false,false,reps,,leg_extension,,0.19999999999999998,0.5,0.2,12,none,bronze,anabolic,,"Movement: Leg Extension Pattern: MovementPattern.ISOLATION Primary muscle: PrimaryMuscle.QUADRICEPS Primary region: PrimaryRegion.ANTERIOR_LOWER Characteristics: compound=False, unilateral=False, complex_lift=False CNS load: CNSLoad.LOW Skill level: SkillLevel.BEGINNER Spinal compression: SpinalCompression.NONE Tier: MovementTier.BRONZE Metabolic demand: MetabolicDemand.ANABOLIC Metric type: MetricType.REPS Equipment: machine Tags: hypertrophy Disciplines: bodybuilding Substitution group: leg_extension"
122,Chest Stretch on Stability Ball,mobility,chest,anterior upper,moderate,intermediate,false,false,false,reps,,chest_stretch_on_stability_ball,,0.4,0.6,0.4,24,none,bronze,anabolic,,"Movement: Chest Stretch on Stability Ball Pattern: MovementPattern.MOBILITY Primary muscle: PrimaryMuscle.CHEST Primary region: PrimaryRegion.ANTERIOR_UPPER Characteristics: compound=False, unilateral=False, complex_lift=False CNS load: CNSLoad.MODERATE Skill level: SkillLevel.INTERMEDIATE Spinal compression: SpinalCompression.NONE Tier: MovementTier.BRONZE Metabolic demand: MetabolicDemand.ANABOLIC Metric type: MetricType.REPS Equipment: exercise ball Tags: stretching, mobility Substitution group: chest_stretch_on_stability_ball Coaching cues: Get on your hands and knees next to an exercise ball. | Place your elbows on top of the ball, keeping your arm out to your side. This will be your starting position. | Lower your torso towards the floor, keeping your elbow on top of the ball. Hold the stretch for 20-30 seconds, and repeat with the other arm."
131,Crunch,core,core,full body,moderate,intermediate,false,false,false,time,,crunch_hands_overhead,,0.4,0.6,0.4,24,none,bronze,anabolic,,"Movement: Crunch Pattern: MovementPattern.CORE Primary muscle: PrimaryMuscle.CORE Primary region: PrimaryRegion.FULL_BODY Characteristics: compound=False, unilateral=False, complex_lift=False CNS load: CNSLoad.MODERATE Skill level: SkillLevel.INTERMEDIATE Spinal compression: SpinalCompression.NONE Tier: MovementTier.BRONZE Metabolic demand: MetabolicDemand.ANABOLIC Metric type: MetricType.TIME Equipment: none Tags: strength Substitution group: crunch_hands_overhead Coaching cues: Lie on the floor with your back flat and knees bent with around a 60-degree angle between the hamstrings and the calves. | Keep your feet flat on the floor and stretch your arms overhead with your palms crossed. This will be your starting position. | Curl your upper body forward and bring your shoulder blades just off the floor. At all times, keep your arms aligned with your head, neck and shoulder. Don't move them forward from that position. Exhale as you perform this portion of the movement and hold the contraction for a second. | Slowly lower down to the starting position as you inhale. | Repeat for the recommended amount of repetitions."
133,Crunches,core,core,full body,moderate,intermediate,false,false,false,time,,crunches,,0.4,0.6,0.4,24,none,bronze,anabolic,,"Movement: Crunches Pattern: MovementPattern.CORE Primary muscle: PrimaryMuscle.CORE Primary region: PrimaryRegion.FULL_BODY Characteristics: compound=False, unilateral=False, complex_lift=False CNS load: CNSLoad.MODERATE Skill level: SkillLevel.INTERMEDIATE Spinal compression: SpinalCompression.NONE Tier: MovementTier.BRONZE Metabolic demand: MetabolicDemand.ANABOLIC Metric type: MetricType.TIME Equipment: none Tags: strength Substitution group: crunches Coaching cues: Lie flat on your back with your feet flat on the ground, or resting on a bench with your knees bent at a 90 degree angle. If you are resting your feet on a bench, place them three to four inches apart and point your toes inward so they touch. | Now place your hands lightly on either side of your head keeping your elbows in. Tip: Don't lock your fingers behind your head. | While pushing the small of your back down in the floor to better isolate your abdominal muscles, begin to roll your shoulders off the floor. | Continue to push down as hard as you can with your lower back as you contract your abdominals and exhale. Your shoulders should come up off the floor only about four inches, and your lower back should remain on the floor. At the top of the movement, contract your abdominals hard and keep the contraction for a second. Tip: Focus on slow, controlled movement - don't cheat yourself by using momentum. | After the one second contraction, begin to come down slowly again to the starting position as you inhale. | Repeat for the recommended amount of repetitions."
134,Decline Crunch,core,core,full body,moderate,intermediate,false,false,false,time,,crunch,,0.4,0.6,0.4,24,none,bronze,anabolic,,"Movement: Decline Crunch Pattern: MovementPattern.CORE Primary muscle: PrimaryMuscle.CORE Primary region: PrimaryRegion.FULL_BODY Characteristics: compound=False, unilateral=False, complex_lift=False CNS load: CNSLoad.MODERATE Skill level: SkillLevel.INTERMEDIATE Spinal compression: SpinalCompression.NONE Tier: MovementTier.BRONZE Metabolic demand: MetabolicDemand.ANABOLIC Metric type: MetricType.TIME Equipment: bench Tags: strength Substitution group: crunch Coaching cues: Secure your legs at the end of the decline bench and lie down. | Now place your hands lightly on either side of your head keeping your elbows in. Tip: Don't lock your fingers behind your head. | While pushing the small of your back down in the bench to better isolate your abdominal muscles, begin to roll your shoulders off it. | Continue to push down as hard as you can with your lower back as you contract your abdominals and exhale. Your shoulders should come up off the bench only about four inches, and your lower back should remain on the bench. At the top of the movement, contract your abdominals hard and keep the contraction for a second. Tip: Focus on slow, controlled movement - don't cheat yourself by using momentum. | After the one second contraction, begin to come down slowly again to the starting position as you inhale. | Repeat for the recommended amount of repetitions."
135,Decline Dumbbell Flyes,isolation,chest,anterior upper,moderate,intermediate,false,false,false,reps,,flyes,,0.4,0.6,0.4,24,none,bronze,anabolic,,"Movement: Decline Dumbbell Flyes Pattern: MovementPattern.ISOLATION Primary muscle: PrimaryMuscle.CHEST Primary region: PrimaryRegion.ANTERIOR_UPPER Characteristics: compound=False, unilateral=False, complex_lift=False CNS load: CNSLoad.MODERATE Skill level: SkillLevel.INTERMEDIATE Spinal compression: SpinalCompression.NONE Tier: MovementTier.BRONZE Metabolic demand: MetabolicDemand.ANABOLIC Metric type: MetricType.REPS Equipment: dumbbell Tags: strength Disciplines: bodybuilding Substitution group: flyes Coaching cues: Secure your legs at the end of the decline bench and lie down with a dumbbell on each hand on top of your thighs. The palms of your hand will be facing each other. | Once you are laying down, move the dumbbells in front of you at shoulder width. The palms of the hands should be facing each other and the arms should be perpendicular to the floor and fully extended. This will be your starting position. | With a slight bend on your elbows in order to prevent stress at the biceps tendon, lower your arms out at both sides in a wide arc until you feel a stretch on your chest. Breathe in as you perform this portion of the movement. Tip: Keep in mind that throughout the movement, the arms should remain stationary; the movement should only occur at the shoulder joint. | Return your arms back to the starting position as you squeeze your chest muscles and breathe out. Tip: Make sure to use the same arc of motion used to lower the weights. | Hold for a second at the contracted position and repeat the movement for the prescribed amount of repetitions."
434,Rope Cllimbs,conditioning,full_body,full body,moderate,intermediate,true,false,false,reps,,,,0.6,0.8,0.4,48,none,bronze,anabolic,,"Movement: Rope Cllimbs Pattern: MovementPattern.CONDITIONING Primary muscle: PrimaryMuscle.FULL_BODY Primary region: PrimaryRegion.FULL_BODY Characteristics: compound=True, unilateral=False, complex_lift=False CNS load: CNSLoad.MODERATE Skill level: SkillLevel.INTERMEDIATE Spinal compression: SpinalCompression.NONE Tier: MovementTier.BRONZE Metabolic demand: MetabolicDemand.ANABOLIC Metric type: MetricType.REPS Disciplines: crossfit"
136,Decline Oblique Crunch,core,core,full body,moderate,intermediate,false,false,false,time,,oblique_crunch,,0.4,0.6,0.4,24,none,bronze,anabolic,,"Movement: Decline Oblique Crunch Pattern: MovementPattern.CORE Primary muscle: PrimaryMuscle.CORE Primary region: PrimaryRegion.FULL_BODY Characteristics: compound=False, unilateral=False, complex_lift=False CNS load: CNSLoad.MODERATE Skill level: SkillLevel.INTERMEDIATE Spinal compression: SpinalCompression.NONE Tier: MovementTier.BRONZE Metabolic demand: MetabolicDemand.ANABOLIC Metric type: MetricType.TIME Equipment: none Tags: strength Substitution group: oblique_crunch Coaching cues: Secure your legs at the end of the decline bench and slowly lay down on the bench. | Raise your upper body off the bench until your torso is about 35-45 degrees if measured from the floor. | Put one hand beside your head and the other on your thigh. This will be your starting position. | Raise your upper body slowly from the starting position while turning your torso to the left. Continue crunching up as you exhale until your right elbow touches your left knee. Hold this contracted position for a second. Tip: Focus on keeping your abs tight and keeping the movement slow and controlled. | Lower your body back down slowly to the starting position as you inhale. | After completing one set on the right for the recommended amount of repetitions, switch to your left side. Tip: Focus on really twisting your torso and feeling the contraction when you are in the up position."
137,Decline Reverse Crunch,core,core,full body,moderate,intermediate,false,false,false,time,,reverse_crunch,,0.4,0.6,0.4,24,none,bronze,anabolic,,"Movement: Decline Reverse Crunch Pattern: MovementPattern.CORE Primary muscle: PrimaryMuscle.CORE Primary region: PrimaryRegion.FULL_BODY Characteristics: compound=False, unilateral=False, complex_lift=False CNS load: CNSLoad.MODERATE Skill level: SkillLevel.INTERMEDIATE Spinal compression: SpinalCompression.NONE Tier: MovementTier.BRONZE Metabolic demand: MetabolicDemand.ANABOLIC Metric type: MetricType.TIME Equipment: none Tags: strength Substitution group: reverse_crunch Coaching cues: Lie on your back on a decline bench and hold on to the top of the bench with both hands. Don't let your body slip down from this position. | Hold your legs parallel to the floor using your abs to hold them there while keeping your knees and feet together. Tip: Your legs should be fully extended with a slight bend on the knee. This will be your starting position. | While exhaling, move your legs towards the torso as you roll your pelvis backwards and you raise your hips off the bench. At the end of this movement your knees will be touching your chest. | Hold the contraction for a second and move your legs back to the starting position while inhaling. | Repeat for the recommended amount of repetitions."
138,Machine Dips,isolation,triceps,posterior upper,moderate,intermediate,false,false,false,reps,Dips performed on a machine,dips,,0.4,0.6,0.4,24,none,bronze,anabolic,,"Movement: Machine Dips Pattern: MovementPattern.ISOLATION Primary muscle: PrimaryMuscle.TRICEPS Primary region: PrimaryRegion.POSTERIOR_UPPER Characteristics: compound=False, unilateral=False, complex_lift=False CNS load: CNSLoad.MODERATE Skill level: SkillLevel.INTERMEDIATE Spinal compression: SpinalCompression.NONE Tier: MovementTier.BRONZE Metabolic demand: MetabolicDemand.ANABOLIC Metric type: MetricType.REPS Equipment: machine Tags: strength Disciplines: bodybuilding Substitution group: dips Description: Dips performed on a machine Coaching cues: Sit securely in a dip machine, select the weight and firmly grasp the handles. | Now keep your elbows in at your sides in order to place emphasis on the triceps. The elbows should be bent at a 90 degree angle. | As you contract the triceps, extend your arms downwards as you exhale. Tip: At the bottom of the movement, focus on keeping a little bend in your arms to keep tension on the triceps muscle. | Now slowly let your arms come back up to the starting position as you inhale. | Repeat for the recommended amount of repetitions."
141,Double Kettlebell Windmill,isolation,core,full body,moderate,intermediate,false,false,false,reps,,double_windmill,,0.4,0.6,0.4,24,none,bronze,anabolic,,"Movement: Double Kettlebell Windmill Pattern: MovementPattern.ISOLATION Primary muscle: PrimaryMuscle.CORE Primary region: PrimaryRegion.FULL_BODY Characteristics: compound=False, unilateral=False, complex_lift=False CNS load: CNSLoad.MODERATE Skill level: SkillLevel.INTERMEDIATE Spinal compression: SpinalCompression.NONE Tier: MovementTier.BRONZE Metabolic demand: MetabolicDemand.ANABOLIC Metric type: MetricType.REPS Equipment: kettlebell Tags: strength Disciplines: bodybuilding Substitution group: double_windmill Coaching cues: Place a kettlebell in front of your front foot and clean and press a kettlebell overhead with your opposite arm. Clean the kettlebell to your shoulder by extending through the legs and hips as you pull the kettlebell towards your shoulders. Rotate your wrist as you do so, so that the palm faces forward. | Keeping the kettlebell locked out at all times, push your butt out in the direction of the locked out kettlebell. Turn your feet out at a forty-five degree angle from the arm with the locked out kettlebell. | Bending at the hip to one side, sticking your butt out, slowly lean until you can retrieve the kettlebell from the floor. Keep your eyes on the kettlebell that you hold over your head at all times. | Pause for a second after retrieving the kettlebell from the ground and reverse the motion back to the starting position."
144,Dumbbell Lying Pronation,isolation,forearms,anterior upper,moderate,intermediate,false,false,false,reps,,lying_pronation,,0.4,0.6,0.4,24,none,bronze,anabolic,,"Movement: Dumbbell Lying Pronation Pattern: MovementPattern.ISOLATION Primary muscle: PrimaryMuscle.FOREARMS Primary region: PrimaryRegion.ANTERIOR_UPPER Characteristics: compound=False, unilateral=False, complex_lift=False CNS load: CNSLoad.MODERATE Skill level: SkillLevel.INTERMEDIATE Spinal compression: SpinalCompression.NONE Tier: MovementTier.BRONZE Metabolic demand: MetabolicDemand.ANABOLIC Metric type: MetricType.REPS Equipment: dumbbell Tags: strength Disciplines: bodybuilding Substitution group: lying_pronation Coaching cues: Lie on a flat bench face down with one arm holding a dumbbell and the other hand on top of the bench folded so that you can rest your head on it. | Bend the elbows of the arm holding the dumbbell so that it creates a 90-degree angle between the upper arm and the forearm. | Now raise the upper arm so that the forearm is perpendicular to the floor and the upper arm is perpendicular to your torso. Tip: The upper arm should be parallel to the floor and also creating a 90-degree angle with your torso. This will be your starting position. | As you breathe out, externally rotate your forearm so that the dumbbell is lifted forward as you maintain the 90 degree angle bend between the upper arms and the forearm. You will continue this external rotation until the forearm is parallel to the floor. At this point you will hold the contraction for a second. | As you breathe in, slowly go back to the starting position. | Repeat for the recommended amount of repetitions."
145,Dumbbell Lying Supination,isolation,forearms,anterior upper,moderate,intermediate,false,false,false,reps,,lying_supination,,0.4,0.6,0.4,24,none,bronze,anabolic,,"Movement: Dumbbell Lying Supination Pattern: MovementPattern.ISOLATION Primary muscle: PrimaryMuscle.FOREARMS Primary region: PrimaryRegion.ANTERIOR_UPPER Characteristics: compound=False, unilateral=False, complex_lift=False CNS load: CNSLoad.MODERATE Skill level: SkillLevel.INTERMEDIATE Spinal compression: SpinalCompression.NONE Tier: MovementTier.BRONZE Metabolic demand: MetabolicDemand.ANABOLIC Metric type: MetricType.REPS Equipment: dumbbell Tags: strength Disciplines: bodybuilding Substitution group: lying_supination Coaching cues: Lie sideways on a flat bench with one arm holding a dumbbell and the other hand on top of the bench folded so that you can rest your head on it. | Bend the elbows of the arm holding the dumbbell so that it creates a 90-degree angle between the upper arm and the forearm. | Now raise the upper arm so that the forearm is parallel to the floor and perpendicular to your torso (Tip: So the forearm will be directly in front of you). The upper arm will be stationary by your torso and should be parallel to the floor (aligned with your torso at all times). This will be your starting position. | As you breathe out, externally rotate your forearm so that the dumbbell is lifted up in a semicircle motion as you maintain the 90 degree angle bend between the upper arms and the forearm. You will continue this external rotation until the forearm is perpendicular to the floor and the torso pointing towards the ceiling. At this point you will hold the contraction for a second. | As you breathe in, slowly go back to the starting position. | Repeat for the recommended amount of repetitions and then switch to the other arm."
146,Dumbbell Scaption,isolation,full_body,full body,moderate,intermediate,false,false,false,reps,,scaption,,0.4,0.6,0.4,24,none,bronze,anabolic,,"Movement: Dumbbell Scaption Pattern: MovementPattern.ISOLATION Primary muscle: PrimaryMuscle.FULL_BODY Primary region: PrimaryRegion.FULL_BODY Characteristics: compound=False, unilateral=False, complex_lift=False CNS load: CNSLoad.MODERATE Skill level: SkillLevel.INTERMEDIATE Spinal compression: SpinalCompression.NONE Tier: MovementTier.BRONZE Metabolic demand: MetabolicDemand.ANABOLIC Metric type: MetricType.REPS Equipment: dumbbell Tags: strength Disciplines: bodybuilding Substitution group: scaption Coaching cues: This corrective exercise strengthens the muscles that stabilize your shoulder blade. Hold a light weight in each hand, hanging at your sides. Your thumbs should pointing up. | Begin the movement raising your arms out in front of you, about 30 degrees off center. Your arms should be fully extended as you perform the movement. | Continue until your arms are parallel to the ground, and then return to the starting position."
147,Dumbbell Shrug,isolation,upper_back,posterior upper,moderate,intermediate,false,false,false,reps,,shrug,,0.4,0.6,0.4,24,none,bronze,anabolic,,"Movement: Dumbbell Shrug Pattern: MovementPattern.ISOLATION Primary muscle: PrimaryMuscle.UPPER_BACK Primary region: PrimaryRegion.POSTERIOR_UPPER Characteristics: compound=False, unilateral=False, complex_lift=False CNS load: CNSLoad.MODERATE Skill level: SkillLevel.INTERMEDIATE Spinal compression: SpinalCompression.NONE Tier: MovementTier.BRONZE Metabolic demand: MetabolicDemand.ANABOLIC Metric type: MetricType.REPS Equipment: dumbbell Tags: strength Disciplines: bodybuilding Substitution group: shrug Coaching cues: Stand erect with a dumbbell on each hand (palms facing your torso), arms extended on the sides. | Lift the dumbbells by elevating the shoulders as high as possible while you exhale. Hold the contraction at the top for a second. Tip: The arms should remain extended at all times. Refrain from using the biceps to help lift the dumbbells. Only the shoulders should be moving up and down. | Lower the dumbbells back to the original position. | Repeat for the recommended amount of repetitions."
148,Dumbbell Step Ups,lunge,quadriceps,anterior lower,moderate,intermediate,false,false,false,reps,,step_ups,,0.4,0.6,0.4,24,none,bronze,anabolic,,"Movement: Dumbbell Step Ups Pattern: MovementPattern.LUNGE Primary muscle: PrimaryMuscle.QUADRICEPS Primary region: PrimaryRegion.ANTERIOR_LOWER Characteristics: compound=False, unilateral=False, complex_lift=False CNS load: CNSLoad.MODERATE Skill level: SkillLevel.INTERMEDIATE Spinal compression: SpinalCompression.NONE Tier: MovementTier.BRONZE Metabolic demand: MetabolicDemand.ANABOLIC Metric type: MetricType.REPS Equipment: dumbbell Tags: strength Substitution group: step_ups Coaching cues: Stand up straight while holding a dumbbell on each hand (palms facing the side of your legs). | Place the right foot on the elevated platform. Step on the platform by extending the hip and the knee of your right leg. Use the heel mainly to lift the rest of your body up and place the foot of the left leg on the platform as well. Breathe out as you execute the force required to come up. | Step down with the left leg by flexing the hip and knee of the right leg as you inhale. Return to the original standing position by placing the right foot of to next to the left foot on the initial position. | Repeat with the right leg for the recommended amount of repetitions and then perform with the left leg."
188,Knee Circles,mobility,calves,posterior lower,moderate,intermediate,false,false,false,reps,,knee_circles,,0.4,0.6,0.4,24,none,bronze,anabolic,,"Movement: Knee Circles Pattern: MovementPattern.MOBILITY Primary muscle: PrimaryMuscle.CALVES Primary region: PrimaryRegion.POSTERIOR_LOWER Characteristics: compound=False, unilateral=False, complex_lift=False CNS load: CNSLoad.MODERATE Skill level: SkillLevel.INTERMEDIATE Spinal compression: SpinalCompression.NONE Tier: MovementTier.BRONZE Metabolic demand: MetabolicDemand.ANABOLIC Metric type: MetricType.REPS Equipment: none Tags: stretching, mobility Substitution group: knee_circles Coaching cues: Stand with your legs together and hands by your waist. | Now move your knees in a circular motion as you breathe normally. | Repeat for the recommended amount of repetitions."
151,Elbow to Knee,isolation,core,full body,moderate,intermediate,false,false,false,reps,,elbow_to_knee,,0.4,0.6,0.4,24,none,bronze,anabolic,,"Movement: Elbow to Knee Pattern: MovementPattern.ISOLATION Primary muscle: PrimaryMuscle.CORE Primary region: PrimaryRegion.FULL_BODY Characteristics: compound=False, unilateral=False, complex_lift=False CNS load: CNSLoad.MODERATE Skill level: SkillLevel.INTERMEDIATE Spinal compression: SpinalCompression.NONE Tier: MovementTier.BRONZE Metabolic demand: MetabolicDemand.ANABOLIC Metric type: MetricType.REPS Equipment: none Tags: strength Disciplines: bodybuilding Substitution group: elbow_to_knee Coaching cues: Lie on the floor, crossing your right leg across your bent left knee. Clasp your hands behind your head, beginning with your shoulder blades on the ground. This will be your starting position. | Perform the motion by flexing the spine and rotating your torso to bring the left elbow to the right knee. | Return to the starting position and repeat the movement for the desired number of repetitions before switching sides."
153,Extended Range One-Arm Kettlebell Floor Press,isolation,chest,anterior upper,moderate,intermediate,true,false,false,reps,,extended_range_one_arm_floor_press,,0.6,0.8,0.4,48,none,bronze,anabolic,,"Movement: Extended Range One-Arm Kettlebell Floor Press Pattern: MovementPattern.ISOLATION Primary muscle: PrimaryMuscle.CHEST Primary region: PrimaryRegion.ANTERIOR_UPPER Characteristics: compound=True, unilateral=False, complex_lift=False CNS load: CNSLoad.MODERATE Skill level: SkillLevel.INTERMEDIATE Spinal compression: SpinalCompression.NONE Tier: MovementTier.BRONZE Metabolic demand: MetabolicDemand.ANABOLIC Metric type: MetricType.REPS Equipment: kettlebell Tags: strength Disciplines: bodybuilding Substitution group: extended_range_one_arm_floor_press Coaching cues: Lie on the floor and position a kettlebell for one arm to press. The kettlebell should be held by the handle. The leg on the same side that you are pressing should be bent, with the knee crossing over the midline of the body. | Press the kettlebell by extending the elbow and adducting the arm, pressing it above your body. Return to the starting position."
226,One Handed Hang,mobility,lats,posterior upper,moderate,intermediate,false,false,false,reps,,one_handed_hang,,0.4,0.6,0.4,24,none,bronze,anabolic,,"Movement: One Handed Hang Pattern: MovementPattern.MOBILITY Primary muscle: PrimaryMuscle.LATS Primary region: PrimaryRegion.POSTERIOR_UPPER Characteristics: compound=False, unilateral=False, complex_lift=False CNS load: CNSLoad.MODERATE Skill level: SkillLevel.INTERMEDIATE Spinal compression: SpinalCompression.NONE Tier: MovementTier.BRONZE Metabolic demand: MetabolicDemand.ANABOLIC Metric type: MetricType.REPS Equipment: other Tags: stretching, mobility Substitution group: one_handed_hang Coaching cues: Grab onto a chinup bar with one hand, using a pronated grip. Keep your feet on the floor or a step. Allow the majority of your weight to hang from that hand, while keeping your feet on the ground. Hold for 10-20 seconds and switch sides."
154,Fast Skipping,lunge,quadriceps,anterior lower,moderate,intermediate,false,false,false,reps,,fast_skipping,,0.4,0.6,0.4,24,none,bronze,anabolic,,"Movement: Fast Skipping Pattern: MovementPattern.LUNGE Primary muscle: PrimaryMuscle.QUADRICEPS Primary region: PrimaryRegion.ANTERIOR_LOWER Characteristics: compound=False, unilateral=False, complex_lift=False CNS load: CNSLoad.MODERATE Skill level: SkillLevel.INTERMEDIATE Spinal compression: SpinalCompression.NONE Tier: MovementTier.BRONZE Metabolic demand: MetabolicDemand.ANABOLIC Metric type: MetricType.REPS Equipment: none Tags: plyometrics Substitution group: fast_skipping Coaching cues: Start in a relaxed position with one leg slightly forward. This will be your starting position. | Skip by executing a step-hop pattern of right-right-step to left-left-step, and so on, alternating back and forth. | Perform fast skips by maintaining close contact with the ground and reduce air time, moving as quickly as possible."
155,Finger Curls,isolation,forearms,anterior upper,moderate,intermediate,false,false,false,reps,,finger_curls,,0.4,0.6,0.4,24,none,bronze,anabolic,,"Movement: Finger Curls Pattern: MovementPattern.ISOLATION Primary muscle: PrimaryMuscle.FOREARMS Primary region: PrimaryRegion.ANTERIOR_UPPER Characteristics: compound=False, unilateral=False, complex_lift=False CNS load: CNSLoad.MODERATE Skill level: SkillLevel.INTERMEDIATE Spinal compression: SpinalCompression.NONE Tier: MovementTier.BRONZE Metabolic demand: MetabolicDemand.ANABOLIC Metric type: MetricType.REPS Equipment: barbell Tags: strength Disciplines: bodybuilding Substitution group: finger_curls Coaching cues: Hold a barbell with both hands and your palms facing up; hands spaced about shoulder width. | Place your feet flat on the floor, at a distance that is slightly wider than shoulder width apart. This will be your starting position. | Lower the bar as far as possible by extending the fingers. Allowing the bar to roll down the hands, catch the bar with the final joint in the fingers. | Now curl bar up as high as possible by closing your hands while exhaling. Hold the contraction at the top."
157,Foot-SMR,mobility,calves,posterior lower,moderate,intermediate,false,false,false,reps,,foot_smr,,0.4,0.6,0.4,24,none,bronze,anabolic,,"Movement: Foot-SMR Pattern: MovementPattern.MOBILITY Primary muscle: PrimaryMuscle.CALVES Primary region: PrimaryRegion.POSTERIOR_LOWER Characteristics: compound=False, unilateral=False, complex_lift=False CNS load: CNSLoad.MODERATE Skill level: SkillLevel.INTERMEDIATE Spinal compression: SpinalCompression.NONE Tier: MovementTier.BRONZE Metabolic demand: MetabolicDemand.ANABOLIC Metric type: MetricType.REPS Equipment: other Tags: stretching, mobility Substitution group: foot_smr Coaching cues: This exercise stretches the fascia of the muscles in the feet. Start off seated with your shoes removed. Using a foot roller or a similar object, such as a small section of pvc pipe, place your foot against the roller across the arch of your foot. This will be your starting position. | Press down firmly, rolling across the arch of your foot. Hold for 10-30 seconds, and then switch feet."
50,Face Pull,isolation,rear_delts,posterior upper,very_low,beginner,false,false,false,reps,,face_pull,,0.1,0.5,0.2,12,none,bronze,anabolic,,"Movement: Face Pull Pattern: MovementPattern.ISOLATION Primary muscle: PrimaryMuscle.REAR_DELTS Primary region: PrimaryRegion.POSTERIOR_UPPER Characteristics: compound=False, unilateral=False, complex_lift=False CNS load: CNSLoad.VERY_LOW Skill level: SkillLevel.BEGINNER Spinal compression: SpinalCompression.NONE Tier: MovementTier.BRONZE Metabolic demand: MetabolicDemand.ANABOLIC Metric type: MetricType.REPS Equipment: cable, band Tags: rehabilitation, hypertrophy Disciplines: bodybuilding Substitution group: face_pull"
156,Flutter Kicks,lunge,glutes,posterior lower,moderate,intermediate,false,false,false,reps,,flutter_kicks,,0.4,0.6,0.4,24,none,bronze,anabolic,,"Movement: Flutter Kicks Pattern: MovementPattern.LUNGE Primary muscle: PrimaryMuscle.GLUTES Primary region: PrimaryRegion.POSTERIOR_LOWER Characteristics: compound=False, unilateral=False, complex_lift=False CNS load: CNSLoad.MODERATE Skill level: SkillLevel.INTERMEDIATE Spinal compression: SpinalCompression.NONE Tier: MovementTier.BRONZE Metabolic demand: MetabolicDemand.ANABOLIC Metric type: MetricType.REPS Equipment: none Tags: strength Substitution group: flutter_kicks Coaching cues: On a flat bench lie facedown with the hips on the edge of the bench, the legs straight with toes high off the floor and with the arms on top of the bench holding on to the front edge. | Squeeze your glutes and hamstrings and straighten the legs until they are level with the hips. This will be your starting position. | Start the movement by lifting the left leg higher than the right leg. | Then lower the left leg as you lift the right leg. | Continue alternating in this manner (as though you are doing a flutter kick in water) until you have done the recommended amount of repetitions for each leg. Make sure that you keep a controlled movement at all times. Tip: You will breathe normally as you perform this movement."
158,Frog Hops,mobility,quadriceps,anterior lower,moderate,intermediate,false,false,false,reps,,frog_hops,,0.4,0.6,0.4,24,none,bronze,anabolic,,"Movement: Frog Hops Pattern: MovementPattern.MOBILITY Primary muscle: PrimaryMuscle.QUADRICEPS Primary region: PrimaryRegion.ANTERIOR_LOWER Characteristics: compound=False, unilateral=False, complex_lift=False CNS load: CNSLoad.MODERATE Skill level: SkillLevel.INTERMEDIATE Spinal compression: SpinalCompression.NONE Tier: MovementTier.BRONZE Metabolic demand: MetabolicDemand.ANABOLIC Metric type: MetricType.REPS Equipment: none Tags: stretching, mobility Substitution group: frog_hops Coaching cues: Stand with your hands behind your head, and squat down keeping your torso upright and your head up. This will be your starting position. | Jump forward several feet, avoiding jumping unnecessarily high. As your feet contact the ground, absorb the impact through your legs, and jump again. Repeat this action 5-10 times."
159,Gironda Sternum Chins,isolation,lats,posterior upper,moderate,intermediate,false,false,false,reps,,gironda_sternum_chins,,0.4,0.6,0.4,24,none,bronze,anabolic,,"Movement: Gironda Sternum Chins Pattern: MovementPattern.ISOLATION Primary muscle: PrimaryMuscle.LATS Primary region: PrimaryRegion.POSTERIOR_UPPER Characteristics: compound=False, unilateral=False, complex_lift=False CNS load: CNSLoad.MODERATE Skill level: SkillLevel.INTERMEDIATE Spinal compression: SpinalCompression.NONE Tier: MovementTier.BRONZE Metabolic demand: MetabolicDemand.ANABOLIC Metric type: MetricType.REPS Equipment: other Tags: strength Disciplines: bodybuilding Substitution group: gironda_sternum_chins Coaching cues: Grasp the pull-up bar with a shoulder width underhand grip. | Now hang with your arms fully extended and stick your chest out and lean back. Tip: You will be leaning back throughout the entire movement. This will be your starting position. | Start pulling yourself towards the bar with your spine arched throughout the movement and your head leaning back as far away from the bar as possible. Exhale as you perform this portion of the movement. Tip: At the upper end of the movement, your hips and legs will be at about a 45-degree angle to the floor. | Keep pulling until your collarbone passes the bar and your lower chest or sternum area touches it. Hold that contraction for a second. Tip: By the time you've completed this portion of the movement; your head will be parallel to the floor. | Slowly start going back to the starting position as you inhale. | Repeat for the recommended amount of repetitions."
163,Hamstring-SMR,mobility,hamstrings,posterior lower,moderate,intermediate,false,false,false,reps,,hamstring_smr,,0.4,0.6,0.4,24,none,bronze,anabolic,,"Movement: Hamstring-SMR Pattern: MovementPattern.MOBILITY Primary muscle: PrimaryMuscle.HAMSTRINGS Primary region: PrimaryRegion.POSTERIOR_LOWER Characteristics: compound=False, unilateral=False, complex_lift=False CNS load: CNSLoad.MODERATE Skill level: SkillLevel.INTERMEDIATE Spinal compression: SpinalCompression.NONE Tier: MovementTier.BRONZE Metabolic demand: MetabolicDemand.ANABOLIC Metric type: MetricType.REPS Equipment: foam roll Tags: stretching, mobility Substitution group: hamstring_smr Coaching cues: In a seated position, extend your legs over a foam roll so that it is position on the back of the upper legs. Place your hands to the side or behind you to help support your weight. This will be your starting position. | Using your hands, lift your hips off of the floor and shift your weight on the foam roll to one leg. Relax the hamstrings of the leg you are stretching. | Roll over the foam from below the hip to above the back of the knee, pausing at points of tension for 10-30 seconds. Repeat for the other leg."
165,Hug A Ball,mobility,lower_back,posterior lower,moderate,intermediate,false,false,false,reps,,hug_a_ball,,0.4,0.6,0.4,24,none,bronze,anabolic,,"Movement: Hug A Ball Pattern: MovementPattern.MOBILITY Primary muscle: PrimaryMuscle.LOWER_BACK Primary region: PrimaryRegion.POSTERIOR_LOWER Characteristics: compound=False, unilateral=False, complex_lift=False CNS load: CNSLoad.MODERATE Skill level: SkillLevel.INTERMEDIATE Spinal compression: SpinalCompression.NONE Tier: MovementTier.BRONZE Metabolic demand: MetabolicDemand.ANABOLIC Metric type: MetricType.REPS Equipment: exercise ball Tags: stretching, mobility Substitution group: hug_a_ball Coaching cues: Seat yourself on the floor. | Straddle an exercise ball between both legs and lower your hips down toward the floor. | Hug your arms around the ball to support your body. Adjust your legs so that your feet are flat on the floor and your knees line up over your ankles. Keep a good grip on the ball so it doesn't roll away from you and send you back onto your buttocks."
166,Hug Knees To Chest,mobility,lower_back,posterior lower,moderate,intermediate,false,false,false,reps,,hug_knees_to_chest,,0.4,0.6,0.4,24,none,bronze,anabolic,,"Movement: Hug Knees To Chest Pattern: MovementPattern.MOBILITY Primary muscle: PrimaryMuscle.LOWER_BACK Primary region: PrimaryRegion.POSTERIOR_LOWER Characteristics: compound=False, unilateral=False, complex_lift=False CNS load: CNSLoad.MODERATE Skill level: SkillLevel.INTERMEDIATE Spinal compression: SpinalCompression.NONE Tier: MovementTier.BRONZE Metabolic demand: MetabolicDemand.ANABOLIC Metric type: MetricType.REPS Equipment: none Tags: stretching, mobility Substitution group: hug_knees_to_chest Coaching cues: Lie down on your back and pull both knees up to your chest. | Hold your arms under the knees, not over (that would put to much pressure on your knee joints). | Slowly pull the knees toward your shoulders. This also stretches your buttocks muscles."
164,Hip Flexion with Band,lunge,quadriceps,anterior lower,moderate,intermediate,false,false,false,reps,,hip_flexion_with,,0.4,0.6,0.4,24,none,bronze,anabolic,,"Movement: Hip Flexion with Band Pattern: MovementPattern.LUNGE Primary muscle: PrimaryMuscle.QUADRICEPS Primary region: PrimaryRegion.ANTERIOR_LOWER Characteristics: compound=False, unilateral=False, complex_lift=False CNS load: CNSLoad.MODERATE Skill level: SkillLevel.INTERMEDIATE Spinal compression: SpinalCompression.NONE Tier: MovementTier.BRONZE Metabolic demand: MetabolicDemand.ANABOLIC Metric type: MetricType.REPS Equipment: band Tags: strength Substitution group: hip_flexion_with Coaching cues: Secure one end of the band to the lower portion of a post and attach the other to one ankle. | Face away from the attachment point of the band. | Keeping your head and your chest up, raise your knee up to 90 degrees and pause. | Return the leg to the starting position."
167,Hurdle Hops,hinge,hamstrings,posterior lower,moderate,intermediate,false,false,false,reps,,hurdle_hops,,0.4,0.6,0.4,24,none,bronze,anabolic,,"Movement: Hurdle Hops Pattern: MovementPattern.HINGE Primary muscle: PrimaryMuscle.HAMSTRINGS Primary region: PrimaryRegion.POSTERIOR_LOWER Characteristics: compound=False, unilateral=False, complex_lift=False CNS load: CNSLoad.MODERATE Skill level: SkillLevel.INTERMEDIATE Spinal compression: SpinalCompression.NONE Tier: MovementTier.BRONZE Metabolic demand: MetabolicDemand.ANABOLIC Metric type: MetricType.REPS Equipment: other Tags: plyometrics Substitution group: hurdle_hops Coaching cues: Set up a row of hurdles or other small barriers, placing them a few feet apart. | Stand in front of the first hurdle with your feet shoulder width apart. This will be your starting position. | Begin by jumping with both feet over the first hurdle, swinging both arms as you jump. | Absorb the impact of landing by bending the knees, rebounding out of the first leap by jumping over the next hurdle. Continue until you have jumped over all of the hurdles."
223,One-Arm Side Laterals,isolation,full_body,full body,moderate,intermediate,false,false,false,reps,,one_arm_side_laterals,,0.4,0.6,0.4,24,none,bronze,anabolic,,"Movement: One-Arm Side Laterals Pattern: MovementPattern.ISOLATION Primary muscle: PrimaryMuscle.FULL_BODY Primary region: PrimaryRegion.FULL_BODY Characteristics: compound=False, unilateral=False, complex_lift=False CNS load: CNSLoad.MODERATE Skill level: SkillLevel.INTERMEDIATE Spinal compression: SpinalCompression.NONE Tier: MovementTier.BRONZE Metabolic demand: MetabolicDemand.ANABOLIC Metric type: MetricType.REPS Equipment: dumbbell Tags: strength Disciplines: bodybuilding Substitution group: one_arm_side_laterals Coaching cues: Pick a dumbbell and place it in one of your hands. Your non lifting hand should be used to grab something steady such as an incline bench press. Lean towards your lifting arm and away from the hand that is gripping the incline bench as this will allow you to keep your balance. | Stand with a straight torso and have the dumbbell by your side at arm length with the palm of the hand facing you. This will be your starting position. | While maintaining the torso stationary (no swinging), lift the dumbbell to your side with a slight bend on the elbow and your hand slightly tilted forward as if pouring water in a glass. Continue to go up until you arm is parallel to the floor. Exhale as you execute this movement and pause for a second at the top. | Lower the dumbbell back down slowly to the starting position as you inhale. | Repeat for the recommended amount of repetitions. | Switch arms and repeat the exercise."
390,Handstand Hold,vertical_push,chest,upper body,moderate,intermediate,true,false,false,reps,,,,0.6,0.8,0.4,48,none,bronze,anabolic,,"Movement: Handstand Hold Pattern: MovementPattern.VERTICAL_PUSH Primary muscle: PrimaryMuscle.CHEST Primary region: PrimaryRegion.UPPER_BODY Characteristics: compound=True, unilateral=False, complex_lift=False CNS load: CNSLoad.MODERATE Skill level: SkillLevel.INTERMEDIATE Spinal compression: SpinalCompression.NONE Tier: MovementTier.BRONZE Metabolic demand: MetabolicDemand.ANABOLIC Metric type: MetricType.REPS Disciplines: crossfit"
168,Hyperextensions (Back Extensions),isolation,lower_back,posterior lower,moderate,intermediate,false,false,false,reps,,hyperextensions,,0.4,0.6,0.4,24,none,bronze,anabolic,,"Movement: Hyperextensions (Back Extensions) Pattern: MovementPattern.ISOLATION Primary muscle: PrimaryMuscle.LOWER_BACK Primary region: PrimaryRegion.POSTERIOR_LOWER Characteristics: compound=False, unilateral=False, complex_lift=False CNS load: CNSLoad.MODERATE Skill level: SkillLevel.INTERMEDIATE Spinal compression: SpinalCompression.NONE Tier: MovementTier.BRONZE Metabolic demand: MetabolicDemand.ANABOLIC Metric type: MetricType.REPS Equipment: other Tags: strength Disciplines: bodybuilding Substitution group: hyperextensions Coaching cues: Lie face down on a hyperextension bench, tucking your ankles securely under the footpads. | Adjust the upper pad if possible so your upper thighs lie flat across the wide pad, leaving enough room for you to bend at the waist without any restriction. | With your body straight, cross your arms in front of you (my preference) or behind your head. This will be your starting position. Tip: You can also hold a weight plate for extra resistance in front of you under your crossed arms. | Start bending forward slowly at the waist as far as you can while keeping your back flat. Inhale as you perform this movement. Keep moving forward until you feel a nice stretch on the hamstrings and you can no longer keep going without a rounding of the back. Tip: Never round the back as you perform this exercise. Also, some people can go farther than others. The key thing is that you go as far as your body allows you to without rounding the back. | Slowly raise your torso back to the initial position as you inhale. Tip: Avoid the temptation to arch your back past a straight line. Also, do not swing the torso at any time in order to protect the back from injury. | Repeat for the recommended amount of repetitions."
170,Iliotibial Tract-SMR,mobility,adductors,lower body,moderate,intermediate,false,false,false,reps,,iliotibial_tract_smr,,0.4,0.6,0.4,24,none,bronze,anabolic,,"Movement: Iliotibial Tract-SMR Pattern: MovementPattern.MOBILITY Primary muscle: PrimaryMuscle.ADDUCTORS Primary region: PrimaryRegion.LOWER_BODY Characteristics: compound=False, unilateral=False, complex_lift=False CNS load: CNSLoad.MODERATE Skill level: SkillLevel.INTERMEDIATE Spinal compression: SpinalCompression.NONE Tier: MovementTier.BRONZE Metabolic demand: MetabolicDemand.ANABOLIC Metric type: MetricType.REPS Equipment: foam roll Tags: stretching, mobility Substitution group: iliotibial_tract_smr Coaching cues: Lay on your side, with the bottom leg placed onto a foam roller between the hip and the knee. The other leg can be crossed in front of you. | Place as much of your weight as is tolerable onto your bottom leg; there is no need to keep your bottom leg in contact with the ground. Be sure to relax the muscles of the leg you are stretching. | Roll your leg over the foam from you hip to your knee, pausing for 10-30 seconds at points of tension. Repeat with the opposite leg."
171,Inchworm,mobility,hamstrings,posterior lower,moderate,intermediate,false,false,false,reps,,inchworm,,0.4,0.6,0.4,24,none,bronze,anabolic,,"Movement: Inchworm Pattern: MovementPattern.MOBILITY Primary muscle: PrimaryMuscle.HAMSTRINGS Primary region: PrimaryRegion.POSTERIOR_LOWER Characteristics: compound=False, unilateral=False, complex_lift=False CNS load: CNSLoad.MODERATE Skill level: SkillLevel.INTERMEDIATE Spinal compression: SpinalCompression.NONE Tier: MovementTier.BRONZE Metabolic demand: MetabolicDemand.ANABOLIC Metric type: MetricType.REPS Equipment: none Tags: stretching, mobility Substitution group: inchworm Coaching cues: Stand with your feet close together. Keeping your legs straight, stretch down and put your hands on the floor directly in front of you. This will be your starting position. | Begin by walking your hands forward slowly, alternating your left and your right. As you do so, bend only at the hip, keeping your legs straight. | Keep going until your body is parallel to the ground in a pushup position. | Now, keep your hands in place and slowly take short steps with your feet, moving only a few inches at a time. | Continue walking until your feet are by hour hands, keeping your legs straight as you do so."
391,Single-Leg Squats,squat,quadriceps,lower body,moderate,intermediate,true,false,false,reps,,,,0.6,0.8,0.4,48,none,bronze,anabolic,,"Movement: Single-Leg Squats Pattern: MovementPattern.SQUAT Primary muscle: PrimaryMuscle.QUADRICEPS Primary region: PrimaryRegion.LOWER_BODY Characteristics: compound=True, unilateral=False, complex_lift=False CNS load: CNSLoad.MODERATE Skill level: SkillLevel.INTERMEDIATE Spinal compression: SpinalCompression.NONE Tier: MovementTier.BRONZE Metabolic demand: MetabolicDemand.ANABOLIC Metric type: MetricType.REPS Disciplines: crossfit"
52,Leg Curl,isolation,hamstrings,posterior lower,low,beginner,false,false,false,reps,,leg_curl,,0.19999999999999998,0.5,0.2,12,none,bronze,anabolic,,"Movement: Leg Curl Pattern: MovementPattern.ISOLATION Primary muscle: PrimaryMuscle.HAMSTRINGS Primary region: PrimaryRegion.POSTERIOR_LOWER Characteristics: compound=False, unilateral=False, complex_lift=False CNS load: CNSLoad.LOW Skill level: SkillLevel.BEGINNER Spinal compression: SpinalCompression.NONE Tier: MovementTier.BRONZE Metabolic demand: MetabolicDemand.ANABOLIC Metric type: MetricType.REPS Equipment: machine Tags: hypertrophy Disciplines: bodybuilding Substitution group: leg_curl"
172,Incline Cable Flye,isolation,chest,anterior upper,moderate,intermediate,false,false,false,reps,,flye,,0.4,0.6,0.4,24,none,bronze,anabolic,,"Movement: Incline Cable Flye Pattern: MovementPattern.ISOLATION Primary muscle: PrimaryMuscle.CHEST Primary region: PrimaryRegion.ANTERIOR_UPPER Characteristics: compound=False, unilateral=False, complex_lift=False CNS load: CNSLoad.MODERATE Skill level: SkillLevel.INTERMEDIATE Spinal compression: SpinalCompression.NONE Tier: MovementTier.BRONZE Metabolic demand: MetabolicDemand.ANABOLIC Metric type: MetricType.REPS Equipment: cable Tags: strength Disciplines: bodybuilding Substitution group: flye Coaching cues: To get yourself into the starting position, set the pulleys at the floor level (lowest level possible on the machine that is below your torso). | Place an incline bench (set at 45 degrees) in between the pulleys, select a weight on each one and grab a pulley on each hand. | With a handle on each hand, lie on the incline bench and bring your hands together at arms length in front of your face. This will be your starting position. | With a slight bend of your elbows (in order to prevent stress at the biceps tendon), lower your arms out at both sides in a wide arc until you feel a stretch on your chest. Breathe in as you perform this portion of the movement. Tip: Keep in mind that throughout the movement, the arms should remain stationary. The movement should only occur at the shoulder joint. | Return your arms back to the starting position as you squeeze your chest muscles and exhale. Hold the contracted position for a second. Tip: Make sure to use the same arc of motion used to lower the weights. | Repeat the movement for the prescribed amount of repetitions."
173,Incline Dumbbell Flyes,isolation,chest,anterior upper,moderate,intermediate,false,false,false,reps,,flyes,,0.4,0.6,0.4,24,none,bronze,anabolic,,"Movement: Incline Dumbbell Flyes Pattern: MovementPattern.ISOLATION Primary muscle: PrimaryMuscle.CHEST Primary region: PrimaryRegion.ANTERIOR_UPPER Characteristics: compound=False, unilateral=False, complex_lift=False CNS load: CNSLoad.MODERATE Skill level: SkillLevel.INTERMEDIATE Spinal compression: SpinalCompression.NONE Tier: MovementTier.BRONZE Metabolic demand: MetabolicDemand.ANABOLIC Metric type: MetricType.REPS Equipment: dumbbell Tags: strength Disciplines: bodybuilding Substitution group: flyes Coaching cues: Hold a dumbbell on each hand and lie on an incline bench that is set to an incline angle of no more than 30 degrees. | Extend your arms above you with a slight bend at the elbows. | Now rotate the wrists so that the palms of your hands are facing you. Tip: The pinky fingers should be next to each other. This will be your starting position. | As you breathe in, start to slowly lower the arms to the side while keeping the arms extended and while rotating the wrists until the palms of the hand are facing each other. Tip: At the end of the movement the arms will be by your side with the palms facing the ceiling. | As you exhale start to bring the dumbbells back up to the starting position by reversing the motion and rotating the hands so that the pinky fingers are next to each other again. Tip: Keep in mind that the movement will only happen at the shoulder joint and at the wrist. There is no motion that happens at the elbow joint. | Repeat for the recommended amount of repetitions."
174,Incline Dumbbell Flyes - With A Twist,isolation,chest,anterior upper,moderate,intermediate,false,false,false,reps,,flyes_with_a_twist,,0.4,0.6,0.4,24,none,bronze,anabolic,,"Movement: Incline Dumbbell Flyes - With A Twist Pattern: MovementPattern.ISOLATION Primary muscle: PrimaryMuscle.CHEST Primary region: PrimaryRegion.ANTERIOR_UPPER Characteristics: compound=False, unilateral=False, complex_lift=False CNS load: CNSLoad.MODERATE Skill level: SkillLevel.INTERMEDIATE Spinal compression: SpinalCompression.NONE Tier: MovementTier.BRONZE Metabolic demand: MetabolicDemand.ANABOLIC Metric type: MetricType.REPS Equipment: dumbbell Tags: strength Disciplines: bodybuilding Substitution group: flyes_with_a_twist Coaching cues: Hold a dumbbell in each hand and lie on an incline bench that is set to an incline angle of no more than 30 degrees. | Extend your arms above you with a slight bend at the elbows. | Now rotate the wrists so that the palms of your hands are facing you. Tip: The pinky fingers should be next to each other. This will be your starting position. | As you breathe in, start to slowly lower the arms to the side while keeping the arms extended and while rotating the wrists until the palms of the hand are facing each other. Tip: At the end of the movement the arms will be by your side with the palms facing the ceiling. | As you exhale start to bring the dumbbells back up to the starting position by reversing the motion and rotating the hands so that the pinky fingers are next to each other again. Tip: Keep in mind that the movement will only happen at the shoulder joint and at the wrist. There is no motion that happens at the elbow joint. | Repeat for the recommended amount of repetitions."
55,Pigeon Stretch,mobility,glutes,posterior lower,very_low,beginner,false,false,true,time,,hip_opener,,0.1,0.5,0.30000000000000004,12,none,bronze,anabolic,,"Movement: Pigeon Stretch Pattern: MovementPattern.MOBILITY Primary muscle: PrimaryMuscle.GLUTES Primary region: PrimaryRegion.POSTERIOR_LOWER Characteristics: compound=False, unilateral=True, complex_lift=False CNS load: CNSLoad.VERY_LOW Skill level: SkillLevel.BEGINNER Spinal compression: SpinalCompression.NONE Tier: MovementTier.BRONZE Metabolic demand: MetabolicDemand.ANABOLIC Metric type: MetricType.TIME Equipment: none Tags: mobility Disciplines: yoga Substitution group: hip_opener"
394,Toes-To-Bars,conditioning,full_body,full body,moderate,intermediate,true,false,false,reps,,,,0.6,0.8,0.4,48,none,bronze,anabolic,,"Movement: Toes-To-Bars Pattern: MovementPattern.CONDITIONING Primary muscle: PrimaryMuscle.FULL_BODY Primary region: PrimaryRegion.FULL_BODY Characteristics: compound=True, unilateral=False, complex_lift=False CNS load: CNSLoad.MODERATE Skill level: SkillLevel.INTERMEDIATE Spinal compression: SpinalCompression.NONE Tier: MovementTier.BRONZE Metabolic demand: MetabolicDemand.ANABOLIC Metric type: MetricType.REPS Disciplines: crossfit"
178,Isometric Neck Exercise - Sides,isolation,full_body,full body,moderate,intermediate,false,false,false,reps,,isometric_neck_exercise_sides,,0.4,0.6,0.4,24,none,bronze,anabolic,,"Movement: Isometric Neck Exercise - Sides Pattern: MovementPattern.ISOLATION Primary muscle: PrimaryMuscle.FULL_BODY Primary region: PrimaryRegion.FULL_BODY Characteristics: compound=False, unilateral=False, complex_lift=False CNS load: CNSLoad.MODERATE Skill level: SkillLevel.INTERMEDIATE Spinal compression: SpinalCompression.NONE Tier: MovementTier.BRONZE Metabolic demand: MetabolicDemand.ANABOLIC Metric type: MetricType.REPS Equipment: none Tags: strength Disciplines: bodybuilding Substitution group: isometric_neck_exercise_sides Coaching cues: With your head and neck in a neutral position (normal position with head erect facing forward), place your left hand on the left side of your head. | Now gently push towards the left as you contract the left neck muscles but resisting any movement of your head. Start with slow tension and increase slowly. Keep breathing normally as you execute this contraction. | Hold for the recommended number of seconds. | Now release the tension slowly. | Rest for the recommended amount of time and repeat with your right hand placed on the right side of your head."
179,Isometric Wipers,isolation,chest,anterior upper,moderate,intermediate,false,false,false,reps,,isometric_wipers,,0.4,0.6,0.4,24,none,bronze,anabolic,,"Movement: Isometric Wipers Pattern: MovementPattern.ISOLATION Primary muscle: PrimaryMuscle.CHEST Primary region: PrimaryRegion.ANTERIOR_UPPER Characteristics: compound=False, unilateral=False, complex_lift=False CNS load: CNSLoad.MODERATE Skill level: SkillLevel.INTERMEDIATE Spinal compression: SpinalCompression.NONE Tier: MovementTier.BRONZE Metabolic demand: MetabolicDemand.ANABOLIC Metric type: MetricType.REPS Equipment: none Tags: strength Disciplines: bodybuilding Substitution group: isometric_wipers Coaching cues: Assume a push-up position, supporting your weight on your hands and toes while keeping your body straight. Your hands should be just outside of shoulder width. This will be your starting position. | Begin by shifting your body weight as far to one side as possible, allowing the elbow on that side to flex as you lower your body. | Reverse the motion by extending the flexed arm, pushing yourself up and then dropping to the other side. | Repeat for the desired number of repetitions."
181,Keg Load,isolation,lower_back,posterior lower,moderate,intermediate,false,false,false,reps,,keg_load,,0.4,0.6,0.4,24,none,bronze,anabolic,,"Movement: Keg Load Pattern: MovementPattern.ISOLATION Primary muscle: PrimaryMuscle.LOWER_BACK Primary region: PrimaryRegion.POSTERIOR_LOWER Characteristics: compound=False, unilateral=False, complex_lift=False CNS load: CNSLoad.MODERATE Skill level: SkillLevel.INTERMEDIATE Spinal compression: SpinalCompression.NONE Tier: MovementTier.BRONZE Metabolic demand: MetabolicDemand.ANABOLIC Metric type: MetricType.REPS Equipment: other Disciplines: strongman, powerlifting, bodybuilding Substitution group: keg_load Coaching cues: To load kegs, place the desired number a distance from the loading platform, typically 30-50 feet. | Begin by grabbing the close handle of the first keg, tilting it onto its side to grab the opposite edge of the bottom of the keg. Lift the keg up to your chest. | The higher you can place the keg, the faster you should be able to move to the platform. Shouldering is usually not allowed. Be sure to keep a firm hold on the keg. Move as quickly as possible to the platform, and load it, extending through your hips, knees, and ankles to get it as high as possible. | Return to the starting position to retrieve the next keg, and repeat until the event is completed."
182,Kettlebell Figure 8,isolation,core,full body,moderate,intermediate,false,false,false,reps,,figure_8,,0.4,0.6,0.4,24,none,bronze,anabolic,,"Movement: Kettlebell Figure 8 Pattern: MovementPattern.ISOLATION Primary muscle: PrimaryMuscle.CORE Primary region: PrimaryRegion.FULL_BODY Characteristics: compound=False, unilateral=False, complex_lift=False CNS load: CNSLoad.MODERATE Skill level: SkillLevel.INTERMEDIATE Spinal compression: SpinalCompression.NONE Tier: MovementTier.BRONZE Metabolic demand: MetabolicDemand.ANABOLIC Metric type: MetricType.REPS Equipment: kettlebell Tags: strength Disciplines: bodybuilding Substitution group: figure_8 Coaching cues: Place one kettlebell between your legs and take a wider than shoulder width stance. Bend over by pushing your butt out and keeping your back flat. | Pick up a kettlebell and pass it to your other hand between your legs. The receiving hand should reach from behind the legs. Go back and forth for several repetitions."
184,Kettlebell Pirate Ships,isolation,full_body,full body,moderate,intermediate,false,false,false,reps,,pirate_ships,,0.4,0.6,0.4,24,none,bronze,anabolic,,"Movement: Kettlebell Pirate Ships Pattern: MovementPattern.ISOLATION Primary muscle: PrimaryMuscle.FULL_BODY Primary region: PrimaryRegion.FULL_BODY Characteristics: compound=False, unilateral=False, complex_lift=False CNS load: CNSLoad.MODERATE Skill level: SkillLevel.INTERMEDIATE Spinal compression: SpinalCompression.NONE Tier: MovementTier.BRONZE Metabolic demand: MetabolicDemand.ANABOLIC Metric type: MetricType.REPS Equipment: kettlebell Tags: strength Disciplines: bodybuilding Substitution group: pirate_ships Coaching cues: With a wide stance, hold a kettlebell with both hands. Allow it to hang at waist level with your arms extended. This will be your starting position. | Initiate the movement by turning to one side, swinging the kettlebell to head height. Briefly pause at the top of the motion. | Allow the bell to drop as you rotate to the opposite side, again raising the kettlebell to head height. | Repeat for the desired amount of repetitions."
395,Wall Walk,conditioning,full_body,full body,moderate,intermediate,true,false,false,reps,,,,0.6,0.8,0.4,48,none,bronze,anabolic,,"Movement: Wall Walk Pattern: MovementPattern.CONDITIONING Primary muscle: PrimaryMuscle.FULL_BODY Primary region: PrimaryRegion.FULL_BODY Characteristics: compound=True, unilateral=False, complex_lift=False CNS load: CNSLoad.MODERATE Skill level: SkillLevel.INTERMEDIATE Spinal compression: SpinalCompression.NONE Tier: MovementTier.BRONZE Metabolic demand: MetabolicDemand.ANABOLIC Metric type: MetricType.REPS Disciplines: crossfit"
185,Kettlebell Thruster,isolation,full_body,full body,moderate,intermediate,false,false,false,reps,,thruster,,0.4,0.6,0.4,24,none,bronze,anabolic,,"Movement: Kettlebell Thruster Pattern: MovementPattern.ISOLATION Primary muscle: PrimaryMuscle.FULL_BODY Primary region: PrimaryRegion.FULL_BODY Characteristics: compound=False, unilateral=False, complex_lift=False CNS load: CNSLoad.MODERATE Skill level: SkillLevel.INTERMEDIATE Spinal compression: SpinalCompression.NONE Tier: MovementTier.BRONZE Metabolic demand: MetabolicDemand.ANABOLIC Metric type: MetricType.REPS Equipment: kettlebell Tags: strength Disciplines: bodybuilding Substitution group: thruster Coaching cues: Clean two kettlebells to your shoulders. Clean the kettlebells to your shoulders by extending through the legs and hips as you pull the kettlebells towards your shoulders. Rotate your wrists as you do so. This will be your starting position. | Begin to squat by flexing your hips and knees, lowering your hips between your legs. Maintain an upright, straight back as you descend as low as you can. | At the bottom, reverse direction and squat by extending your knees and hips, driving through your heels. As you do so, press both kettlebells overhead by extending your arms straight up, using the momentum from the squat to help drive the weights upward. | As you begin the next repetition, return the weights to the shoulders."
193,Landmine Linear Jammer,isolation,full_body,full body,moderate,intermediate,false,false,false,reps,,landmine_linear_jammer,,0.4,0.6,0.4,24,none,bronze,anabolic,,"Movement: Landmine Linear Jammer Pattern: MovementPattern.ISOLATION Primary muscle: PrimaryMuscle.FULL_BODY Primary region: PrimaryRegion.FULL_BODY Characteristics: compound=False, unilateral=False, complex_lift=False CNS load: CNSLoad.MODERATE Skill level: SkillLevel.INTERMEDIATE Spinal compression: SpinalCompression.NONE Tier: MovementTier.BRONZE Metabolic demand: MetabolicDemand.ANABOLIC Metric type: MetricType.REPS Equipment: barbell Tags: strength Disciplines: bodybuilding Substitution group: landmine_linear_jammer Coaching cues: Position a bar into landmine or, lacking one, securely anchor it in a corner. Load the bar to an appropriate weight and position the handle attachment on the bar. | Raise the bar from the floor, taking the handles to your shoulders. This will be your starting position. | In an athletic stance, squat by flexing your hips and setting your hips back, keeping your arms flexed. | Reverse the motion by powerfully extending through the hips, knees, and ankles, while also extending the elbows to straighten the arms. This movement should be done explosively, coming out of the squat to full extension as powerfully as possible. | Return to the starting position."
186,Kettlebell Windmill,isolation,core,full body,moderate,intermediate,false,false,false,reps,,windmill,,0.4,0.6,0.4,24,none,bronze,anabolic,,"Movement: Kettlebell Windmill Pattern: MovementPattern.ISOLATION Primary muscle: PrimaryMuscle.CORE Primary region: PrimaryRegion.FULL_BODY Characteristics: compound=False, unilateral=False, complex_lift=False CNS load: CNSLoad.MODERATE Skill level: SkillLevel.INTERMEDIATE Spinal compression: SpinalCompression.NONE Tier: MovementTier.BRONZE Metabolic demand: MetabolicDemand.ANABOLIC Metric type: MetricType.REPS Equipment: kettlebell Tags: strength Disciplines: bodybuilding Substitution group: windmill Coaching cues: Place a kettlebell in front of your lead foot and clean and press it overhead with your opposite arm. Clean the kettlebell to your shoulder by extending through the legs and hips as you pull the kettlebell towards your shoulders. Rotate your wrist as you do so, so that the palm faces forward. Press it overhead by extending the elbow. | Keeping the kettlebell locked out at all times, push your butt out in the direction of the locked out kettlebell. Turn your feet out at a forty-five degree angle from the arm with the locked out kettlebell. Bending at the hip to one side, sticking your butt out, slowly lean until you can touch the floor with your free hand. Keep your eyes on the kettlebell that you hold over your head at all times. | Pause for a second after reaching the ground and reverse the motion back to the starting position."
56,Cat-Cow,mobility,lower_back,posterior upper,very_low,beginner,false,false,false,reps,,spinal_mobility,,0.1,0.5,0.2,12,none,bronze,anabolic,,"Movement: Cat-Cow Pattern: MovementPattern.MOBILITY Primary muscle: PrimaryMuscle.LOWER_BACK Primary region: PrimaryRegion.POSTERIOR_UPPER Characteristics: compound=False, unilateral=False, complex_lift=False CNS load: CNSLoad.VERY_LOW Skill level: SkillLevel.BEGINNER Spinal compression: SpinalCompression.NONE Tier: MovementTier.BRONZE Metabolic demand: MetabolicDemand.ANABOLIC Metric type: MetricType.REPS Equipment: none Tags: mobility Disciplines: yoga Substitution group: spinal_mobility"
189,Knee/Hip Raise On Parallel Bars,isolation,core,full body,moderate,intermediate,false,false,false,reps,,knee_hip_raise_on_parallel_bars,,0.4,0.6,0.4,24,none,bronze,anabolic,,"Movement: Knee/Hip Raise On Parallel Bars Pattern: MovementPattern.ISOLATION Primary muscle: PrimaryMuscle.CORE Primary region: PrimaryRegion.FULL_BODY Characteristics: compound=False, unilateral=False, complex_lift=False CNS load: CNSLoad.MODERATE Skill level: SkillLevel.INTERMEDIATE Spinal compression: SpinalCompression.NONE Tier: MovementTier.BRONZE Metabolic demand: MetabolicDemand.ANABOLIC Metric type: MetricType.REPS Equipment: other Tags: strength Disciplines: bodybuilding Substitution group: knee_hip_raise_on_parallel_bars Coaching cues: Position your body on the vertical leg raise bench so that your forearms are resting on the pads next to the torso and holding on to the handles. Your arms will be bent at a 90 degree angle. | The torso should be straight with the lower back pressed against the pad of the machine and the legs extended pointing towards the floor. This will be your starting position. | Now as you breathe out, lift your legs up as you keep them extended. Continue this movement until your legs are roughly parallel to the floor and then hold the contraction for a second. Tip: Do not use any momentum or swinging as you perform this exercise. | Slowly go back to the starting position as you breathe in. | Repeat for the recommended amount of repetitions."
190,Kneeling Arm Drill,isolation,full_body,full body,moderate,intermediate,false,false,false,reps,,kneeling_arm_drill,,0.4,0.6,0.4,24,none,bronze,anabolic,,"Movement: Kneeling Arm Drill Pattern: MovementPattern.ISOLATION Primary muscle: PrimaryMuscle.FULL_BODY Primary region: PrimaryRegion.FULL_BODY Characteristics: compound=False, unilateral=False, complex_lift=False CNS load: CNSLoad.MODERATE Skill level: SkillLevel.INTERMEDIATE Spinal compression: SpinalCompression.NONE Tier: MovementTier.BRONZE Metabolic demand: MetabolicDemand.ANABOLIC Metric type: MetricType.REPS Equipment: none Tags: plyometrics Disciplines: bodybuilding Substitution group: kneeling_arm_drill Coaching cues: This drill helps increase arm efficiency during the run. Begin kneeling, left foot in front, right knee down. Apply pressure through the front heel to keep your glutes and hamstrings activated. | Begin by blocking the arms in long, pendulum like swings. Close the arm angle, blocking with the arms as you would when jogging, progressing to a run and finally a sprint. | As soon as your hands pass the hip, accelerate them forward during the sprinting motion to move them as quickly as possible. | Switch knees and repeat."
191,Kneeling Cable Crunch With Alternating Oblique Twists,core,core,full body,moderate,intermediate,false,false,false,time,,kneeling_crunch_with_alternating_oblique_twists,,0.4,0.6,0.4,24,none,bronze,anabolic,,"Movement: Kneeling Cable Crunch With Alternating Oblique Twists Pattern: MovementPattern.CORE Primary muscle: PrimaryMuscle.CORE Primary region: PrimaryRegion.FULL_BODY Characteristics: compound=False, unilateral=False, complex_lift=False CNS load: CNSLoad.MODERATE Skill level: SkillLevel.INTERMEDIATE Spinal compression: SpinalCompression.NONE Tier: MovementTier.BRONZE Metabolic demand: MetabolicDemand.ANABOLIC Metric type: MetricType.TIME Equipment: cable Tags: strength Substitution group: kneeling_crunch_with_alternating_oblique_twists Coaching cues: Connect a rope attachment to a high pulley cable and position a mat on the floor in front of it. | Grab the rope with both hands and kneel approximately two feet back from the tower. | Position the rope behind your head with your hands by your ears. | Keep your hands in the same place, contract your abs and pull downward on the rope in a crunching movement until your elbows reach your knees. | Pause briefly at the bottom and rise up in a slow and controlled manner until you reach the starting position. | Repeat the same downward movement until you halfway down, at which time you begin rotating one of your elbows to the opposite knee. | Again, pause briefly at the bottom and rise up in a slow and controlled manner until you reach the starting position. | Repeat the same movement as before, but alternate the other elbow to the opposite knee. | Continue this series of movements to failure."
192,Landmine 180's,isolation,core,full body,moderate,intermediate,false,false,false,reps,,landmine_180_s,,0.4,0.6,0.4,24,none,bronze,anabolic,,"Movement: Landmine 180's Pattern: MovementPattern.ISOLATION Primary muscle: PrimaryMuscle.CORE Primary region: PrimaryRegion.FULL_BODY Characteristics: compound=False, unilateral=False, complex_lift=False CNS load: CNSLoad.MODERATE Skill level: SkillLevel.INTERMEDIATE Spinal compression: SpinalCompression.NONE Tier: MovementTier.BRONZE Metabolic demand: MetabolicDemand.ANABOLIC Metric type: MetricType.REPS Equipment: barbell Tags: strength Disciplines: bodybuilding Substitution group: landmine_180_s Coaching cues: Position a bar into a landmine or securely anchor it in a corner. Load the bar to an appropriate weight. | Raise the bar from the floor, taking it to shoulder height with both hands with your arms extended in front of you. Adopt a wide stance. This will be your starting position. | Perform the movement by rotating the trunk and hips as you swing the weight all the way down to one side. Keep your arms extended throughout the exercise. | Reverse the motion to swing the weight all the way to the opposite side. | Continue alternating the movement until the set is complete."
194,Latissimus Dorsi-SMR,mobility,lats,posterior upper,moderate,intermediate,false,false,false,reps,,latissimus_dorsi_smr,,0.4,0.6,0.4,24,none,bronze,anabolic,,"Movement: Latissimus Dorsi-SMR Pattern: MovementPattern.MOBILITY Primary muscle: PrimaryMuscle.LATS Primary region: PrimaryRegion.POSTERIOR_UPPER Characteristics: compound=False, unilateral=False, complex_lift=False CNS load: CNSLoad.MODERATE Skill level: SkillLevel.INTERMEDIATE Spinal compression: SpinalCompression.NONE Tier: MovementTier.BRONZE Metabolic demand: MetabolicDemand.ANABOLIC Metric type: MetricType.REPS Equipment: foam roll Tags: stretching, mobility Substitution group: latissimus_dorsi_smr Coaching cues: While lying on the floor, place a foam roll under your back and to one side, just behind your arm pit. This will be your starting position. | Keep the arm of the side being stretched behind and to the side of you as you shift your weight onto your lats, keeping your upper body off of the ground. Hold for 10-30 seconds, and switch sides."
195,Leverage Shrug,isolation,upper_back,posterior upper,moderate,intermediate,false,false,false,reps,,age_shrug,,0.4,0.6,0.4,24,none,bronze,anabolic,,"Movement: Leverage Shrug Pattern: MovementPattern.ISOLATION Primary muscle: PrimaryMuscle.UPPER_BACK Primary region: PrimaryRegion.POSTERIOR_UPPER Characteristics: compound=False, unilateral=False, complex_lift=False CNS load: CNSLoad.MODERATE Skill level: SkillLevel.INTERMEDIATE Spinal compression: SpinalCompression.NONE Tier: MovementTier.BRONZE Metabolic demand: MetabolicDemand.ANABOLIC Metric type: MetricType.REPS Equipment: machine Tags: strength Disciplines: bodybuilding Substitution group: age_shrug Coaching cues: Load the pins to an appropriate weight. Position yourself directly between the handles. | Grasp the top handles with a comfortable grip, and then lower your hips as you take a breath. Look forward with your head and keep your chest up. | Drive through the floor with your heels, extending your hips and knees as you rise to a standing position. Keep your arms straight throughout the movement, finishing with your shoulders back. This will be your starting position. | Raise the weight by shrugging the shoulders towards your ears, moving straight up and down. | Pause at the top of the motion, and then return the weight to the starting position."
404,hand release push ups,horizontal_push,full_body,full body,moderate,intermediate,true,false,false,reps,,,,0.6,0.8,0.4,48,none,bronze,anabolic,,"Movement: hand release push ups Pattern: MovementPattern.HORIZONTAL_PUSH Primary muscle: PrimaryMuscle.FULL_BODY Primary region: PrimaryRegion.FULL_BODY Characteristics: compound=True, unilateral=False, complex_lift=False CNS load: CNSLoad.MODERATE Skill level: SkillLevel.INTERMEDIATE Spinal compression: SpinalCompression.NONE Tier: MovementTier.BRONZE Metabolic demand: MetabolicDemand.ANABOLIC Metric type: MetricType.REPS Tags: crossfit Disciplines: crossfit"
196,Linear 3-Part Start Technique,lunge,hamstrings,posterior lower,moderate,intermediate,false,false,false,reps,,linear_3_part_start_technique,,0.4,0.6,0.4,24,none,bronze,anabolic,,"Movement: Linear 3-Part Start Technique Pattern: MovementPattern.LUNGE Primary muscle: PrimaryMuscle.HAMSTRINGS Primary region: PrimaryRegion.POSTERIOR_LOWER Characteristics: compound=False, unilateral=False, complex_lift=False CNS load: CNSLoad.MODERATE Skill level: SkillLevel.INTERMEDIATE Spinal compression: SpinalCompression.NONE Tier: MovementTier.BRONZE Metabolic demand: MetabolicDemand.ANABOLIC Metric type: MetricType.REPS Equipment: none Tags: plyometrics Substitution group: linear_3_part_start_technique Coaching cues: This drill helps you accelerate as quickly as possible into a sprint from a dead stop. It helps to use a line to start from. Begin with two feet on the line. Place your left foot with the toe next to your right ankle. Place your right foot 4-6 inches behind the left. | Place your right hand onto the line, and thing bring your nose close to your left knee. | Squat down as you lean foward, your head being lower than your hips and your weight loaded onto the left leg. This will be your starting position. | Take your left hand up so that it is parallel to the ground, pointing behind you, and explode out when ready."
197,Linear Acceleration Wall Drill,lunge,hamstrings,posterior lower,moderate,intermediate,false,false,false,reps,,linear_acceleration_wall_drill,,0.4,0.6,0.4,24,none,bronze,anabolic,,"Movement: Linear Acceleration Wall Drill Pattern: MovementPattern.LUNGE Primary muscle: PrimaryMuscle.HAMSTRINGS Primary region: PrimaryRegion.POSTERIOR_LOWER Characteristics: compound=False, unilateral=False, complex_lift=False CNS load: CNSLoad.MODERATE Skill level: SkillLevel.INTERMEDIATE Spinal compression: SpinalCompression.NONE Tier: MovementTier.BRONZE Metabolic demand: MetabolicDemand.ANABOLIC Metric type: MetricType.REPS Equipment: none Tags: plyometrics Substitution group: linear_acceleration_wall_drill Coaching cues: Lean at around 45 degrees against a wall. Your feet should be together, glutes contracted. | Begin by lifting your right knee quickly, pausing, and then driving it straight down into the ground. | Switch legs, raising the opposite knee, and then attacking the ground straight down. | Repeat once more with your right leg, and as soon as the right foot strikes the ground hammer them out rapidly, alternating left and right as fast as you can."
224,One-Legged Cable Kickback,lunge,glutes,posterior lower,moderate,intermediate,false,false,false,reps,,one_legged_kickback,,0.4,0.6,0.4,24,none,bronze,anabolic,,"Movement: One-Legged Cable Kickback Pattern: MovementPattern.LUNGE Primary muscle: PrimaryMuscle.GLUTES Primary region: PrimaryRegion.POSTERIOR_LOWER Characteristics: compound=False, unilateral=False, complex_lift=False CNS load: CNSLoad.MODERATE Skill level: SkillLevel.INTERMEDIATE Spinal compression: SpinalCompression.NONE Tier: MovementTier.BRONZE Metabolic demand: MetabolicDemand.ANABOLIC Metric type: MetricType.REPS Equipment: cable Tags: strength Substitution group: one_legged_kickback Coaching cues: Hook a leather ankle cuff to a low cable pulley and then attach the cuff to your ankle. | Face the weight stack from a distance of about two feet, grasping the steel frame for support. | While keeping your knees and hips bent slightly and your abs tight, contract your glutes to slowly kick the working leg back in a semicircular arc as high as it will comfortably go as you breathe out. Tip: At full extension, squeeze your glutes for a second in order to achieve a peak contraction. | Now slowly bring your working leg forward, resisting the pull of the cable until you reach the starting position. | Repeat for the recommended amount of repetitions. | Switch legs and repeat the movement for the other side."
200,Looking At Ceiling,mobility,quadriceps,anterior lower,moderate,intermediate,false,false,false,reps,,looking_at_ceiling,,0.4,0.6,0.4,24,none,bronze,anabolic,,"Movement: Looking At Ceiling Pattern: MovementPattern.MOBILITY Primary muscle: PrimaryMuscle.QUADRICEPS Primary region: PrimaryRegion.ANTERIOR_LOWER Characteristics: compound=False, unilateral=False, complex_lift=False CNS load: CNSLoad.MODERATE Skill level: SkillLevel.INTERMEDIATE Spinal compression: SpinalCompression.NONE Tier: MovementTier.BRONZE Metabolic demand: MetabolicDemand.ANABOLIC Metric type: MetricType.REPS Equipment: none Tags: stretching, mobility Substitution group: looking_at_ceiling Coaching cues: Kneel on the floor, holding your heels with both hands. | Lift your buttocks up and forward while bringing your head back to look up at the ceiling, to give an arch in your back."
201,Low Cable Crossover,isolation,chest,anterior upper,moderate,intermediate,false,false,false,reps,,low_crossover,,0.4,0.6,0.4,24,none,bronze,anabolic,,"Movement: Low Cable Crossover Pattern: MovementPattern.ISOLATION Primary muscle: PrimaryMuscle.CHEST Primary region: PrimaryRegion.ANTERIOR_UPPER Characteristics: compound=False, unilateral=False, complex_lift=False CNS load: CNSLoad.MODERATE Skill level: SkillLevel.INTERMEDIATE Spinal compression: SpinalCompression.NONE Tier: MovementTier.BRONZE Metabolic demand: MetabolicDemand.ANABOLIC Metric type: MetricType.REPS Equipment: cable Tags: strength Disciplines: bodybuilding Substitution group: low_crossover Coaching cues: To move into the starting position, place the pulleys at the low position, select the resistance to be used and grasp a handle in each hand. | Step forward, gaining tension in the pulleys. Your palms should be facing forward, hands below the waist, and your arms straight. This will be your starting position. | With a slight bend in your arms, draw your hands upward and toward the midline of your body. Your hands should come together in front of your chest, palms facing up. | Return your arms back to the starting position after a brief pause."
203,Lying Close-Grip Barbell Triceps Press To Chin,isolation,triceps,posterior upper,moderate,intermediate,true,false,false,reps,,lying_close_grip_triceps_press_to_chin,,0.6,0.8,0.4,48,none,bronze,anabolic,,"Movement: Lying Close-Grip Barbell Triceps Press To Chin Pattern: MovementPattern.ISOLATION Primary muscle: PrimaryMuscle.TRICEPS Primary region: PrimaryRegion.POSTERIOR_UPPER Characteristics: compound=True, unilateral=False, complex_lift=False CNS load: CNSLoad.MODERATE Skill level: SkillLevel.INTERMEDIATE Spinal compression: SpinalCompression.NONE Tier: MovementTier.BRONZE Metabolic demand: MetabolicDemand.ANABOLIC Metric type: MetricType.REPS Equipment: ez curl bar Tags: strength Disciplines: bodybuilding Substitution group: lying_close_grip_triceps_press_to_chin Coaching cues: While holding a barbell or EZ Curl bar with a pronated grip (palms facing forward), lie on your back on a flat bench with your head off the end of the bench. Tip: If you are holding a barbell grab it using a shoulder-width grip and if you are using an E-Z Bar grab it on the inner handles. | Extend your arms in front of you as you hold the barbell over your chest. The arms should be perpendicular to your torso (90-degree angle). This will be your starting position. | As you inhale, lower the bar in a semi-circular motion by bending at the elbows and while keeping the upper arm stationary and elbows in. Keep lowering the bar until it lightly touches your chin. | As you exhale bring the bar back up to the starting position by pushing the bar up in a semi-circular motion. Contract the triceps hard at the top of the movement for a second. Tip: Again, only the forearms should move. The upper arms should remain stationary at all times. | Repeat for the recommended amount of repetitions."
202,Lying Bent Leg Groin,mobility,adductors,lower body,moderate,intermediate,false,false,false,reps,,lying_bent_leg_groin,,0.4,0.6,0.4,24,none,bronze,anabolic,,"Movement: Lying Bent Leg Groin Pattern: MovementPattern.MOBILITY Primary muscle: PrimaryMuscle.ADDUCTORS Primary region: PrimaryRegion.LOWER_BODY Characteristics: compound=False, unilateral=False, complex_lift=False CNS load: CNSLoad.MODERATE Skill level: SkillLevel.INTERMEDIATE Spinal compression: SpinalCompression.NONE Tier: MovementTier.BRONZE Metabolic demand: MetabolicDemand.ANABOLIC Metric type: MetricType.REPS Equipment: other Tags: stretching, mobility Substitution group: lying_bent_leg_groin Coaching cues: Lie on your back with your knees bent and the soles of the feet pressed together. Have your partner hold your knees. This will be your starting position. | Attempt to squeeze your knees together, while your partner prevents any movement from occurring. | After 10-20 seconds, relax your muscles as your partner gently pushes your knees towards the floor. Be sure to inform your helper when the stretch is adequate to prevent injury or overstretching."
58,Wall Slide,mobility,upper_back,posterior upper,very_low,beginner,false,false,false,reps,,shoulder_mobility,,0.1,0.5,0.2,12,none,bronze,anabolic,,"Movement: Wall Slide Pattern: MovementPattern.MOBILITY Primary muscle: PrimaryMuscle.UPPER_BACK Primary region: PrimaryRegion.POSTERIOR_UPPER Characteristics: compound=False, unilateral=False, complex_lift=False CNS load: CNSLoad.VERY_LOW Skill level: SkillLevel.BEGINNER Spinal compression: SpinalCompression.NONE Tier: MovementTier.BRONZE Metabolic demand: MetabolicDemand.ANABOLIC Metric type: MetricType.REPS Equipment: none, wall Tags: rehabilitation, mobility Substitution group: shoulder_mobility"
204,Lying Crossover,mobility,adductors,lower body,moderate,intermediate,false,false,false,reps,,lying_crossover,,0.4,0.6,0.4,24,none,bronze,anabolic,,"Movement: Lying Crossover Pattern: MovementPattern.MOBILITY Primary muscle: PrimaryMuscle.ADDUCTORS Primary region: PrimaryRegion.LOWER_BODY Characteristics: compound=False, unilateral=False, complex_lift=False CNS load: CNSLoad.MODERATE Skill level: SkillLevel.INTERMEDIATE Spinal compression: SpinalCompression.NONE Tier: MovementTier.BRONZE Metabolic demand: MetabolicDemand.ANABOLIC Metric type: MetricType.REPS Equipment: none Tags: stretching, mobility Substitution group: lying_crossover Coaching cues: Lie on your back with your legs extended. | Cross one leg over your body with the knee bent, attempting to touch the knee to the ground. Your partner should kneel beside you, holding your shoulder down with one hand and controlling the crossed leg with the other. this will be your starting position. | Attempt to raise the bent knee off of the ground as your partner prevents any actual movement. | After 10-20 seconds, relax the leg as your partner gently presses the knee towards the floor. Repeat with the other side."
66,90/90 Hamstring,mobility,hamstrings,posterior lower,moderate,intermediate,false,false,false,reps,Hamstring stretch with legs split,90_90_hamstring,,0.4,0.6,0.4,24,none,bronze,anabolic,,"Movement: 90/90 Hamstring Pattern: MovementPattern.MOBILITY Primary muscle: PrimaryMuscle.HAMSTRINGS Primary region: PrimaryRegion.POSTERIOR_LOWER Characteristics: compound=False, unilateral=False, complex_lift=False CNS load: CNSLoad.MODERATE Skill level: SkillLevel.INTERMEDIATE Spinal compression: SpinalCompression.NONE Tier: MovementTier.BRONZE Metabolic demand: MetabolicDemand.ANABOLIC Metric type: MetricType.REPS Equipment: none Tags: stretching, mobility Substitution group: 90_90_hamstring Description: Hamstring stretch with legs split Coaching cues: Lie on your back, with one leg extended straight out. | With the other leg, bend the hip and knee to 90 degrees. You may brace your leg with your hands if necessary. This will be your starting position. | Extend your leg straight into the air, pausing briefly at the top. Return the leg to the starting position. | Repeat for 10-20 repetitions, and then switch to the other leg."
347,Middle Back Stretch,mobility,full_body,full body,moderate,intermediate,false,false,false,reps,,middle_back_stretch,,0.4,0.6,0.4,24,none,bronze,anabolic,,"Movement: Middle Back Stretch Pattern: MovementPattern.MOBILITY Primary muscle: PrimaryMuscle.FULL_BODY Primary region: PrimaryRegion.FULL_BODY Characteristics: compound=False, unilateral=False, complex_lift=False CNS load: CNSLoad.MODERATE Skill level: SkillLevel.INTERMEDIATE Spinal compression: SpinalCompression.NONE Tier: MovementTier.BRONZE Metabolic demand: MetabolicDemand.ANABOLIC Metric type: MetricType.REPS Equipment: none Tags: stretching, mobility Substitution group: middle_back_stretch Coaching cues: Stand so your feet are shoulder width apart and your hands are on your hips. | Twist at your waist until you feel a stretch. Hold for 10 to 15 seconds, then twist to the other side."
210,Machine Preacher Curls,isolation,biceps,anterior upper,moderate,intermediate,false,false,false,reps,,preacher_curls,,0.4,0.6,0.4,24,none,bronze,anabolic,,"Movement: Machine Preacher Curls Pattern: MovementPattern.ISOLATION Primary muscle: PrimaryMuscle.BICEPS Primary region: PrimaryRegion.ANTERIOR_UPPER Characteristics: compound=False, unilateral=False, complex_lift=False CNS load: CNSLoad.MODERATE Skill level: SkillLevel.INTERMEDIATE Spinal compression: SpinalCompression.NONE Tier: MovementTier.BRONZE Metabolic demand: MetabolicDemand.ANABOLIC Metric type: MetricType.REPS Equipment: machine Tags: strength Disciplines: bodybuilding Substitution group: preacher_curls Coaching cues: Sit down on the Preacher Curl Machine and select the weight. | Place the back of your upper arms (your triceps) on the preacher pad provided and grab the handles using an underhand grip (palms facing up). Tip: Make sure that when you place the arms on the pad you keep the elbows in. This will be your starting position. | Now lift the handles as you exhale and you contract the biceps. At the top of the position make sure that you hold the contraction for a second. Tip: Only the forearms should move. The upper arms should remain stationary and on the pad at all times. | Lower the handles slowly back to the starting position as you inhale. | Repeat for the recommended amount of repetitions."
364,Split Squats,squat,hamstrings,posterior lower,moderate,intermediate,true,false,false,reps,,split_squats,,0.6,0.8,0.4,48,none,bronze,anabolic,,"Movement: Split Squats Pattern: MovementPattern.SQUAT Primary muscle: PrimaryMuscle.HAMSTRINGS Primary region: PrimaryRegion.POSTERIOR_LOWER Characteristics: compound=True, unilateral=False, complex_lift=False CNS load: CNSLoad.MODERATE Skill level: SkillLevel.INTERMEDIATE Spinal compression: SpinalCompression.NONE Tier: MovementTier.BRONZE Metabolic demand: MetabolicDemand.ANABOLIC Metric type: MetricType.REPS Equipment: none Tags: stretching Substitution group: split_squats Coaching cues: Being in a standing position. Jump into a split leg position, with one leg forward and one leg back, flexing the knees and lowering your hips slightly as you do so. | As you descend, immediately reverse direction, standing back up and jumping, reversing the position of your legs. Repeat 5-10 times on each leg."
68,Adductor,mobility,adductors,lower body,moderate,intermediate,false,false,false,reps,One leg adductor foam roll,adductor,,0.4,0.6,0.4,24,none,bronze,anabolic,,"Movement: Adductor Pattern: MovementPattern.MOBILITY Primary muscle: PrimaryMuscle.ADDUCTORS Primary region: PrimaryRegion.LOWER_BODY Characteristics: compound=False, unilateral=False, complex_lift=False CNS load: CNSLoad.MODERATE Skill level: SkillLevel.INTERMEDIATE Spinal compression: SpinalCompression.NONE Tier: MovementTier.BRONZE Metabolic demand: MetabolicDemand.ANABOLIC Metric type: MetricType.REPS Equipment: foam roll Tags: stretching, mobility Substitution group: adductor Description: One leg adductor foam roll Coaching cues: Lie face down with one leg on a foam roll. | Rotate the leg so that the foam roll contacts against your inner thigh. Shift as much weight onto the foam roll as can be tolerated. | While trying to relax the muscles if the inner thigh, roll over the foam between your hip and knee, holding points of tension for 10-30 seconds. Repeat with the other leg."
209,Lying Prone Quadriceps,mobility,quadriceps,anterior lower,moderate,intermediate,false,false,false,reps,,lying_prone_quadriceps,,0.4,0.6,0.4,24,none,bronze,anabolic,,"Movement: Lying Prone Quadriceps Pattern: MovementPattern.MOBILITY Primary muscle: PrimaryMuscle.QUADRICEPS Primary region: PrimaryRegion.ANTERIOR_LOWER Characteristics: compound=False, unilateral=False, complex_lift=False CNS load: CNSLoad.MODERATE Skill level: SkillLevel.INTERMEDIATE Spinal compression: SpinalCompression.NONE Tier: MovementTier.BRONZE Metabolic demand: MetabolicDemand.ANABOLIC Metric type: MetricType.REPS Equipment: none Tags: stretching, mobility Substitution group: lying_prone_quadriceps Coaching cues: Lay face down on the floor with your partner kneeling beside you. Flex one knee and raise that leg off the ground, attempting to touch your glutes with your foot. Your partner should hold the knee and ankle. This will be your starting position. | Attempt to extend your knee while your partner prevents any actual movement. | After 10-20 seconds, relax your muscles as your partner gently pushes the foot towards your glutes, further stretching the quadriceps and hip flexors. | After 10-20 seconds, switch sides."
401,Box Step-Ups,lunge,full_body,full body,moderate,intermediate,true,false,false,reps,,,,0.6,0.8,0.4,48,none,bronze,anabolic,,"Movement: Box Step-Ups Pattern: MovementPattern.LUNGE Primary muscle: PrimaryMuscle.FULL_BODY Primary region: PrimaryRegion.FULL_BODY Characteristics: compound=True, unilateral=False, complex_lift=False CNS load: CNSLoad.MODERATE Skill level: SkillLevel.INTERMEDIATE Spinal compression: SpinalCompression.NONE Tier: MovementTier.BRONZE Metabolic demand: MetabolicDemand.ANABOLIC Metric type: MetricType.REPS Equipment: dumbbell, box Tags: crossfit, athletic Disciplines: crossfit"
47,Bicep Curl,isolation,biceps,anterior upper,very_low,beginner,false,false,false,reps,,bicep_curl,,0.1,0.5,0.2,12,none,bronze,anabolic,,"Movement: Bicep Curl Pattern: MovementPattern.ISOLATION Primary muscle: PrimaryMuscle.BICEPS Primary region: PrimaryRegion.ANTERIOR_UPPER Characteristics: compound=False, unilateral=False, complex_lift=False CNS load: CNSLoad.VERY_LOW Skill level: SkillLevel.BEGINNER Spinal compression: SpinalCompression.NONE Tier: MovementTier.BRONZE Metabolic demand: MetabolicDemand.ANABOLIC Metric type: MetricType.REPS Equipment: cable, barbell, dumbbell Tags: hypertrophy Disciplines: bodybuilding Substitution group: bicep_curl"
48,Tricep Extension,isolation,triceps,posterior upper,very_low,beginner,false,false,false,reps,,tricep_extension,,0.1,0.5,0.2,12,none,bronze,anabolic,,"Movement: Tricep Extension Pattern: MovementPattern.ISOLATION Primary muscle: PrimaryMuscle.TRICEPS Primary region: PrimaryRegion.POSTERIOR_UPPER Characteristics: compound=False, unilateral=False, complex_lift=False CNS load: CNSLoad.VERY_LOW Skill level: SkillLevel.BEGINNER Spinal compression: SpinalCompression.NONE Tier: MovementTier.BRONZE Metabolic demand: MetabolicDemand.ANABOLIC Metric type: MetricType.REPS Equipment: cable, dumbbell Tags: hypertrophy Disciplines: bodybuilding Substitution group: tricep_extension"
49,Lateral Raise,isolation,side_delts,shoulder,very_low,beginner,false,false,false,reps,,lateral_raise,,0.1,0.5,0.2,12,none,bronze,anabolic,,"Movement: Lateral Raise Pattern: MovementPattern.ISOLATION Primary muscle: PrimaryMuscle.SIDE_DELTS Primary region: PrimaryRegion.SHOULDER Characteristics: compound=False, unilateral=False, complex_lift=False CNS load: CNSLoad.VERY_LOW Skill level: SkillLevel.BEGINNER Spinal compression: SpinalCompression.NONE Tier: MovementTier.BRONZE Metabolic demand: MetabolicDemand.ANABOLIC Metric type: MetricType.REPS Equipment: cable, dumbbell Tags: hypertrophy Disciplines: bodybuilding Substitution group: lateral_raise"
407,knees to elbows,core,full_body,full body,moderate,intermediate,true,false,false,reps,,,,0.6,0.8,0.4,48,none,bronze,anabolic,,"Movement: knees to elbows Pattern: MovementPattern.CORE Primary muscle: PrimaryMuscle.FULL_BODY Primary region: PrimaryRegion.FULL_BODY Characteristics: compound=True, unilateral=False, complex_lift=False CNS load: CNSLoad.MODERATE Skill level: SkillLevel.INTERMEDIATE Spinal compression: SpinalCompression.NONE Tier: MovementTier.BRONZE Metabolic demand: MetabolicDemand.ANABOLIC Metric type: MetricType.REPS Equipment: pull_up_bar Tags: crossfit Disciplines: crossfit"
211,Mixed Grip Chin,isolation,full_body,full body,moderate,intermediate,false,false,false,reps,,mixed_grip_chin,,0.4,0.6,0.4,24,none,bronze,anabolic,,"Movement: Mixed Grip Chin Pattern: MovementPattern.ISOLATION Primary muscle: PrimaryMuscle.FULL_BODY Primary region: PrimaryRegion.FULL_BODY Characteristics: compound=False, unilateral=False, complex_lift=False CNS load: CNSLoad.MODERATE Skill level: SkillLevel.INTERMEDIATE Spinal compression: SpinalCompression.NONE Tier: MovementTier.BRONZE Metabolic demand: MetabolicDemand.ANABOLIC Metric type: MetricType.REPS Equipment: other Tags: strength Disciplines: bodybuilding Substitution group: mixed_grip_chin Coaching cues: Using a spacing that is just about 1 inch wider than shoulder width, grab a pull-up bar with the palms of one hand facing forward and the palms of the other hand facing towards you. This will be your starting position. | Now start to pull yourself up as you exhale. Tip: With the arm that has the palms facing up concentrate on using the back muscles in order to perform the movement. The elbow of that arm should remain close to the torso. With the other arm that has the palms facing forward, the elbows will be away but in line with the torso. You will concentrate on using the lats to pull your body up. | After a second contraction at the top, start to slowly come down as you inhale. | Repeat for the recommended amount of repetitions. | On the following set, switch grips; so if you had the right hand with the palms facing you and the left one with the palms facing forward, on the next set you will have the palms facing forward for the right hand and facing you for the left."
212,Monster Walk,isolation,adductors,lower body,moderate,intermediate,false,false,false,reps,,monster_walk,,0.4,0.6,0.4,24,none,bronze,anabolic,,"Movement: Monster Walk Pattern: MovementPattern.ISOLATION Primary muscle: PrimaryMuscle.ADDUCTORS Primary region: PrimaryRegion.LOWER_BODY Characteristics: compound=False, unilateral=False, complex_lift=False CNS load: CNSLoad.MODERATE Skill level: SkillLevel.INTERMEDIATE Spinal compression: SpinalCompression.NONE Tier: MovementTier.BRONZE Metabolic demand: MetabolicDemand.ANABOLIC Metric type: MetricType.REPS Equipment: band Tags: strength Disciplines: bodybuilding Substitution group: monster_walk Coaching cues: Place a band around both ankles and another around both knees. There should be enough tension that they are tight when your feet are shoulder width apart. | To begin, take short steps forward alternating your left and right foot. | After several steps, do just the opposite and walk backward to where you started."
213,Mountain Climbers,lunge,quadriceps,anterior lower,moderate,intermediate,false,false,false,reps,,mountain_climbers,,0.4,0.6,0.4,24,none,bronze,anabolic,,"Movement: Mountain Climbers Pattern: MovementPattern.LUNGE Primary muscle: PrimaryMuscle.QUADRICEPS Primary region: PrimaryRegion.ANTERIOR_LOWER Characteristics: compound=False, unilateral=False, complex_lift=False CNS load: CNSLoad.MODERATE Skill level: SkillLevel.INTERMEDIATE Spinal compression: SpinalCompression.NONE Tier: MovementTier.BRONZE Metabolic demand: MetabolicDemand.ANABOLIC Metric type: MetricType.REPS Equipment: none Tags: plyometrics Substitution group: mountain_climbers Coaching cues: Begin in a pushup position, with your weight supported by your hands and toes. Flexing the knee and hip, bring one leg until the knee is approximately under the hip. This will be your starting position. | Explosively reverse the positions of your legs, extending the bent leg until the leg is straight and supported by the toe, and bringing the other foot up with the hip and knee flexed. Repeat in an alternating fashion for 20-30 seconds."
214,Moving Claw Series,lunge,hamstrings,posterior lower,moderate,intermediate,false,false,false,reps,,moving_claw_series,,0.4,0.6,0.4,24,none,bronze,anabolic,,"Movement: Moving Claw Series Pattern: MovementPattern.LUNGE Primary muscle: PrimaryMuscle.HAMSTRINGS Primary region: PrimaryRegion.POSTERIOR_LOWER Characteristics: compound=False, unilateral=False, complex_lift=False CNS load: CNSLoad.MODERATE Skill level: SkillLevel.INTERMEDIATE Spinal compression: SpinalCompression.NONE Tier: MovementTier.BRONZE Metabolic demand: MetabolicDemand.ANABOLIC Metric type: MetricType.REPS Equipment: none Tags: plyometrics Substitution group: moving_claw_series Coaching cues: This move helps prepare your running form to help you excel at sprinting. As you run, be sure to flex the knee, aiming to kick your glutes as the hip extends. | Reload the quad as the leg moves back forward, attacking the ground on the next step. | Ensure that as you run, you block with the arms, punching through in a rapid 1-2 motion."
31,Power Clean,olympic,full_body,full body,very_high,advanced,true,true,false,reps,,clean,,1,1,0.8,72,none,bronze,anabolic,,"Movement: Power Clean Pattern: MovementPattern.OLYMPIC Primary muscle: PrimaryMuscle.FULL_BODY Primary region: PrimaryRegion.FULL_BODY Characteristics: compound=True, unilateral=False, complex_lift=True CNS load: CNSLoad.VERY_HIGH Skill level: SkillLevel.ADVANCED Spinal compression: SpinalCompression.NONE Tier: MovementTier.BRONZE Metabolic demand: MetabolicDemand.ANABOLIC Metric type: MetricType.REPS Equipment: barbell Tags: athleticism, olympic, olympic_lifting Substitution group: clean"
32,Snatch,olympic,full_body,full body,very_high,elite,true,true,false,reps,,snatch,,1,1,1,72,none,bronze,anabolic,,"Movement: Snatch Pattern: MovementPattern.OLYMPIC Primary muscle: PrimaryMuscle.FULL_BODY Primary region: PrimaryRegion.FULL_BODY Characteristics: compound=True, unilateral=False, complex_lift=True CNS load: CNSLoad.VERY_HIGH Skill level: SkillLevel.ELITE Spinal compression: SpinalCompression.NONE Tier: MovementTier.BRONZE Metabolic demand: MetabolicDemand.ANABOLIC Metric type: MetricType.REPS Equipment: barbell Tags: olympic, olympic_lifting Substitution group: snatch"
33,Clean and Jerk,olympic,full_body,full body,very_high,elite,true,true,false,reps,,clean_jerk,,1,1,1,72,none,bronze,anabolic,,"Movement: Clean and Jerk Pattern: MovementPattern.OLYMPIC Primary muscle: PrimaryMuscle.FULL_BODY Primary region: PrimaryRegion.FULL_BODY Characteristics: compound=True, unilateral=False, complex_lift=True CNS load: CNSLoad.VERY_HIGH Skill level: SkillLevel.ELITE Spinal compression: SpinalCompression.NONE Tier: MovementTier.BRONZE Metabolic demand: MetabolicDemand.ANABOLIC Metric type: MetricType.REPS Equipment: barbell Tags: olympic, olympic_lifting Substitution group: clean_jerk"
400,Rowing Machine,cardio,full_body,full body,moderate,intermediate,true,false,false,reps,,,,0.6,0.8,0.4,48,none,bronze,anabolic,,"Movement: Rowing Machine Pattern: MovementPattern.CARDIO Primary muscle: PrimaryMuscle.FULL_BODY Primary region: PrimaryRegion.FULL_BODY Characteristics: compound=True, unilateral=False, complex_lift=False CNS load: CNSLoad.MODERATE Skill level: SkillLevel.INTERMEDIATE Spinal compression: SpinalCompression.NONE Tier: MovementTier.BRONZE Metabolic demand: MetabolicDemand.ANABOLIC Metric type: MetricType.REPS Equipment: rowing_machine Tags: crossfit Disciplines: crossfit"
402,chest to bar pull ups,vertical_pull,full_body,full body,moderate,intermediate,true,false,false,reps,,,,0.6,0.8,0.4,48,none,bronze,anabolic,,"Movement: chest to bar pull ups Pattern: MovementPattern.VERTICAL_PULL Primary muscle: PrimaryMuscle.FULL_BODY Primary region: PrimaryRegion.FULL_BODY Characteristics: compound=True, unilateral=False, complex_lift=False CNS load: CNSLoad.MODERATE Skill level: SkillLevel.INTERMEDIATE Spinal compression: SpinalCompression.NONE Tier: MovementTier.BRONZE Metabolic demand: MetabolicDemand.ANABOLIC Metric type: MetricType.REPS Equipment: pull_up_bar Tags: crossfit Disciplines: crossfit"
215,Neck-SMR,mobility,full_body,full body,moderate,intermediate,false,false,false,reps,,neck_smr,,0.4,0.6,0.4,24,none,bronze,anabolic,,"Movement: Neck-SMR Pattern: MovementPattern.MOBILITY Primary muscle: PrimaryMuscle.FULL_BODY Primary region: PrimaryRegion.FULL_BODY Characteristics: compound=False, unilateral=False, complex_lift=False CNS load: CNSLoad.MODERATE Skill level: SkillLevel.INTERMEDIATE Spinal compression: SpinalCompression.NONE Tier: MovementTier.BRONZE Metabolic demand: MetabolicDemand.ANABOLIC Metric type: MetricType.REPS Equipment: other Tags: stretching, mobility Substitution group: neck_smr Coaching cues: Using a muscle roller or a rolling pin, place the roller behind your head and against your neck. Make sure that you do not place the roller directly against the spine, but turned slightly so that the roller is pressed against the muscles to either side of the spine. This will be your starting position. | Starting at the top of your neck, slowly roll down the muscles of your neck, pausing at points of tension for 10-30 seconds."
230,Pin Presses,isolation,triceps,posterior upper,moderate,intermediate,true,false,false,reps,,pin_presses,,0.6,0.8,0.4,48,none,bronze,anabolic,,"Movement: Pin Presses Pattern: MovementPattern.ISOLATION Primary muscle: PrimaryMuscle.TRICEPS Primary region: PrimaryRegion.POSTERIOR_UPPER Characteristics: compound=True, unilateral=False, complex_lift=False CNS load: CNSLoad.MODERATE Skill level: SkillLevel.INTERMEDIATE Spinal compression: SpinalCompression.NONE Tier: MovementTier.BRONZE Metabolic demand: MetabolicDemand.ANABOLIC Metric type: MetricType.REPS Equipment: barbell Tags: strength Disciplines: bodybuilding Substitution group: pin_presses Coaching cues: Pin presses remove the eccentric phase of the bench press, developing starting strength. They also allow you to train a desired range of motion. | The bench should be set up in a power rack. Set the pins to the desired point in your range of motion, whether it just be lockout or an inch off of your chest. The bar should be moved to the pins and prepared for lifting. | Begin by lying on the bench, with the bar directly above the contact point during your regular bench. Tuck your feet underneath you and arch your back. Using the bar to help support your weight, lift your shoulder off the bench and retract them, squeezing the shoulder blades together. Use your feet to drive your traps into the bench. Maintain this tight body position throughout the movement. | You can take a standard bench grip, or shoulder width to focus on the triceps. The bar, wrist, and elbow should stay in line at all times. Focus on squeezing the bar and trying to pull it apart. | Drive the bar up with as much force as possible. The elbows should be tucked in until lockout. | Return the bar to the pins, pausing before beginning the next repetition."
232,Plate Pinch,isolation,forearms,anterior upper,moderate,intermediate,false,false,false,reps,,plate_pinch,,0.4,0.6,0.4,24,none,bronze,anabolic,,"Movement: Plate Pinch Pattern: MovementPattern.ISOLATION Primary muscle: PrimaryMuscle.FOREARMS Primary region: PrimaryRegion.ANTERIOR_UPPER Characteristics: compound=False, unilateral=False, complex_lift=False CNS load: CNSLoad.MODERATE Skill level: SkillLevel.INTERMEDIATE Spinal compression: SpinalCompression.NONE Tier: MovementTier.BRONZE Metabolic demand: MetabolicDemand.ANABOLIC Metric type: MetricType.REPS Equipment: other Tags: strength Disciplines: bodybuilding Substitution group: plate_pinch Coaching cues: Grab two wide-rimmed plates and put them together with the smooth sides facing outward | Use your fingers to grip the outside part of the plate and your thumb for the other side thus holding both plates together. This is the starting position. | Squeeze the plate with your fingers and thumb. Hold this position for as long as you can. | Repeat for the recommended amount of sets prescribed in your program. | Switch arms and repeat the movements."
233,Plate Twist,isolation,core,full body,moderate,intermediate,false,false,false,reps,,plate_twist,,0.4,0.6,0.4,24,none,bronze,anabolic,,"Movement: Plate Twist Pattern: MovementPattern.ISOLATION Primary muscle: PrimaryMuscle.CORE Primary region: PrimaryRegion.FULL_BODY Characteristics: compound=False, unilateral=False, complex_lift=False CNS load: CNSLoad.MODERATE Skill level: SkillLevel.INTERMEDIATE Spinal compression: SpinalCompression.NONE Tier: MovementTier.BRONZE Metabolic demand: MetabolicDemand.ANABOLIC Metric type: MetricType.REPS Equipment: other Tags: strength Disciplines: bodybuilding Substitution group: plate_twist Coaching cues: Lie down on the floor or an exercise mat with your legs fully extended and your upper body upright. Grab the plate by its sides with both hands out in front of your abdominals with your arms slightly bent. | Slowly cross your legs near your ankles and lift them up off the ground. Your knees should also be bent slightly. Note: Move your upper body back slightly to help keep you balanced turning this exercise. This is the starting position. | Move the plate to the left side and touch the floor with it. Breathe out as you perform that movement. | Come back to the starting position as you breathe in and then repeat the movement but this time to the right side of the body. Tip: Use a slow controlled movement at all times. Jerking motions can injure the back. | Repeat for the recommended amount of repetitions."
234,Platform Hamstring Slides,lunge,hamstrings,posterior lower,moderate,intermediate,false,false,false,reps,,platform_hamstring_slides,,0.4,0.6,0.4,24,none,bronze,anabolic,,"Movement: Platform Hamstring Slides Pattern: MovementPattern.LUNGE Primary muscle: PrimaryMuscle.HAMSTRINGS Primary region: PrimaryRegion.POSTERIOR_LOWER Characteristics: compound=False, unilateral=False, complex_lift=False CNS load: CNSLoad.MODERATE Skill level: SkillLevel.INTERMEDIATE Spinal compression: SpinalCompression.NONE Tier: MovementTier.BRONZE Metabolic demand: MetabolicDemand.ANABOLIC Metric type: MetricType.REPS Equipment: other Tags: strength Substitution group: platform_hamstring_slides Coaching cues: For this movement a wooden floor or similar is needed. Lay on your back with your legs extended. Place a gym towel or a light weight underneath your heel. This will be your starting position. | Begin the movement by flexing the knee, keeping your other leg straight. | Continue bringing the heel closer to you, sliding it on the floor. | At full knee flexion, reverse the movement to return to the starting position."
236,Prone Manual Hamstring,lunge,hamstrings,posterior lower,moderate,intermediate,false,false,false,reps,,prone_manual_hamstring,,0.4,0.6,0.4,24,none,bronze,anabolic,,"Movement: Prone Manual Hamstring Pattern: MovementPattern.LUNGE Primary muscle: PrimaryMuscle.HAMSTRINGS Primary region: PrimaryRegion.POSTERIOR_LOWER Characteristics: compound=False, unilateral=False, complex_lift=False CNS load: CNSLoad.MODERATE Skill level: SkillLevel.INTERMEDIATE Spinal compression: SpinalCompression.NONE Tier: MovementTier.BRONZE Metabolic demand: MetabolicDemand.ANABOLIC Metric type: MetricType.REPS Equipment: none Tags: strength Substitution group: prone_manual_hamstring Coaching cues: You will need a partner for this exercise. Lay face down with your legs straight. Your assistant will place their hand on your heel. | To begin, flex the knee to curl your leg up. Your partner should provide resistance, starting light and increasing the pressure as the movement is completed. Communicate with your partner to monitor appropriate resistance levels. | Pause at the top, returning the leg to the starting position as your partner provides resistance going the other direction."
238,Push-Ups - Close Triceps Position,isolation,triceps,posterior upper,moderate,intermediate,false,false,false,reps,,push_ups_close_triceps_position,,0.4,0.6,0.4,24,none,bronze,anabolic,,"Movement: Push-Ups - Close Triceps Position Pattern: MovementPattern.ISOLATION Primary muscle: PrimaryMuscle.TRICEPS Primary region: PrimaryRegion.POSTERIOR_UPPER Characteristics: compound=False, unilateral=False, complex_lift=False CNS load: CNSLoad.MODERATE Skill level: SkillLevel.INTERMEDIATE Spinal compression: SpinalCompression.NONE Tier: MovementTier.BRONZE Metabolic demand: MetabolicDemand.ANABOLIC Metric type: MetricType.REPS Equipment: none Tags: strength Disciplines: bodybuilding Substitution group: push_ups_close_triceps_position Coaching cues: Lie on the floor face down and place your hands closer than shoulder width for a close hand position. Make sure that you are holding your torso up at arms' length. | Lower yourself until your chest almost touches the floor as you inhale. | Using your triceps and some of your pectoral muscles, press your upper body back up to the starting position and squeeze your chest. Breathe out as you perform this step. | After a second pause at the contracted position, repeat the movement for the prescribed amount of repetitions."
243,Pushups (Close and Wide Hand Positions),isolation,chest,anterior upper,moderate,intermediate,false,false,false,reps,,pushups,,0.4,0.6,0.4,24,none,bronze,anabolic,,"Movement: Pushups (Close and Wide Hand Positions) Pattern: MovementPattern.ISOLATION Primary muscle: PrimaryMuscle.CHEST Primary region: PrimaryRegion.ANTERIOR_UPPER Characteristics: compound=False, unilateral=False, complex_lift=False CNS load: CNSLoad.MODERATE Skill level: SkillLevel.INTERMEDIATE Spinal compression: SpinalCompression.NONE Tier: MovementTier.BRONZE Metabolic demand: MetabolicDemand.ANABOLIC Metric type: MetricType.REPS Equipment: none Tags: strength Disciplines: bodybuilding Substitution group: pushups Coaching cues: Lie on the floor face down and body straight with your toes on the floor and the hands wider than shoulder width for a wide hand position and closer than shoulder width for a close hand position. Make sure you are holding your torso up at arms length. | Lower yourself until your chest almost touches the floor as you inhale. | Using your pectoral muscles, press your upper body back up to the starting position and squeeze your chest. Breathe out as you perform this step. | After a second pause at the contracted position, repeat the movement for the prescribed amount of repetitions."
244,Pyramid,mobility,lower_back,posterior lower,moderate,intermediate,false,false,false,reps,,pyramid,,0.4,0.6,0.4,24,none,bronze,anabolic,,"Movement: Pyramid Pattern: MovementPattern.MOBILITY Primary muscle: PrimaryMuscle.LOWER_BACK Primary region: PrimaryRegion.POSTERIOR_LOWER Characteristics: compound=False, unilateral=False, complex_lift=False CNS load: CNSLoad.MODERATE Skill level: SkillLevel.INTERMEDIATE Spinal compression: SpinalCompression.NONE Tier: MovementTier.BRONZE Metabolic demand: MetabolicDemand.ANABOLIC Metric type: MetricType.REPS Equipment: exercise ball Tags: stretching, mobility Substitution group: pyramid Coaching cues: Start off by rolling your torso forward onto the ball so your hips rest on top of the ball and become the highest point of your body. | Rest your hands and feet on the floor. Your arms and legs can be slightly bent or straight, depending on the size of the ball, your flexibility, and the length of your limbs. This also helps develop stabilizing strength in your torso and shoulders."
246,Quick Leap,lunge,quadriceps,anterior lower,moderate,intermediate,false,false,false,reps,,quick_leap,,0.4,0.6,0.4,24,none,bronze,anabolic,,"Movement: Quick Leap Pattern: MovementPattern.LUNGE Primary muscle: PrimaryMuscle.QUADRICEPS Primary region: PrimaryRegion.ANTERIOR_LOWER Characteristics: compound=False, unilateral=False, complex_lift=False CNS load: CNSLoad.MODERATE Skill level: SkillLevel.INTERMEDIATE Spinal compression: SpinalCompression.NONE Tier: MovementTier.BRONZE Metabolic demand: MetabolicDemand.ANABOLIC Metric type: MetricType.REPS Equipment: other Tags: plyometrics Substitution group: quick_leap Coaching cues: You will need a box for this exerise. | Begin facing the box standing 1-2 feet from its edge. | By utilizing your hips, hop onto the box, landing on both legs. Ensure that you land with your legs bent and your feet flat. | Immediately upon landing, fully extend through the entire body and swing your arms overhead to explode off of the box. Use your legs to absorb the impact of landing."
247,Rack Delivery,isolation,full_body,full body,moderate,intermediate,false,false,false,reps,,rack_delivery,,0.4,0.6,0.4,24,none,bronze,anabolic,,"Movement: Rack Delivery Pattern: MovementPattern.ISOLATION Primary muscle: PrimaryMuscle.FULL_BODY Primary region: PrimaryRegion.FULL_BODY Characteristics: compound=False, unilateral=False, complex_lift=False CNS load: CNSLoad.MODERATE Skill level: SkillLevel.INTERMEDIATE Spinal compression: SpinalCompression.NONE Tier: MovementTier.BRONZE Metabolic demand: MetabolicDemand.ANABOLIC Metric type: MetricType.REPS Equipment: barbell Disciplines: olympic_weightlifting, bodybuilding Substitution group: rack_delivery Coaching cues: This drill teaches the delivery of the barbell to the rack position on the shoulders. Begin holding a bar in the scarecrow position, with the upper arms parallel to the floor, and the forearms hanging down. Use a hook grip, with your fingers wrapped over your thumbs. | Begin by rotating the elbows around the bar, delivering the bar to the shoulders. As your elbows come forward, relax your grip. The shoulders should be protracted, providing a shelf for the bar, which should lightly contact the throat. | It is important that the bar stay close to the body at all times, as with a heavier load any distance will result in an unwanted collision. As the movement becomes smoother, speed and load can be increased before progressing further."
248,Rack Pulls,isolation,lower_back,posterior lower,moderate,intermediate,false,false,false,reps,,rack_pulls,,0.4,0.6,0.4,24,none,bronze,anabolic,,"Movement: Rack Pulls Pattern: MovementPattern.ISOLATION Primary muscle: PrimaryMuscle.LOWER_BACK Primary region: PrimaryRegion.POSTERIOR_LOWER Characteristics: compound=False, unilateral=False, complex_lift=False CNS load: CNSLoad.MODERATE Skill level: SkillLevel.INTERMEDIATE Spinal compression: SpinalCompression.NONE Tier: MovementTier.BRONZE Metabolic demand: MetabolicDemand.ANABOLIC Metric type: MetricType.REPS Equipment: barbell Tags: strength Disciplines: bodybuilding Substitution group: rack_pulls Coaching cues: Set up in a power rack with the bar on the pins. The pins should be set to the desired point; just below the knees, just above, or in the mid thigh position. Position yourself against the bar in proper deadlifting position. Your feet should be under your hips, your grip shoulder width, back arched, and hips back to engage the hamstrings. Since the weight is typically heavy, you may use a mixed grip, a hook grip, or use straps to aid in holding the weight. | With your head looking forward, extend through the hips and knees, pulling the weight up and back until lockout. Be sure to pull your shoulders back as you complete the movement. | Return the weight to the pins and repeat."
250,Return Push from Stance,isolation,full_body,full body,moderate,intermediate,false,false,false,reps,,return_push_from_stance,,0.4,0.6,0.4,24,none,bronze,anabolic,,"Movement: Return Push from Stance Pattern: MovementPattern.ISOLATION Primary muscle: PrimaryMuscle.FULL_BODY Primary region: PrimaryRegion.FULL_BODY Characteristics: compound=False, unilateral=False, complex_lift=False CNS load: CNSLoad.MODERATE Skill level: SkillLevel.INTERMEDIATE Spinal compression: SpinalCompression.NONE Tier: MovementTier.BRONZE Metabolic demand: MetabolicDemand.ANABOLIC Metric type: MetricType.REPS Equipment: medicine_ball Tags: plyometrics Disciplines: bodybuilding Substitution group: return_push_from_stance Coaching cues: You will need a partner for this drill. | Begin in an athletic 2 or 3 point stance. | At the signal, move into a position to receive the pass from your partner. | Catch the medicine ball with both hands and immediately throw it back to your partner. | You can modify this drill by running different routes."
251,Reverse Barbell Preacher Curls,isolation,biceps,anterior upper,moderate,intermediate,false,false,false,reps,,reverse_preacher_curls,,0.4,0.6,0.4,24,none,bronze,anabolic,,"Movement: Reverse Barbell Preacher Curls Pattern: MovementPattern.ISOLATION Primary muscle: PrimaryMuscle.BICEPS Primary region: PrimaryRegion.ANTERIOR_UPPER Characteristics: compound=False, unilateral=False, complex_lift=False CNS load: CNSLoad.MODERATE Skill level: SkillLevel.INTERMEDIATE Spinal compression: SpinalCompression.NONE Tier: MovementTier.BRONZE Metabolic demand: MetabolicDemand.ANABOLIC Metric type: MetricType.REPS Equipment: ez curl bar Tags: strength Disciplines: bodybuilding Substitution group: reverse_preacher_curls Coaching cues: Grab an EZ-bar using a shoulder width and palms down (pronated) grip. | Now place the upper part of both arms on top of the preacher bench and have your arms extended. This will be your starting position. | As you exhale, use the biceps to curl the weight up until your biceps are fully contracted and the barbell is at shoulder height. Squeeze the biceps hard for a second at the contracted position. | As you breathe in, slowly lower the barbell until your upper arms are extended and the biceps is fully stretched. | Repeat for the recommended amount of repetitions."
252,Reverse Crunch,core,core,full body,moderate,intermediate,false,false,false,time,,reverse_crunch,,0.4,0.6,0.4,24,none,bronze,anabolic,,"Movement: Reverse Crunch Pattern: MovementPattern.CORE Primary muscle: PrimaryMuscle.CORE Primary region: PrimaryRegion.FULL_BODY Characteristics: compound=False, unilateral=False, complex_lift=False CNS load: CNSLoad.MODERATE Skill level: SkillLevel.INTERMEDIATE Spinal compression: SpinalCompression.NONE Tier: MovementTier.BRONZE Metabolic demand: MetabolicDemand.ANABOLIC Metric type: MetricType.TIME Equipment: none Tags: strength Substitution group: reverse_crunch Coaching cues: Lie down on the floor with your legs fully extended and arms to the side of your torso with the palms on the floor. Your arms should be stationary for the entire exercise. | Move your legs up so that your thighs are perpendicular to the floor and feet are together and parallel to the floor. This is the starting position. | While inhaling, move your legs towards the torso as you roll your pelvis backwards and you raise your hips off the floor. At the end of this movement your knees will be touching your chest. | Hold the contraction for a second and move your legs back to the starting position while exhaling. | Repeat for the recommended amount of repetitions."
253,Reverse Flyes,isolation,full_body,full body,moderate,intermediate,false,false,false,reps,,reverse_flyes,,0.4,0.6,0.4,24,none,bronze,anabolic,,"Movement: Reverse Flyes Pattern: MovementPattern.ISOLATION Primary muscle: PrimaryMuscle.FULL_BODY Primary region: PrimaryRegion.FULL_BODY Characteristics: compound=False, unilateral=False, complex_lift=False CNS load: CNSLoad.MODERATE Skill level: SkillLevel.INTERMEDIATE Spinal compression: SpinalCompression.NONE Tier: MovementTier.BRONZE Metabolic demand: MetabolicDemand.ANABOLIC Metric type: MetricType.REPS Equipment: dumbbell Tags: strength Disciplines: bodybuilding Substitution group: reverse_flyes Coaching cues: To begin, lie down on an incline bench with the chest and stomach pressing against the incline. Have the dumbbells in each hand with the palms facing each other (neutral grip). | Extend the arms in front of you so that they are perpendicular to the angle of the bench. The legs should be stationary while applying pressure with the ball of your toes. This is the starting position. | Maintaining the slight bend of the elbows, move the weights out and away from each other (to the side) in an arc motion while exhaling. Tip: Try to squeeze your shoulder blades together to get the best results from this exercise. | The arms should be elevated until they are parallel to the floor. | Feel the contraction and slowly lower the weights back down to the starting position while inhaling. | Repeat for the recommended amount of repetitions."
249,Recumbent Bike,cardio,quadriceps,anterior lower,low,intermediate,false,false,false,time,,recumbent_bike,,0.19999999999999998,0.5,0.4,12,none,bronze,anabolic,,"Movement: Recumbent Bike Pattern: MovementPattern.CARDIO Primary muscle: PrimaryMuscle.QUADRICEPS Primary region: PrimaryRegion.ANTERIOR_LOWER Characteristics: compound=False, unilateral=False, complex_lift=False CNS load: CNSLoad.LOW Skill level: SkillLevel.INTERMEDIATE Spinal compression: SpinalCompression.NONE Tier: MovementTier.BRONZE Metabolic demand: MetabolicDemand.ANABOLIC Metric type: MetricType.TIME Equipment: machine Tags: cardio Substitution group: recumbent_bike Coaching cues: To begin, seat yourself on the bike and adjust the seat to your height. | Select the desired option from the menu. You may have to start pedaling to turn it on. You can use the manual setting, or you can select a program to use. Typically, you can enter your age and weight to estimate the amount of calories burned during exercise. The level of resistance can be changed throughout the workout. The handles can be used to monitor your heart rate to help you stay at an appropriate intensity. | Recumbent bikes offer convenience, cardiovascular benefits, and have less impact than other activities. A 150 lb person will burn about 230 calories cycling at a moderate rate for 30 minutes, compared to 450 calories or more running."
266,Sandbag Load,lunge,quadriceps,anterior lower,moderate,intermediate,false,false,false,reps,,sandbag_load,,0.4,0.6,0.4,24,none,bronze,anabolic,,"Movement: Sandbag Load Pattern: MovementPattern.LUNGE Primary muscle: PrimaryMuscle.QUADRICEPS Primary region: PrimaryRegion.ANTERIOR_LOWER Characteristics: compound=False, unilateral=False, complex_lift=False CNS load: CNSLoad.MODERATE Skill level: SkillLevel.INTERMEDIATE Spinal compression: SpinalCompression.NONE Tier: MovementTier.BRONZE Metabolic demand: MetabolicDemand.ANABOLIC Metric type: MetricType.REPS Equipment: other Disciplines: strongman, powerlifting Substitution group: sandbag_load Coaching cues: To load sandbags or other objects, begin with the implements placed a distance from the loading platform, typically 50 feet. | Begin by lifting the sandbag. Sandbags are extremely awkward, and the manner of lifting them can vary depending on the particular sandbag used. Reach as far around it as possible, extending through the hips and knees to pull it up high. Shouldering is usually not allowed. | Move as quickly as possible to the platform, and load it, extending through your hips, knees, and ankles to get it as high as possible. Place it onto the platform, ensuring it doesn't fall off. | Return to the starting position to retrieve the next sandbag, and repeat until the event is completed."
254,Reverse Flyes With External Rotation,isolation,full_body,full body,moderate,intermediate,false,false,false,reps,,reverse_flyes_with_external_rotation,,0.4,0.6,0.4,24,none,bronze,anabolic,,"Movement: Reverse Flyes With External Rotation Pattern: MovementPattern.ISOLATION Primary muscle: PrimaryMuscle.FULL_BODY Primary region: PrimaryRegion.FULL_BODY Characteristics: compound=False, unilateral=False, complex_lift=False CNS load: CNSLoad.MODERATE Skill level: SkillLevel.INTERMEDIATE Spinal compression: SpinalCompression.NONE Tier: MovementTier.BRONZE Metabolic demand: MetabolicDemand.ANABOLIC Metric type: MetricType.REPS Equipment: dumbbell Tags: strength Disciplines: bodybuilding Substitution group: reverse_flyes_with_external_rotation Coaching cues: To begin, lie down on an incline bench set at a 30-degree angle with the chest and stomach pressing against the incline. | Have the dumbbells in each hand with the palms facing down to the floor. Your arms should be in front of you so that they are perpendicular to the angle of the bench. Tip: Your elbows should have a slight bend. The legs should be stationary while applying pressure with the ball of your toes (your heels should not be touching the floor). This is the starting position. | Maintaining the slight bend of the elbows, move the weights out and away from each other in an arc motion while exhaling. | As you lift the weight, your wrist should externally rotate by 90-degrees so that you go from a palms down (pronated) grip to a palms facing each other (neutral) grip. Tip: Try to squeeze your shoulder blades together to get the best results from this exercise. | The arms should be elevated until they are level with the head. | Feel the contraction and slowly lower the weights back down to the starting position while inhaling. | Repeat for the recommended amount of repetitions."
255,Reverse Grip Bent-Over Rows,horizontal_pull,full_body,full body,moderate,intermediate,true,false,false,time,,reverse_grip_bent_over_rows,,0.6,0.8,0.4,48,none,bronze,anabolic,,"Movement: Reverse Grip Bent-Over Rows Pattern: MovementPattern.HORIZONTAL_PULL Primary muscle: PrimaryMuscle.FULL_BODY Primary region: PrimaryRegion.FULL_BODY Characteristics: compound=True, unilateral=False, complex_lift=False CNS load: CNSLoad.MODERATE Skill level: SkillLevel.INTERMEDIATE Spinal compression: SpinalCompression.NONE Tier: MovementTier.BRONZE Metabolic demand: MetabolicDemand.ANABOLIC Metric type: MetricType.TIME Equipment: barbell Tags: strength Substitution group: reverse_grip_bent_over_rows Coaching cues: Stand erect while holding a barbell with a supinated grip (palms facing up). | Bend your knees slightly and bring your torso forward, by bending at the waist, while keeping the back straight until it is almost parallel to the floor. Tip: Make sure that you keep the head up. The barbell should hang directly in front of you as your arms hang perpendicular to the floor and your torso. This is your starting position. | While keeping the torso stationary, lift the barbell as you breathe out, keeping the elbows close to the body and not doing any force with the forearm other than holding the weights. On the top contracted position, squeeze the back muscles and hold for a second. | Slowly lower the weight again to the starting position as you inhale. | Repeat for the recommended amount of repetitions."
527,Lat Stretch,mobility,lats,posterior upper,very_low,beginner,true,false,false,reps,Imported during migration,,,1,1,1,24,low,bronze,anabolic,,"Movement: Lat Stretch Pattern: MovementPattern.MOBILITY Primary muscle: PrimaryMuscle.LATS Primary region: PrimaryRegion.POSTERIOR_UPPER Characteristics: compound=True, unilateral=False, complex_lift=False CNS load: CNSLoad.VERY_LOW Skill level: SkillLevel.BEGINNER Spinal compression: SpinalCompression.LOW Tier: MovementTier.BRONZE Metabolic demand: MetabolicDemand.ANABOLIC Metric type: MetricType.REPS Equipment: none Description: Imported during migration"
256,Reverse Hyperextension,isolation,hamstrings,posterior lower,moderate,intermediate,false,false,false,reps,,reverse_hyperextension,,0.4,0.6,0.4,24,none,bronze,anabolic,,"Movement: Reverse Hyperextension Pattern: MovementPattern.ISOLATION Primary muscle: PrimaryMuscle.HAMSTRINGS Primary region: PrimaryRegion.POSTERIOR_LOWER Characteristics: compound=False, unilateral=False, complex_lift=False CNS load: CNSLoad.MODERATE Skill level: SkillLevel.INTERMEDIATE Spinal compression: SpinalCompression.NONE Tier: MovementTier.BRONZE Metabolic demand: MetabolicDemand.ANABOLIC Metric type: MetricType.REPS Equipment: machine Tags: strength Disciplines: bodybuilding Substitution group: reverse_hyperextension Coaching cues: Place your feet between the pads after loading an appropriate weight. Lay on the top pad, allowing your hips to hang off the back, while grasping the handles to hold your position. | To begin the movement, flex the hips, pulling the legs forward. | Reverse the motion by extending the hips, kicking the leg back. It is very important not to over-extend the hip on this movement, stopping short of your full range of motion. | Return by again flexing the hip, pulling the carriage forward as far as you can. | Repeat for the desired number of repetitions."
257,Reverse Machine Flyes,isolation,full_body,full body,moderate,intermediate,false,false,false,reps,,reverse_flyes,,0.4,0.6,0.4,24,none,bronze,anabolic,,"Movement: Reverse Machine Flyes Pattern: MovementPattern.ISOLATION Primary muscle: PrimaryMuscle.FULL_BODY Primary region: PrimaryRegion.FULL_BODY Characteristics: compound=False, unilateral=False, complex_lift=False CNS load: CNSLoad.MODERATE Skill level: SkillLevel.INTERMEDIATE Spinal compression: SpinalCompression.NONE Tier: MovementTier.BRONZE Metabolic demand: MetabolicDemand.ANABOLIC Metric type: MetricType.REPS Equipment: machine Tags: strength Disciplines: bodybuilding Substitution group: reverse_flyes Coaching cues: Adjust the handles so that they are fully to the rear. Make an appropriate weight selection and adjust the seat height so the handles are at shoulder level. Grasp the handles with your hands facing inwards. This will be your starting position. | In a semicircular motion, pull your hands out to your side and back, contracting your rear delts. | Keep your arms slightly bent throughout the movement, with all of the motion occurring at the shoulder joint. | Pause at the rear of the movement, and slowly return the weight to the starting position."
258,Reverse Plate Curls,isolation,biceps,anterior upper,moderate,intermediate,false,false,false,reps,,reverse_plate_curls,,0.4,0.6,0.4,24,none,bronze,anabolic,,"Movement: Reverse Plate Curls Pattern: MovementPattern.ISOLATION Primary muscle: PrimaryMuscle.BICEPS Primary region: PrimaryRegion.ANTERIOR_UPPER Characteristics: compound=False, unilateral=False, complex_lift=False CNS load: CNSLoad.MODERATE Skill level: SkillLevel.INTERMEDIATE Spinal compression: SpinalCompression.NONE Tier: MovementTier.BRONZE Metabolic demand: MetabolicDemand.ANABOLIC Metric type: MetricType.REPS Equipment: other Tags: strength Disciplines: bodybuilding Substitution group: reverse_plate_curls Coaching cues: Start by standing straight with a weighted plate held by both hands and arms fully extended. Use a pronated grip (palms facing down) and make sure your fingers grab the rough side of the plate while your thumb grabs the smooth side. Note: For the best results, grab the weighted plate at an 11:00 and 1:00 o'clock position. | Your feet should be shoulder width apart from each other and the weighted plate should be near the groin area. This is the starting position. | Slowly lift the plate up while keeping the elbows in and the upper arms stationary until your biceps and forearms touch while exhaling. The plate should be evenly aligned with your torso at this point. | Feel the contraction for a second and begin to lower the weight back down to the starting position while inhaling | Repeat for the recommended amount of repetitions."
268,Seated Barbell Twist,isolation,core,full body,moderate,intermediate,false,false,false,reps,,twist,,0.4,0.6,0.4,24,none,bronze,anabolic,,"Movement: Seated Barbell Twist Pattern: MovementPattern.ISOLATION Primary muscle: PrimaryMuscle.CORE Primary region: PrimaryRegion.FULL_BODY Characteristics: compound=False, unilateral=False, complex_lift=False CNS load: CNSLoad.MODERATE Skill level: SkillLevel.INTERMEDIATE Spinal compression: SpinalCompression.NONE Tier: MovementTier.BRONZE Metabolic demand: MetabolicDemand.ANABOLIC Metric type: MetricType.REPS Equipment: barbell Tags: strength Disciplines: bodybuilding Substitution group: twist Coaching cues: Start out by sitting at the end of a flat bench with a barbell placed on top of your thighs. Your feet should be shoulder width apart from each other. | Grip the bar with your palms facing down and make sure your hands are wider than shoulder width apart from each other. Begin to lift the barbell up over your head until your arms are fully extended. | Now lower the barbell behind your head until it is resting along the base of your neck. This is the starting position. | While keeping your feet and head stationary, move your waist from side to side so that your oblique muscles feel the contraction. Only move from side to side as far as your waist will allow you to go. Stretching or moving too far can cause an injury to occur. Tip: Use a slow and controlled motion. | Remember to breathe out while twisting your body to the side and in when moving back to the starting position. | Repeat for the recommended amount of repetitions."
279,Single Leg Glute Bridge,hinge,glutes,posterior lower,moderate,intermediate,false,false,true,reps,,glute_bridge,,0.4,0.6,0.5,24,none,bronze,anabolic,,"Movement: Single Leg Glute Bridge Pattern: MovementPattern.HINGE Primary muscle: PrimaryMuscle.GLUTES Primary region: PrimaryRegion.POSTERIOR_LOWER Characteristics: compound=False, unilateral=True, complex_lift=False CNS load: CNSLoad.MODERATE Skill level: SkillLevel.INTERMEDIATE Spinal compression: SpinalCompression.NONE Tier: MovementTier.BRONZE Metabolic demand: MetabolicDemand.ANABOLIC Metric type: MetricType.REPS Equipment: none Tags: strength Substitution group: glute_bridge Coaching cues: Lay on the floor with your feet flat and knees bent. | Raise one leg off of the ground, pulling the knee to your chest. This will be your starting position. | Execute the movement by driving through the heel, extending your hip upward and raising your glutes off of the ground. | Extend as far as possible, pause and then return to the starting position."
267,Scissor Kick,mobility,core,full body,moderate,intermediate,false,false,false,reps,,scissor_kick,,0.4,0.6,0.4,24,none,bronze,anabolic,,"Movement: Scissor Kick Pattern: MovementPattern.MOBILITY Primary muscle: PrimaryMuscle.CORE Primary region: PrimaryRegion.FULL_BODY Characteristics: compound=False, unilateral=False, complex_lift=False CNS load: CNSLoad.MODERATE Skill level: SkillLevel.INTERMEDIATE Spinal compression: SpinalCompression.NONE Tier: MovementTier.BRONZE Metabolic demand: MetabolicDemand.ANABOLIC Metric type: MetricType.REPS Equipment: none Tags: stretching, mobility Substitution group: scissor_kick Coaching cues: To begin, lie down with your back pressed against the floor or on an exercise mat (optional). Your arms should be fully extended to the sides with your palms facing down. Note: The arms should be stationary the entire time. | With a slight bend at the knees, lift your legs up so that your heels are about 6 inches off the ground. This is the starting position. | Now lift your left leg up to about a 45 degree angle while your right leg is lowered until the heel is about 2-3 inches from the ground. | Switch movements by raising your right leg up and lowering your left leg. Remember to breathe while performing this exercise. | Repeat for the recommended amount of repetitions."
438,Echo Bike,cardio,full_body,full body,moderate,intermediate,true,false,false,distance,,,,0.6,0.8,0.4,48,none,bronze,anabolic,,"Movement: Echo Bike Pattern: MovementPattern.CARDIO Primary muscle: PrimaryMuscle.FULL_BODY Primary region: PrimaryRegion.FULL_BODY Characteristics: compound=True, unilateral=False, complex_lift=False CNS load: CNSLoad.MODERATE Skill level: SkillLevel.INTERMEDIATE Spinal compression: SpinalCompression.NONE Tier: MovementTier.BRONZE Metabolic demand: MetabolicDemand.ANABOLIC Metric type: MetricType.DISTANCE Disciplines: crossfit"
272,Seated Head Harness Neck Resistance,isolation,full_body,full body,moderate,intermediate,false,false,false,reps,,head_harness_neck_resistance,,0.4,0.6,0.4,24,none,bronze,anabolic,,"Movement: Seated Head Harness Neck Resistance Pattern: MovementPattern.ISOLATION Primary muscle: PrimaryMuscle.FULL_BODY Primary region: PrimaryRegion.FULL_BODY Characteristics: compound=False, unilateral=False, complex_lift=False CNS load: CNSLoad.MODERATE Skill level: SkillLevel.INTERMEDIATE Spinal compression: SpinalCompression.NONE Tier: MovementTier.BRONZE Metabolic demand: MetabolicDemand.ANABOLIC Metric type: MetricType.REPS Equipment: other Tags: strength Disciplines: bodybuilding Substitution group: head_harness_neck_resistance Coaching cues: Place a neck strap on the floor at the end of a flat bench. Once you have selected the weights, sit at the end of the flat bench with your feet wider than shoulder width apart from each other. Your toes should be pointed out. | Slowly move your torso forward until it is almost parallel with the floor. Using both hands, securely position the neck strap around your head. Tip: Make sure the weights are still lying on the floor to prevent any strain on the neck. Now grab the weight with both hands while elevating your torso back until it is almost perpendicular to the floor. Note: Your head and torso needs to be slightly tilted forward to perform this exercise. | Now place both hands on top of your knees. This is the starting position. | Slowly lower your neck down until your chin touches the upper part of your chest while breathing in. | While exhaling, bring your neck back to the starting position. | Repeat for the recommended amount of repetitions."
556,Ankle CARs,mobility,calves,anterior lower,very_low,beginner,true,false,false,reps,,ankle_cars,,1,1,1,24,low,bronze,anabolic,{},"Movement: Ankle CARs Pattern: MovementPattern.MOBILITY Primary muscle: PrimaryMuscle.CALVES Primary region: PrimaryRegion.ANTERIOR_LOWER Characteristics: compound=True, unilateral=False, complex_lift=False CNS load: CNSLoad.VERY_LOW Skill level: SkillLevel.BEGINNER Spinal compression: SpinalCompression.LOW Tier: MovementTier.BRONZE Metabolic demand: MetabolicDemand.ANABOLIC Metric type: MetricType.REPS Substitution group: ankle_cars"
327,Body-Up,isolation,triceps,posterior upper,moderate,intermediate,false,false,false,reps,,body_up,,0.4,0.6,0.4,24,none,bronze,anabolic,,"Movement: Body-Up Pattern: MovementPattern.ISOLATION Primary muscle: PrimaryMuscle.TRICEPS Primary region: PrimaryRegion.POSTERIOR_UPPER Characteristics: compound=False, unilateral=False, complex_lift=False CNS load: CNSLoad.MODERATE Skill level: SkillLevel.INTERMEDIATE Spinal compression: SpinalCompression.NONE Tier: MovementTier.BRONZE Metabolic demand: MetabolicDemand.ANABOLIC Metric type: MetricType.REPS Equipment: none Tags: strength Disciplines: bodybuilding Substitution group: body_up Coaching cues: Assume a plank position on the ground. You should be supporting your bodyweight on your toes and forearms, keeping your torso straight. Your forearms should be shoulder-width apart. This will be your starting position. | Pressing your palms firmly into the ground, extend through the elbows to raise your body from the ground. Keep your torso rigid as you perform the movement. | Slowly lower your forearms back to the ground by allowing the elbows to flex. | Repeat."
273,Seated One-arm Cable Pulley Rows,horizontal_pull,full_body,full body,moderate,intermediate,true,false,false,time,,one_arm_pulley_rows,,0.6,0.8,0.4,48,none,bronze,anabolic,,"Movement: Seated One-arm Cable Pulley Rows Pattern: MovementPattern.HORIZONTAL_PULL Primary muscle: PrimaryMuscle.FULL_BODY Primary region: PrimaryRegion.FULL_BODY Characteristics: compound=True, unilateral=False, complex_lift=False CNS load: CNSLoad.MODERATE Skill level: SkillLevel.INTERMEDIATE Spinal compression: SpinalCompression.NONE Tier: MovementTier.BRONZE Metabolic demand: MetabolicDemand.ANABOLIC Metric type: MetricType.TIME Equipment: cable Tags: strength Substitution group: one_arm_pulley_rows Coaching cues: To get into the starting position, first sit down on the machine and place your feet on the front platform or crossbar provided making sure that your knees are slightly bent and not locked. | Lean over as you keep the natural alignment of your back and grab the single handle attachment with your left arm using a palms-down grip. | With your arm extended pull back until your torso is at a 90-degree angle from your legs. Your back should be slightly arched and your chest should be sticking out. You should be feeling a nice stretch on your lat as you hold the bar in front of you. The right arm can be kept by the waist. This is the starting position of the exercise. | Keeping the torso stationary, pull the handles back towards your torso while keeping the arms close to it as you rotate the wrist, so that by the time your hand is by your abdominals it is in a neutral position (palms facing the torso). Breathe out as you perform that movement. At that point you should be squeezing your back muscles hard. | Hold that contraction for a second and slowly go back to the original position while breathing in. Tip: Remember to rotate the wrist as you go back to the starting position so that the palms are facing down again. | Repeat for the recommended amount of repetitions and then perform the same movement with the right hand."
274,Side To Side Chins,isolation,lats,posterior upper,moderate,intermediate,false,false,false,reps,,side_to_side_chins,,0.4,0.6,0.4,24,none,bronze,anabolic,,"Movement: Side To Side Chins Pattern: MovementPattern.ISOLATION Primary muscle: PrimaryMuscle.LATS Primary region: PrimaryRegion.POSTERIOR_UPPER Characteristics: compound=False, unilateral=False, complex_lift=False CNS load: CNSLoad.MODERATE Skill level: SkillLevel.INTERMEDIATE Spinal compression: SpinalCompression.NONE Tier: MovementTier.BRONZE Metabolic demand: MetabolicDemand.ANABOLIC Metric type: MetricType.REPS Equipment: other Tags: strength Disciplines: bodybuilding Substitution group: side_to_side_chins Coaching cues: Grab the pull-up bar with the palms facing forward using a wide grip. | As you have both arms extended in front of you holding the bar at a wide grip, bring your torso back around 30 degrees or so while creating a curvature on your lower back and sticking your chest out. This is your starting position. | Pull your torso up while leaning to the left hand side until the bar almost touches your upper chest by drawing the shoulders and the upper arms down and back. Exhale as you perform this portion of the movement. Tip: Concentrate on squeezing the back muscles once you reach the full contracted position. The upper torso should remain stationary as it moves through space (no swinging) and only the arms should move. The forearms should do no other work other than hold the bar. | After a second of contraction, inhale as you go back to the starting position. | Now, pull your torso up while leaning to the right hand side until the bar almost touches your upper chest by drawing the shoulders and the upper arms down and back. Exhale as you perform this portion of the movement. Tip: Concentrate on squeezing the back muscles once you reach the full contracted position. The upper torso should remain stationary as it moves through space and only the arms should move. The forearms should do no other work other than hold the bar. | After a second of contraction, inhale as you go back to the starting position. | Repeat steps 3-6 until you have performed the prescribed amount of repetitions for each side."
275,Single-Arm Cable Crossover,isolation,chest,anterior upper,moderate,intermediate,false,false,true,reps,,single_arm_crossover,,0.4,0.6,0.5,24,none,bronze,anabolic,,"Movement: Single-Arm Cable Crossover Pattern: MovementPattern.ISOLATION Primary muscle: PrimaryMuscle.CHEST Primary region: PrimaryRegion.ANTERIOR_UPPER Characteristics: compound=False, unilateral=True, complex_lift=False CNS load: CNSLoad.MODERATE Skill level: SkillLevel.INTERMEDIATE Spinal compression: SpinalCompression.NONE Tier: MovementTier.BRONZE Metabolic demand: MetabolicDemand.ANABOLIC Metric type: MetricType.REPS Equipment: cable Tags: strength Disciplines: bodybuilding Substitution group: single_arm_crossover Coaching cues: Begin by moving the pulleys to the high position, select the resistance to be used, and take a handle in each hand. | Step forward in front of both pulleys with your arms extended in front of you, bringing your hands together. Your head and chest should be up as you lean forward, while your feet should be staggered. This will be your starting position. | Keeping your left arm in place, allow your right arm to extend out to the side, maintaining a slight bend at the elbow. The right arm should be perpendicular to the body at approximately shoulder level. | Return your arm back to the starting position by pulling your hand back to the midline of the body. | Hold for a second at the starting position and repeat the movement on the opposite side. Continue alternating back and forth for the prescribed number of repetitions."
276,Single-Arm Linear Jammer,isolation,full_body,full body,moderate,intermediate,false,false,true,reps,,single_arm_linear_jammer,,0.4,0.6,0.5,24,none,bronze,anabolic,,"Movement: Single-Arm Linear Jammer Pattern: MovementPattern.ISOLATION Primary muscle: PrimaryMuscle.FULL_BODY Primary region: PrimaryRegion.FULL_BODY Characteristics: compound=False, unilateral=True, complex_lift=False CNS load: CNSLoad.MODERATE Skill level: SkillLevel.INTERMEDIATE Spinal compression: SpinalCompression.NONE Tier: MovementTier.BRONZE Metabolic demand: MetabolicDemand.ANABOLIC Metric type: MetricType.REPS Equipment: barbell Tags: strength Disciplines: bodybuilding Substitution group: single_arm_linear_jammer Coaching cues: Position a bar into a landmine or securely anchor it in a corner. Load the bar to an appropriate weight. | Raise the bar from the floor, taking it to your shoulders with one or both hands. Adopt a wide stance. This will be your starting position. | Perform the movement by extending the elbow, pressing the weight up. Move explosively, extending the hips and knees fully to produce maximal force. | Return to the starting position."
277,Single-Cone Sprint Drill,lunge,quadriceps,anterior lower,moderate,intermediate,false,false,false,reps,,single_cone_sprint_drill,,0.4,0.6,0.4,24,none,bronze,anabolic,,"Movement: Single-Cone Sprint Drill Pattern: MovementPattern.LUNGE Primary muscle: PrimaryMuscle.QUADRICEPS Primary region: PrimaryRegion.ANTERIOR_LOWER Characteristics: compound=False, unilateral=False, complex_lift=False CNS load: CNSLoad.MODERATE Skill level: SkillLevel.INTERMEDIATE Spinal compression: SpinalCompression.NONE Tier: MovementTier.BRONZE Metabolic demand: MetabolicDemand.ANABOLIC Metric type: MetricType.REPS Equipment: other Tags: plyometrics Substitution group: single_cone_sprint_drill Coaching cues: This drill teaches quick foot action. You need a single cone. Begin standing next to the cone with one arm back and one arm forward. | Chop the feet as quickly as possible, blocking with the arms. Circle the cone, keep your knees up, with violent foot action. | Rest after three trips around the cone."
278,Single Leg Butt Kick,lunge,quadriceps,anterior lower,moderate,intermediate,false,false,true,reps,,butt_kick,,0.4,0.6,0.5,24,none,bronze,anabolic,,"Movement: Single Leg Butt Kick Pattern: MovementPattern.LUNGE Primary muscle: PrimaryMuscle.QUADRICEPS Primary region: PrimaryRegion.ANTERIOR_LOWER Characteristics: compound=False, unilateral=True, complex_lift=False CNS load: CNSLoad.MODERATE Skill level: SkillLevel.INTERMEDIATE Spinal compression: SpinalCompression.NONE Tier: MovementTier.BRONZE Metabolic demand: MetabolicDemand.ANABOLIC Metric type: MetricType.REPS Equipment: none Tags: plyometrics Substitution group: butt_kick Coaching cues: Begin by standing on one leg, with the bent knee raised. This will be your start position. | Using a countermovement jump, take off upward by extending the hip, knee, and ankle of the grounded leg. | Immediately flex the knee and attempt to touch your butt with the heel of your jumping leg. | Return the leg to a partially bent position underneath the hips and land. Your opposite leg should stay in relatively the same position throughout the drill."
282,Sled Reverse Flye,isolation,full_body,full body,moderate,intermediate,false,false,false,reps,,reverse_flye,,0.4,0.6,0.4,24,none,bronze,anabolic,,"Movement: Sled Reverse Flye Pattern: MovementPattern.ISOLATION Primary muscle: PrimaryMuscle.FULL_BODY Primary region: PrimaryRegion.FULL_BODY Characteristics: compound=False, unilateral=False, complex_lift=False CNS load: CNSLoad.MODERATE Skill level: SkillLevel.INTERMEDIATE Spinal compression: SpinalCompression.NONE Tier: MovementTier.BRONZE Metabolic demand: MetabolicDemand.ANABOLIC Metric type: MetricType.REPS Equipment: other Tags: strength Disciplines: bodybuilding Substitution group: reverse_flye Coaching cues: Attach dual handles to a sled connected by a rope or chain. Load the sled to a light weight. | Face the sled, backing up until there is some tension in the line. Take both handles at arms length at about waist level. Bend the knees slightly and keep your chest and head up. This will be your starting position. | Without flexing the elbow, pull the handles upward and apart, performing a reverse fly with some external rotation. Your palms should be facing forward as you do this. | Return to the starting position, taking a couple steps back to take the slack out of the line."
283,Sledgehammer Swings,isolation,core,full body,moderate,intermediate,false,false,false,reps,,gehammer_swings,,0.4,0.6,0.4,24,none,bronze,anabolic,,"Movement: Sledgehammer Swings Pattern: MovementPattern.ISOLATION Primary muscle: PrimaryMuscle.CORE Primary region: PrimaryRegion.FULL_BODY Characteristics: compound=False, unilateral=False, complex_lift=False CNS load: CNSLoad.MODERATE Skill level: SkillLevel.INTERMEDIATE Spinal compression: SpinalCompression.NONE Tier: MovementTier.BRONZE Metabolic demand: MetabolicDemand.ANABOLIC Metric type: MetricType.REPS Equipment: other Tags: plyometrics Disciplines: bodybuilding Substitution group: gehammer_swings Coaching cues: You will need a tire and a sledgehammer for this exercise. Stand in front of the tire about two feet away from it with a staggered stance. Grip the sledgehammer. | If you are right handed, your left hand should be at the bottom of the handle, and your right hand should be choking up closer to the head. | As you bring the sledge up, your right hand slides toward the head; as you swing down, your right hand will slide down to join your left hand. Slam it down as hard as you can against the tire. Control the bounce of the hammer off of the tire. | Repeat on the other side."
284,Smith Machine Behind the Back Shrug,isolation,upper_back,posterior upper,moderate,intermediate,false,false,false,reps,,behind_the_back_shrug,,0.4,0.6,0.4,24,none,bronze,anabolic,,"Movement: Smith Machine Behind the Back Shrug Pattern: MovementPattern.ISOLATION Primary muscle: PrimaryMuscle.UPPER_BACK Primary region: PrimaryRegion.POSTERIOR_UPPER Characteristics: compound=False, unilateral=False, complex_lift=False CNS load: CNSLoad.MODERATE Skill level: SkillLevel.INTERMEDIATE Spinal compression: SpinalCompression.NONE Tier: MovementTier.BRONZE Metabolic demand: MetabolicDemand.ANABOLIC Metric type: MetricType.REPS Equipment: machine Tags: strength Disciplines: bodybuilding Substitution group: behind_the_back_shrug Coaching cues: With the bar at thigh level, load an appropriate weight. | Stand with the bar behind you, taking a shoulder-width, pronated grip on the bar and unhook the weight. You should be standing up straight with your head and chest up and your arms extended. This will be your starting position. | Initiate the movement by shrugging your shoulders straight up. Do not flex the arms or wrist during the movement. | After a brief pause return the weight to the starting position. | Repeat for the desired number of repetitions before engaging the hooks to rack the weight."
285,Smith Machine One-Arm Upright Row,isolation,full_body,full body,moderate,intermediate,true,false,false,time,,one_arm_upright_row,,0.6,0.8,0.4,48,none,bronze,anabolic,,"Movement: Smith Machine One-Arm Upright Row Pattern: MovementPattern.ISOLATION Primary muscle: PrimaryMuscle.FULL_BODY Primary region: PrimaryRegion.FULL_BODY Characteristics: compound=True, unilateral=False, complex_lift=False CNS load: CNSLoad.MODERATE Skill level: SkillLevel.INTERMEDIATE Spinal compression: SpinalCompression.NONE Tier: MovementTier.BRONZE Metabolic demand: MetabolicDemand.ANABOLIC Metric type: MetricType.TIME Equipment: machine Tags: strength Disciplines: bodybuilding Substitution group: one_arm_upright_row Coaching cues: With the bar at thigh level, load an appropriate weight. | Take a wide grip on the bar and unhook the weight, removing your off hand from the bar. Your arm should be extended as you stand up straight with your head and chest up. This will be your starting position. | Begin the movement by flexing the elbow, raising the upper arm with the elbow pointed out. Continue until your upper arm is parallel to the floor. | After a brief pause, return the weight to the starting position. | Repeat for the desired number of repetitions before engaging the hooks to rack the weight."
308,Tire Flip,lunge,quadriceps,anterior lower,moderate,intermediate,false,false,false,reps,,tire_flip,,0.4,0.6,0.4,24,none,bronze,anabolic,,"Movement: Tire Flip Pattern: MovementPattern.LUNGE Primary muscle: PrimaryMuscle.QUADRICEPS Primary region: PrimaryRegion.ANTERIOR_LOWER Characteristics: compound=False, unilateral=False, complex_lift=False CNS load: CNSLoad.MODERATE Skill level: SkillLevel.INTERMEDIATE Spinal compression: SpinalCompression.NONE Tier: MovementTier.BRONZE Metabolic demand: MetabolicDemand.ANABOLIC Metric type: MetricType.REPS Equipment: other Disciplines: strongman, powerlifting Substitution group: tire_flip Coaching cues: Begin by gripping the bottom of the tire on the tread, and position your feet back a bit. Your chest should be driving into the tire. | To lift the tire, extend through the hips, knees, and ankles, driving into the tire and up. | As the tire reaches a 45 degree angle, step forward and drive a knee into the tire. As you do so adjust your grip to the upper portion of the tire and push it forward as hard as possible to complete the turn. Repeat as necessary."
280,Skating,cardio,quadriceps,anterior lower,low,intermediate,false,false,false,time,,skating,,0.19999999999999998,0.5,0.4,12,none,bronze,anabolic,,"Movement: Skating Pattern: MovementPattern.CARDIO Primary muscle: PrimaryMuscle.QUADRICEPS Primary region: PrimaryRegion.ANTERIOR_LOWER Characteristics: compound=False, unilateral=False, complex_lift=False CNS load: CNSLoad.LOW Skill level: SkillLevel.INTERMEDIATE Spinal compression: SpinalCompression.NONE Tier: MovementTier.BRONZE Metabolic demand: MetabolicDemand.ANABOLIC Metric type: MetricType.TIME Equipment: other Tags: cardio Substitution group: skating Coaching cues: Roller skating is a fun activity which can be effective in improving cardiorespiratory fitness and muscular endurance. It requires relatively good balance and coordination. It is necessary to learn the basics of skating including turning and stopping and to wear protective gear to avoid possible injury. | You can skate at a comfortable pace for 30 minutes straight. If you want a cardio challenge, do interval skating speed skate two minutes of every five minutes, using the remaining three minutes to recover. A 150 lb person will typically burn about 175 calories in 30 minutes skating at a comfortable pace, similar to brisk walking."
290,Standing Cable Lift,isolation,core,full body,moderate,intermediate,false,false,false,reps,,lift,,0.4,0.6,0.4,24,none,bronze,anabolic,,"Movement: Standing Cable Lift Pattern: MovementPattern.ISOLATION Primary muscle: PrimaryMuscle.CORE Primary region: PrimaryRegion.FULL_BODY Characteristics: compound=False, unilateral=False, complex_lift=False CNS load: CNSLoad.MODERATE Skill level: SkillLevel.INTERMEDIATE Spinal compression: SpinalCompression.NONE Tier: MovementTier.BRONZE Metabolic demand: MetabolicDemand.ANABOLIC Metric type: MetricType.REPS Equipment: cable Tags: strength Disciplines: bodybuilding Substitution group: lift Coaching cues: Connect a standard handle on a tower, and move the cable to the lowest pulley position. | With your side to the cable, grab the handle with one hand and step away from the tower. You should be approximately arm length away from the pulley, with the tension of the weight on the cable. Your outstretched arm should be aligned with the cable. | With your feet positioned shoulder width apart, squat down and grab the handle with both hands. Your arms should still be fully extended. | In one motion, pull the handle up and across your body until your arms are in a fully-extended position above your head. | Keep your back straight and your arms close to your body as you pivot your back foot and straighten your legs to get a full range of motion. | Retract your arms and then your body. Return to the neutral position in a slow and controlled manner. | Repeat to failure. | Then, reposition and repeat the same series of movements on the opposite side."
291,Standing Cable Wood Chop,isolation,core,full body,moderate,intermediate,false,false,false,reps,,wood_chop,,0.4,0.6,0.4,24,none,bronze,anabolic,,"Movement: Standing Cable Wood Chop Pattern: MovementPattern.ISOLATION Primary muscle: PrimaryMuscle.CORE Primary region: PrimaryRegion.FULL_BODY Characteristics: compound=False, unilateral=False, complex_lift=False CNS load: CNSLoad.MODERATE Skill level: SkillLevel.INTERMEDIATE Spinal compression: SpinalCompression.NONE Tier: MovementTier.BRONZE Metabolic demand: MetabolicDemand.ANABOLIC Metric type: MetricType.REPS Equipment: cable Tags: strength Disciplines: bodybuilding Substitution group: wood_chop Coaching cues: Connect a standard handle to a tower, and move the cable to the highest pulley position. | With your side to the cable, grab the handle with one hand and step away from the tower. You should be approximately arm length away from the pulley, with the tension of the weight on the cable. Your outstretched arm should be aligned with the cable. | With your feet positioned shoulder width apart, reach upward with your other hand and grab the handle with both hands. Your arms should still be fully extended. | In one motion, pull the handle down and across your body to your front knee while rotating your torso. | Keep your back and arms straight and core tight while you pivot your back foot and bend your knees to get a full range of motion. | Maintain your stance and straight arms. Return to the neutral position in a slow and controlled manner. | Repeat to failure. | Then, reposition and repeat the same series of movements on the opposite side."
292,Standing Olympic Plate Hand Squeeze,isolation,forearms,anterior upper,moderate,intermediate,false,false,false,reps,,olympic_plate_hand_squeeze,,0.4,0.6,0.4,24,none,bronze,anabolic,,"Movement: Standing Olympic Plate Hand Squeeze Pattern: MovementPattern.ISOLATION Primary muscle: PrimaryMuscle.FOREARMS Primary region: PrimaryRegion.ANTERIOR_UPPER Characteristics: compound=False, unilateral=False, complex_lift=False CNS load: CNSLoad.MODERATE Skill level: SkillLevel.INTERMEDIATE Spinal compression: SpinalCompression.NONE Tier: MovementTier.BRONZE Metabolic demand: MetabolicDemand.ANABOLIC Metric type: MetricType.REPS Equipment: other Tags: strength Disciplines: bodybuilding Substitution group: olympic_plate_hand_squeeze Coaching cues: To begin, stand straight while holding a weight plate by the ridge at arm's length in each hand using a neutral grip (palms facing in). You feet should be shoulder width apart from each other. This will be your starting position. | Lower the plates until the fingers are nearly extended but can still hold weights. Inhale as you lower the plates. | Now raise the plates back to the starting position as you exhale by closing your hands. | Repeat for the recommended amount of repetitions prescribed in your program."
295,Standing Two-Arm Overhead Throw,horizontal_pull,full_body,full body,moderate,intermediate,true,false,false,time,,two_arm_overhead_throw,,0.6,0.8,0.4,48,none,bronze,anabolic,,"Movement: Standing Two-Arm Overhead Throw Pattern: MovementPattern.HORIZONTAL_PULL Primary muscle: PrimaryMuscle.FULL_BODY Primary region: PrimaryRegion.FULL_BODY Characteristics: compound=True, unilateral=False, complex_lift=False CNS load: CNSLoad.MODERATE Skill level: SkillLevel.INTERMEDIATE Spinal compression: SpinalCompression.NONE Tier: MovementTier.BRONZE Metabolic demand: MetabolicDemand.ANABOLIC Metric type: MetricType.TIME Equipment: medicine_ball Tags: plyometrics Substitution group: two_arm_overhead_throw Coaching cues: Stand with your feet shoulder width apart holding a medicine ball in both hands. To begin, reach the medicine ball deep behind your head as you bend the knees slightly and lean back. | Violently throw the ball forward, flexing at the hip and using your whole body to complete the movement. | The medicine ball can be thrown to a partner or to a wall, receiving it as it bounces back."
293,Standing Pelvic Tilt,mobility,lower_back,posterior lower,moderate,intermediate,false,false,false,reps,,pelvic_tilt,,0.4,0.6,0.4,24,none,bronze,anabolic,,"Movement: Standing Pelvic Tilt Pattern: MovementPattern.MOBILITY Primary muscle: PrimaryMuscle.LOWER_BACK Primary region: PrimaryRegion.POSTERIOR_LOWER Characteristics: compound=False, unilateral=False, complex_lift=False CNS load: CNSLoad.MODERATE Skill level: SkillLevel.INTERMEDIATE Spinal compression: SpinalCompression.NONE Tier: MovementTier.BRONZE Metabolic demand: MetabolicDemand.ANABOLIC Metric type: MetricType.REPS Equipment: none Tags: stretching, mobility Substitution group: pelvic_tilt Coaching cues: Start off with your feet hip-distance apart. | Bend your knees slightly to keep them soft and springy. | You may want to move your pelvis forward and backward and back few times before holding the tailbone forward in this stretch."
306,Thigh Abductor,isolation,adductors,lower body,moderate,intermediate,false,false,false,reps,,thigh_abductor,,0.4,0.6,0.4,24,none,bronze,anabolic,,"Movement: Thigh Abductor Pattern: MovementPattern.ISOLATION Primary muscle: PrimaryMuscle.ADDUCTORS Primary region: PrimaryRegion.LOWER_BODY Characteristics: compound=False, unilateral=False, complex_lift=False CNS load: CNSLoad.MODERATE Skill level: SkillLevel.INTERMEDIATE Spinal compression: SpinalCompression.NONE Tier: MovementTier.BRONZE Metabolic demand: MetabolicDemand.ANABOLIC Metric type: MetricType.REPS Equipment: machine Tags: strength Disciplines: bodybuilding Substitution group: thigh_abductor Coaching cues: To begin, sit down on the abductor machine and select a weight you are comfortable with. When your legs are positioned properly, grip the handles on each side. Your entire upper body (from the waist up) should be stationary. This is the starting position. | Slowly press against the machine with your legs to move them away from each other while exhaling. | Feel the contraction for a second and begin to move your legs back to the starting position while breathing in. Note: Remember to keep your upper body stationary to prevent any injuries from occurring. | Repeat for the recommended amount of repetitions."
298,Straight-Arm Dumbbell Pullover,isolation,chest,anterior upper,moderate,intermediate,false,false,false,reps,,straight_arm_pullover,,0.4,0.6,0.4,24,none,bronze,anabolic,,"Movement: Straight-Arm Dumbbell Pullover Pattern: MovementPattern.ISOLATION Primary muscle: PrimaryMuscle.CHEST Primary region: PrimaryRegion.ANTERIOR_UPPER Characteristics: compound=False, unilateral=False, complex_lift=False CNS load: CNSLoad.MODERATE Skill level: SkillLevel.INTERMEDIATE Spinal compression: SpinalCompression.NONE Tier: MovementTier.BRONZE Metabolic demand: MetabolicDemand.ANABOLIC Metric type: MetricType.REPS Equipment: dumbbell Tags: strength Disciplines: bodybuilding Substitution group: straight_arm_pullover Coaching cues: Place a dumbbell standing up on a flat bench. | Ensuring that the dumbbell stays securely placed at the top of the bench, lie perpendicular to the bench (torso across it as in forming a cross) with only your shoulders lying on the surface. Hips should be below the bench and legs bent with feet firmly on the floor. The head will be off the bench as well. | Grasp the dumbbell with both hands and hold it straight over your chest at arms length. Both palms should be pressing against the underside one of the sides of the dumbbell. This will be your starting position.Caution: Always ensure that the dumbbell used for this exercise is secure. Using a dumbbell with loose plates can result in the dumbbell falling apart and falling on your face. | While keeping your arms straight, lower the weight slowly in an arc behind your head while breathing in until you feel a stretch on the chest. | At that point, bring the dumbbell back to the starting position using the arc through which the weight was lowered and exhale as you perform this movement. | Hold the weight on the initial position for a second and repeat the motion for the prescribed number of repetitions."
301,Supine One-Arm Overhead Throw,horizontal_pull,core,full body,moderate,intermediate,true,false,false,time,,supine_one_arm_overhead_throw,,0.6,0.8,0.4,48,none,bronze,anabolic,,"Movement: Supine One-Arm Overhead Throw Pattern: MovementPattern.HORIZONTAL_PULL Primary muscle: PrimaryMuscle.CORE Primary region: PrimaryRegion.FULL_BODY Characteristics: compound=True, unilateral=False, complex_lift=False CNS load: CNSLoad.MODERATE Skill level: SkillLevel.INTERMEDIATE Spinal compression: SpinalCompression.NONE Tier: MovementTier.BRONZE Metabolic demand: MetabolicDemand.ANABOLIC Metric type: MetricType.TIME Equipment: medicine_ball Tags: plyometrics Substitution group: supine_one_arm_overhead_throw Coaching cues: Lay on the ground on your back with your knees bent. Hold the ball with one hand, extending the arm fully behind your head. This will be your starting position. | Initiate the movement at the shoulder, throwing the ball directly forward of you as you sit up, attempting to go for maximum distance. | The ball can be thrown to a partner or bounced off of a wall."
302,Supine Two-Arm Overhead Throw,horizontal_pull,core,full body,moderate,intermediate,true,false,false,time,,supine_two_arm_overhead_throw,,0.6,0.8,0.4,48,none,bronze,anabolic,,"Movement: Supine Two-Arm Overhead Throw Pattern: MovementPattern.HORIZONTAL_PULL Primary muscle: PrimaryMuscle.CORE Primary region: PrimaryRegion.FULL_BODY Characteristics: compound=True, unilateral=False, complex_lift=False CNS load: CNSLoad.MODERATE Skill level: SkillLevel.INTERMEDIATE Spinal compression: SpinalCompression.NONE Tier: MovementTier.BRONZE Metabolic demand: MetabolicDemand.ANABOLIC Metric type: MetricType.TIME Equipment: medicine_ball Tags: plyometrics Substitution group: supine_two_arm_overhead_throw Coaching cues: Lay on the ground on your back with your knees bent. | Hold the ball with both hands, extending the arms fully behind your head. This will be your starting position. | Initiate the movement at the shoulder, throwing the ball directly forward of you as you sit up, attempting to go for maximum distance. | The ball can be thrown to a partner or bounced off of a wall."
303,Suspended Fallout,isolation,core,full body,moderate,intermediate,false,false,false,reps,,suspended_fallout,,0.4,0.6,0.4,24,none,bronze,anabolic,,"Movement: Suspended Fallout Pattern: MovementPattern.ISOLATION Primary muscle: PrimaryMuscle.CORE Primary region: PrimaryRegion.FULL_BODY Characteristics: compound=False, unilateral=False, complex_lift=False CNS load: CNSLoad.MODERATE Skill level: SkillLevel.INTERMEDIATE Spinal compression: SpinalCompression.NONE Tier: MovementTier.BRONZE Metabolic demand: MetabolicDemand.ANABOLIC Metric type: MetricType.REPS Equipment: other Tags: strength Disciplines: bodybuilding Substitution group: suspended_fallout Coaching cues: Adjust the straps so the handles are at an appropriate height, below waist level. | Begin standing and grasping the handles. Lean into the straps, moving to an incline push-up position. This will be your starting position. | Keeping your arms straight, lean further into the suspension straps, bringing your body closer to the ground, allowing your shoulders to extend, raising your arms up and over your head. | Maintain a neutral spine and keep the rest of your body straight, your shoulders being the only joints allowed to move. | Pause during the peak contraction, and then return to the starting position."
513,Romanian Deadlifts,hinge,hamstrings,posterior lower,moderate,intermediate,true,false,false,reps,Imported during migration,,,1,1,1,24,low,bronze,anabolic,,"Movement: Romanian Deadlifts Pattern: MovementPattern.HINGE Primary muscle: PrimaryMuscle.HAMSTRINGS Primary region: PrimaryRegion.POSTERIOR_LOWER Characteristics: compound=True, unilateral=False, complex_lift=False CNS load: CNSLoad.MODERATE Skill level: SkillLevel.INTERMEDIATE Spinal compression: SpinalCompression.LOW Tier: MovementTier.BRONZE Metabolic demand: MetabolicDemand.ANABOLIC Metric type: MetricType.REPS Equipment: barbell Description: Imported during migration"
304,Suspended Reverse Crunch,core,core,full body,moderate,intermediate,false,false,false,time,,suspended_reverse_crunch,,0.4,0.6,0.4,24,none,bronze,anabolic,,"Movement: Suspended Reverse Crunch Pattern: MovementPattern.CORE Primary muscle: PrimaryMuscle.CORE Primary region: PrimaryRegion.FULL_BODY Characteristics: compound=False, unilateral=False, complex_lift=False CNS load: CNSLoad.MODERATE Skill level: SkillLevel.INTERMEDIATE Spinal compression: SpinalCompression.NONE Tier: MovementTier.BRONZE Metabolic demand: MetabolicDemand.ANABOLIC Metric type: MetricType.TIME Equipment: other Tags: strength Substitution group: suspended_reverse_crunch Coaching cues: Secure a set of suspension straps with the handles hanging about a foot off of the ground. Move yourself into a pushup plank position facing away from the rack. | Place your feet into the handles. You should maintain a straight posture, not allowing the hips to sag. This will be your starting position. | Begin the movement by flexing the knees and hips, drawing the knees to your torso. As you do so, anteriorly tilt your pelvis, allowing your spine to flex. | At the top of the controlled motion, return to the starting position."
515,Upright Row,vertical_pull,side_delts,shoulder,moderate,intermediate,true,false,false,reps,Imported during migration,,,1,1,1,24,low,bronze,anabolic,,"Movement: Upright Row Pattern: MovementPattern.VERTICAL_PULL Primary muscle: PrimaryMuscle.SIDE_DELTS Primary region: PrimaryRegion.SHOULDER Characteristics: compound=True, unilateral=False, complex_lift=False CNS load: CNSLoad.MODERATE Skill level: SkillLevel.INTERMEDIATE Spinal compression: SpinalCompression.LOW Tier: MovementTier.BRONZE Metabolic demand: MetabolicDemand.ANABOLIC Metric type: MetricType.REPS Equipment: barbell Description: Imported during migration"
307,Thigh Adductor,isolation,adductors,lower body,moderate,intermediate,false,false,false,reps,,thigh_adductor,,0.4,0.6,0.4,24,none,bronze,anabolic,,"Movement: Thigh Adductor Pattern: MovementPattern.ISOLATION Primary muscle: PrimaryMuscle.ADDUCTORS Primary region: PrimaryRegion.LOWER_BODY Characteristics: compound=False, unilateral=False, complex_lift=False CNS load: CNSLoad.MODERATE Skill level: SkillLevel.INTERMEDIATE Spinal compression: SpinalCompression.NONE Tier: MovementTier.BRONZE Metabolic demand: MetabolicDemand.ANABOLIC Metric type: MetricType.REPS Equipment: machine Tags: strength Disciplines: bodybuilding Substitution group: thigh_adductor Coaching cues: To begin, sit down on the adductor machine and select a weight you are comfortable with. When your legs are positioned properly on the leg pads of the machine, grip the handles on each side. Your entire upper body (from the waist up) should be stationary. This is the starting position. | Slowly press against the machine with your legs to move them towards each other while exhaling. | Feel the contraction for a second and begin to move your legs back to the starting position while breathing in. Note: Remember to keep your upper body stationary and avoid fast jerking motions in order to prevent any injuries from occurring. | Repeat for the recommended amount of repetitions."
310,Tuck Crunch,core,core,full body,moderate,intermediate,false,false,false,time,,tuck_crunch,,0.4,0.6,0.4,24,none,bronze,anabolic,,"Movement: Tuck Crunch Pattern: MovementPattern.CORE Primary muscle: PrimaryMuscle.CORE Primary region: PrimaryRegion.FULL_BODY Characteristics: compound=False, unilateral=False, complex_lift=False CNS load: CNSLoad.MODERATE Skill level: SkillLevel.INTERMEDIATE Spinal compression: SpinalCompression.NONE Tier: MovementTier.BRONZE Metabolic demand: MetabolicDemand.ANABOLIC Metric type: MetricType.TIME Equipment: none Tags: strength Substitution group: tuck_crunch Coaching cues: To begin, lie down on the floor or an exercise mat with your back pressed against the floor. Your arms should be lying across your sides with the palms facing down. | Your legs should be crossed by wrapping one ankle around the other. Slowly elevate your legs up in the air until your thighs are perpendicular to the floor with a slight bend at the knees. Note: Your knees and toes should be parallel to the floor as opposed to the thighs. | Move your arms from the floor and cross them so they are resting on your chest. This is the starting position. | While keeping your lower back pressed against the floor, slowly lift your torso. Remember to exhale while perform this part of the exercise. | Slowly begin to lower your torso back down to the starting position while inhaling. | Repeat for the recommended amount of repetitions."
312,Weighted Ball Hyperextension,isolation,lower_back,posterior lower,moderate,intermediate,false,false,false,reps,,weighted_ball_hyperextension,,0.4,0.6,0.4,24,none,bronze,anabolic,,"Movement: Weighted Ball Hyperextension Pattern: MovementPattern.ISOLATION Primary muscle: PrimaryMuscle.LOWER_BACK Primary region: PrimaryRegion.POSTERIOR_LOWER Characteristics: compound=False, unilateral=False, complex_lift=False CNS load: CNSLoad.MODERATE Skill level: SkillLevel.INTERMEDIATE Spinal compression: SpinalCompression.NONE Tier: MovementTier.BRONZE Metabolic demand: MetabolicDemand.ANABOLIC Metric type: MetricType.REPS Equipment: exercise ball Tags: strength Disciplines: bodybuilding Substitution group: weighted_ball_hyperextension Coaching cues: To begin, lie down on an exercise ball with your torso pressing against the ball and parallel to the floor. The ball of your feet should be pressed against the floor to help keep you balanced. Place a weighted plate under your chin or behind your neck. This is the starting position. | Slowly raise your torso up by bending at the waist and lower back. Remember to exhale during this movement. | Hold the contraction on your lower back for a second and lower your torso back down to the starting position while inhaling. | Repeat for the recommended amount of repetitions prescribed in your program."
313,Weighted Crunches,core,core,full body,moderate,intermediate,false,false,false,time,,weighted_crunches,,0.4,0.6,0.4,24,none,bronze,anabolic,,"Movement: Weighted Crunches Pattern: MovementPattern.CORE Primary muscle: PrimaryMuscle.CORE Primary region: PrimaryRegion.FULL_BODY Characteristics: compound=False, unilateral=False, complex_lift=False CNS load: CNSLoad.MODERATE Skill level: SkillLevel.INTERMEDIATE Spinal compression: SpinalCompression.NONE Tier: MovementTier.BRONZE Metabolic demand: MetabolicDemand.ANABOLIC Metric type: MetricType.TIME Equipment: medicine_ball Tags: strength Substitution group: weighted_crunches Coaching cues: Lie flat on your back with your feet flat on the ground or resting on a bench with your knees bent at a 90 degree angle. | Hold a weight to your chest, or you may hold it extended above your torso. This will be your starting position. | Now, exhale and slowly begin to roll your shoulders off the floor. Your shoulders should come up off the floor about 4 inches while your lower back remains on the floor. | At the top of the movement, flex your abdominals and hold for a brief pause. | Then inhale and slowly lower yourself back down to the starting position."
314,Weighted Sit-Ups - With Bands,core,core,full body,moderate,intermediate,false,false,false,reps,,weighted_sit_ups_with_s,,0.4,0.6,0.4,24,none,bronze,anabolic,,"Movement: Weighted Sit-Ups - With Bands Pattern: MovementPattern.CORE Primary muscle: PrimaryMuscle.CORE Primary region: PrimaryRegion.FULL_BODY Characteristics: compound=False, unilateral=False, complex_lift=False CNS load: CNSLoad.MODERATE Skill level: SkillLevel.INTERMEDIATE Spinal compression: SpinalCompression.NONE Tier: MovementTier.BRONZE Metabolic demand: MetabolicDemand.ANABOLIC Metric type: MetricType.REPS Equipment: other Tags: strength Substitution group: weighted_sit_ups_with_s Coaching cues: Start out by strapping the bands around the base of the decline bench. Place the handles towards the inside of the decline bench so that when lying down, you can reach for both of them. | Position your legs through the decline machine until they are secured. Now reach for the exercise bands with both hands. Use a pronated (palms forward) grip to grasp the handles. Position them near your collar bone and rotate your wrist to a neutral grip (palms facing the torso). Note: Your arms should remain stationary throughout the exercise. This is the starting position. | Move your torso upward until your upper body is perpendicular to the floor while exhaling. Hold the contraction for a second and lower your upper body back down to the starting position while inhaling. | Repeat for the recommended amount of repetitions."
326,Band Hip Adductions,isolation,adductors,lower body,moderate,intermediate,false,false,false,reps,,hip_adductions,,0.4,0.6,0.4,24,none,bronze,anabolic,,"Movement: Band Hip Adductions Pattern: MovementPattern.ISOLATION Primary muscle: PrimaryMuscle.ADDUCTORS Primary region: PrimaryRegion.LOWER_BODY Characteristics: compound=False, unilateral=False, complex_lift=False CNS load: CNSLoad.MODERATE Skill level: SkillLevel.INTERMEDIATE Spinal compression: SpinalCompression.NONE Tier: MovementTier.BRONZE Metabolic demand: MetabolicDemand.ANABOLIC Metric type: MetricType.REPS Equipment: band Tags: strength Disciplines: bodybuilding Substitution group: hip_adductions Coaching cues: Anchor a band around a solid post or other object. | Stand with your left side to the post, and put your right foot through the band, getting it around the ankle. | Stand up straight and hold onto the post if needed. This will be your starting position. | Keeping the knee straight, raise your right legs out to the side as far as you can. | Return to the starting position and repeat for the desired rep count. | Switch sides."
315,Wide-Grip Decline Barbell Pullover,isolation,chest,anterior upper,moderate,intermediate,false,false,false,reps,,wide_grip_pullover,,0.4,0.6,0.4,24,none,bronze,anabolic,,"Movement: Wide-Grip Decline Barbell Pullover Pattern: MovementPattern.ISOLATION Primary muscle: PrimaryMuscle.CHEST Primary region: PrimaryRegion.ANTERIOR_UPPER Characteristics: compound=False, unilateral=False, complex_lift=False CNS load: CNSLoad.MODERATE Skill level: SkillLevel.INTERMEDIATE Spinal compression: SpinalCompression.NONE Tier: MovementTier.BRONZE Metabolic demand: MetabolicDemand.ANABOLIC Metric type: MetricType.REPS Equipment: barbell Tags: strength Disciplines: bodybuilding Substitution group: wide_grip_pullover Coaching cues: Lie down on a decline bench with both legs securely locked in position. Reach for the barbell behind the head using a pronated grip (palms facing out). Make sure to grab the barbell wider than shoulder width apart for this exercise. Slowly lift the barbell up from the floor by using your arms. | When positioned properly, your arms should be fully extended and perpendicular to the floor. This is the starting position. | Begin by moving the barbell back down in a semicircular motion as if you were going to place it on the floor, but instead, stop when the arms are parallel to the floor. Tip: Keep the arms fully extended at all times. The movement should only happen at the shoulder joint. Inhale as you perform this portion of the movement. | Now bring the barbell up while exhaling until you are back at the starting position. Remember to keep full control of the barbell at all times. | Repeat the movement for the prescribed amount of repetitions of your training program. | When finished with your set, slowly lower the barbell back down until it is level with your head and release it."
316,Wide Stance Stiff Legs,lunge,hamstrings,posterior lower,moderate,intermediate,false,false,false,reps,,stiff_legs,,0.4,0.6,0.4,24,none,bronze,anabolic,,"Movement: Wide Stance Stiff Legs Pattern: MovementPattern.LUNGE Primary muscle: PrimaryMuscle.HAMSTRINGS Primary region: PrimaryRegion.POSTERIOR_LOWER Characteristics: compound=False, unilateral=False, complex_lift=False CNS load: CNSLoad.MODERATE Skill level: SkillLevel.INTERMEDIATE Spinal compression: SpinalCompression.NONE Tier: MovementTier.BRONZE Metabolic demand: MetabolicDemand.ANABOLIC Metric type: MetricType.REPS Equipment: barbell Disciplines: olympic_weightlifting Substitution group: stiff_legs Coaching cues: Begin with a barbell loaded on the floor. Adopt a wide stance, and then bend at the hips to grab the bar. Your hips should be as far back as possible, and your legs nearly straight. Keep your back straight, and your head and chest up. This will be your starting position. | Begin the movement be engaging the hips, driving them forward as you allow the arms to hang straight. Continue until you are standing straight up, and then slowly return the weight to the starting position. For successive reps, the weight need not touch the floor."
342,Kneeling Forearm Stretch,mobility,forearms,anterior upper,moderate,intermediate,false,false,false,reps,,kneeling_forearm_stretch,,0.4,0.6,0.4,24,none,bronze,anabolic,,"Movement: Kneeling Forearm Stretch Pattern: MovementPattern.MOBILITY Primary muscle: PrimaryMuscle.FOREARMS Primary region: PrimaryRegion.ANTERIOR_UPPER Characteristics: compound=False, unilateral=False, complex_lift=False CNS load: CNSLoad.MODERATE Skill level: SkillLevel.INTERMEDIATE Spinal compression: SpinalCompression.NONE Tier: MovementTier.BRONZE Metabolic demand: MetabolicDemand.ANABOLIC Metric type: MetricType.REPS Equipment: none Tags: stretching, mobility Substitution group: kneeling_forearm_stretch Coaching cues: Start by kneeling on a mat with your palms flat and your fingers pointing back toward your knees. | Slowly lean back keeping your palms flat on the floor until you feel a stretch in your wrists and forearms. Hold for 20-30 seconds."
320,Wrist Roller,isolation,forearms,anterior upper,moderate,intermediate,false,false,false,reps,,wrist_roller,,0.4,0.6,0.4,24,none,bronze,anabolic,,"Movement: Wrist Roller Pattern: MovementPattern.ISOLATION Primary muscle: PrimaryMuscle.FOREARMS Primary region: PrimaryRegion.ANTERIOR_UPPER Characteristics: compound=False, unilateral=False, complex_lift=False CNS load: CNSLoad.MODERATE Skill level: SkillLevel.INTERMEDIATE Spinal compression: SpinalCompression.NONE Tier: MovementTier.BRONZE Metabolic demand: MetabolicDemand.ANABOLIC Metric type: MetricType.REPS Equipment: other Tags: strength Disciplines: bodybuilding Substitution group: wrist_roller Coaching cues: To begin, stand straight up grabbing a wrist roller using a pronated grip (palms facing down). Your feet should be shoulder width apart. | Slowly lift both arms until they are fully extended and parallel to the floor in front of you. Note: Make sure the rope is not wrapped around the roller. Your entire body should be stationary except for the forearms. This is the starting position. | Rotate one wrist at a time in an upward motion to bring the weight up to the bar by rolling the rope around the roller. | Once the weight has reached the bar, slowly begin to lower the weight back down by rotating the wrist in a downward motion until the weight reaches the starting position. | Repeat for the prescribed amount of repetitions in your program."
321,Wrist Rotations with Straight Bar,isolation,forearms,anterior upper,moderate,intermediate,false,false,false,reps,,wrist_rotations_with_straight_bar,,0.4,0.6,0.4,24,none,bronze,anabolic,,"Movement: Wrist Rotations with Straight Bar Pattern: MovementPattern.ISOLATION Primary muscle: PrimaryMuscle.FOREARMS Primary region: PrimaryRegion.ANTERIOR_UPPER Characteristics: compound=False, unilateral=False, complex_lift=False CNS load: CNSLoad.MODERATE Skill level: SkillLevel.INTERMEDIATE Spinal compression: SpinalCompression.NONE Tier: MovementTier.BRONZE Metabolic demand: MetabolicDemand.ANABOLIC Metric type: MetricType.REPS Equipment: barbell Tags: strength Disciplines: bodybuilding Substitution group: wrist_rotations_with_straight_bar Coaching cues: Hold a barbell with both hands and your palms facing down; hands spaced about shoulder width. This will be your starting position. | Alternating between each of your hands, perform the movement by extending the wrist as though you were rolling up a newspaper. Continue alternating back and forth until failure. | Reverse the motion by flexing the wrist, rolling the opposite direction. Continue the alternating motion until failure."
325,Alternate Leg Diagonal Bound,lunge,quadriceps,anterior lower,moderate,intermediate,false,false,false,reps,,alternate_leg_diagonal_bound,,0.4,0.6,0.4,24,none,bronze,anabolic,,"Movement: Alternate Leg Diagonal Bound Pattern: MovementPattern.LUNGE Primary muscle: PrimaryMuscle.QUADRICEPS Primary region: PrimaryRegion.ANTERIOR_LOWER Characteristics: compound=False, unilateral=False, complex_lift=False CNS load: CNSLoad.MODERATE Skill level: SkillLevel.INTERMEDIATE Spinal compression: SpinalCompression.NONE Tier: MovementTier.BRONZE Metabolic demand: MetabolicDemand.ANABOLIC Metric type: MetricType.REPS Equipment: none Tags: plyometrics Substitution group: alternate_leg_diagonal_bound Coaching cues: Assume a comfortable stance with one foot slightly in front of the other. | Begin by pushing off with the front leg, driving the opposite knee forward and as high as possible before landing. Attempt to cover as much distance to each side with each bound. | It may help to use a line on the ground to guage distance from side to side. | Repeat the sequence with the other leg."
328,Bottoms Up,isolation,core,full body,moderate,intermediate,false,false,false,reps,,bottoms_up,,0.4,0.6,0.4,24,none,bronze,anabolic,,"Movement: Bottoms Up Pattern: MovementPattern.ISOLATION Primary muscle: PrimaryMuscle.CORE Primary region: PrimaryRegion.FULL_BODY Characteristics: compound=False, unilateral=False, complex_lift=False CNS load: CNSLoad.MODERATE Skill level: SkillLevel.INTERMEDIATE Spinal compression: SpinalCompression.NONE Tier: MovementTier.BRONZE Metabolic demand: MetabolicDemand.ANABOLIC Metric type: MetricType.REPS Equipment: none Tags: strength Disciplines: bodybuilding Substitution group: bottoms_up Coaching cues: Begin by lying on your back on the ground. Your legs should be straight and your arms at your side. This will be your starting position. | To perform the movement, tuck the knees toward your chest by flexing the hips and knees. Following this, extend your legs directly above you so that they are perpendicular to the ground. Rotate and elevate your pelvis to raise your glutes from the floor. | After a brief pause, return to the starting position."
329,Box Skip,lunge,hamstrings,posterior lower,moderate,intermediate,false,false,false,reps,,box_skip,,0.4,0.6,0.4,24,none,bronze,anabolic,,"Movement: Box Skip Pattern: MovementPattern.LUNGE Primary muscle: PrimaryMuscle.HAMSTRINGS Primary region: PrimaryRegion.POSTERIOR_LOWER Characteristics: compound=False, unilateral=False, complex_lift=False CNS load: CNSLoad.MODERATE Skill level: SkillLevel.INTERMEDIATE Spinal compression: SpinalCompression.NONE Tier: MovementTier.BRONZE Metabolic demand: MetabolicDemand.ANABOLIC Metric type: MetricType.REPS Equipment: other Tags: plyometrics Substitution group: box_skip Coaching cues: You will need several boxes lined up about 8 feet apart. | Begin facing the first box with one leg slightly behind the other. | Drive off the back leg, attempting to gain as much height with the hips as possible. | Immediately upon landing on the box, drive the other leg forward and upward to gain height and distance, leaping from the box. Land between the first two boxes with the same leg that landed on the first box. | Then, step to the next box and repeat."
333,Dumbbell Lunges,lunge,quadriceps,anterior lower,moderate,intermediate,true,false,false,reps,,lunges,,0.6,0.8,0.4,48,none,bronze,anabolic,,"Movement: Dumbbell Lunges Pattern: MovementPattern.LUNGE Primary muscle: PrimaryMuscle.QUADRICEPS Primary region: PrimaryRegion.ANTERIOR_LOWER Characteristics: compound=True, unilateral=False, complex_lift=False CNS load: CNSLoad.MODERATE Skill level: SkillLevel.INTERMEDIATE Spinal compression: SpinalCompression.NONE Tier: MovementTier.BRONZE Metabolic demand: MetabolicDemand.ANABOLIC Metric type: MetricType.REPS Equipment: dumbbell Tags: strength Substitution group: lunges Coaching cues: Stand with your torso upright holding two dumbbells in your hands by your sides. This will be your starting position. | Step forward with your right leg around 2 feet or so from the foot being left stationary behind and lower your upper body down, while keeping the torso upright and maintaining balance. Inhale as you go down. Note: As in the other exercises, do not allow your knee to go forward beyond your toes as you come down, as this will put undue stress on the knee joint. Make sure that you keep your front shin perpendicular to the ground. | Using mainly the heel of your foot, push up and go back to the starting position as you exhale. | Repeat the movement for the recommended amount of repetitions and then perform with the left leg."
336,Flat Bench Leg Pull-In,horizontal_push,core,full body,moderate,intermediate,false,false,false,reps,,bench_leg_pull_in,,0.4,0.6,0.4,24,none,bronze,anabolic,,"Movement: Flat Bench Leg Pull-In Pattern: MovementPattern.HORIZONTAL_PUSH Primary muscle: PrimaryMuscle.CORE Primary region: PrimaryRegion.FULL_BODY Characteristics: compound=False, unilateral=False, complex_lift=False CNS load: CNSLoad.MODERATE Skill level: SkillLevel.INTERMEDIATE Spinal compression: SpinalCompression.NONE Tier: MovementTier.BRONZE Metabolic demand: MetabolicDemand.ANABOLIC Metric type: MetricType.REPS Equipment: none Tags: strength Substitution group: bench_leg_pull_in Coaching cues: Lie on an exercise mat or a flat bench with your legs off the end. | Place your hands either under your glutes with your palms down or by the sides holding on to the bench (or with palms down by the side on an exercise mat). Also extend your legs straight out. This will be your starting position. | Bend your knees and pull your upper thighs into your midsection as you breathe out. Continue this movement until your knees are near your chest. Hold the contracted position for a second. | As you breathe in, slowly return to the starting position. | Repeat for the recommended amount of repetitions."
338,Heavy Bag Thrust,isolation,chest,anterior upper,moderate,intermediate,false,false,false,reps,,heavy_bag_thrust,,0.4,0.6,0.4,24,none,bronze,anabolic,,"Movement: Heavy Bag Thrust Pattern: MovementPattern.ISOLATION Primary muscle: PrimaryMuscle.CHEST Primary region: PrimaryRegion.ANTERIOR_UPPER Characteristics: compound=False, unilateral=False, complex_lift=False CNS load: CNSLoad.MODERATE Skill level: SkillLevel.INTERMEDIATE Spinal compression: SpinalCompression.NONE Tier: MovementTier.BRONZE Metabolic demand: MetabolicDemand.ANABOLIC Metric type: MetricType.REPS Equipment: other Tags: plyometrics Disciplines: bodybuilding Substitution group: heavy_bag_thrust Coaching cues: Utilize a heavy bag for this exercise. Assume an upright stance next to the bag, with your feet staggered, fairly wide apart. Place your hand on the bag at about chest height. This will be your starting position. | Begin by twisting at the waist, pushing the bag forward as hard as possible. Perform this move quickly, pushing the bag away from your body. | Receive the bag as it swings back by reversing these steps."
340,Kettlebell Sumo High Pull,isolation,upper_back,posterior upper,moderate,intermediate,false,false,false,reps,,sumo_high_pull,,0.4,0.6,0.4,24,none,bronze,anabolic,,"Movement: Kettlebell Sumo High Pull Pattern: MovementPattern.ISOLATION Primary muscle: PrimaryMuscle.UPPER_BACK Primary region: PrimaryRegion.POSTERIOR_UPPER Characteristics: compound=False, unilateral=False, complex_lift=False CNS load: CNSLoad.MODERATE Skill level: SkillLevel.INTERMEDIATE Spinal compression: SpinalCompression.NONE Tier: MovementTier.BRONZE Metabolic demand: MetabolicDemand.ANABOLIC Metric type: MetricType.REPS Equipment: kettlebell Tags: strength Disciplines: bodybuilding Substitution group: sumo_high_pull Coaching cues: Place a kettlebell on the ground between your feet. Position your feet in a wide stance, and grasp the kettlebell with two hands. Set your hips back as far as possible, with your knees bent. Keep your chest and head up. This will be your starting position. | Begin by extending the hips and knees, simultaneously pulling the kettlebell to your shoulders, raising your elbows as you do so. Reverse the motion to return to the starting position."
516,Snatches,olympic,full_body,full body,very_high,expert,true,false,false,reps,Imported during migration,,,1,1,1,24,low,bronze,anabolic,,"Movement: Snatches Pattern: MovementPattern.OLYMPIC Primary muscle: PrimaryMuscle.FULL_BODY Primary region: PrimaryRegion.FULL_BODY Characteristics: compound=True, unilateral=False, complex_lift=False CNS load: CNSLoad.VERY_HIGH Skill level: SkillLevel.EXPERT Spinal compression: SpinalCompression.LOW Tier: MovementTier.BRONZE Metabolic demand: MetabolicDemand.ANABOLIC Metric type: MetricType.REPS Equipment: barbell Description: Imported during migration"
343,Lateral Cone Hops,isolation,adductors,lower body,moderate,intermediate,false,false,false,reps,,lateral_cone_hops,,0.4,0.6,0.4,24,none,bronze,anabolic,,"Movement: Lateral Cone Hops Pattern: MovementPattern.ISOLATION Primary muscle: PrimaryMuscle.ADDUCTORS Primary region: PrimaryRegion.LOWER_BODY Characteristics: compound=False, unilateral=False, complex_lift=False CNS load: CNSLoad.MODERATE Skill level: SkillLevel.INTERMEDIATE Spinal compression: SpinalCompression.NONE Tier: MovementTier.BRONZE Metabolic demand: MetabolicDemand.ANABOLIC Metric type: MetricType.REPS Equipment: other Tags: plyometrics Disciplines: bodybuilding Substitution group: lateral_cone_hops Coaching cues: Position a number of cones in a row several feet apart. | Stand next to the end of the cones, facing 90 degrees to the direction of travel. This will be your starting position. | Begin the jump by dipping with the knees to initiate a stretch reflex, and immediately reverse direction to push off the ground, jumping up and sideways over the cone. | Use your legs to absorb impact upon landing, and rebound into the next jump, continuing down the row of cones."
344,Leg Pull-In,isolation,core,full body,moderate,intermediate,false,false,false,reps,,leg_pull_in,,0.4,0.6,0.4,24,none,bronze,anabolic,,"Movement: Leg Pull-In Pattern: MovementPattern.ISOLATION Primary muscle: PrimaryMuscle.CORE Primary region: PrimaryRegion.FULL_BODY Characteristics: compound=False, unilateral=False, complex_lift=False CNS load: CNSLoad.MODERATE Skill level: SkillLevel.INTERMEDIATE Spinal compression: SpinalCompression.NONE Tier: MovementTier.BRONZE Metabolic demand: MetabolicDemand.ANABOLIC Metric type: MetricType.REPS Equipment: none Tags: strength Disciplines: bodybuilding Substitution group: leg_pull_in Coaching cues: Lie on an exercise mat with your legs extended and your hands either palms facing down next to you or under your glutes. Tip: My preference is with the hands next to me. This will be your starting position. | Bend your knees and pull your upper thighs into your midsection as you breathe out. Continue the motion until your knees are around chest level. Contract your abs as you execute this movement and hold for a second at the top. Tip: As you perform the motion, the lower legs (calves) should always remain parallel to the floor. | Return to the starting position as you inhale. | Repeat for the recommended amount of repetitions."
345,Lower Back Curl,isolation,core,full body,moderate,intermediate,false,false,false,reps,,lower_back_curl,,0.4,0.6,0.4,24,none,bronze,anabolic,,"Movement: Lower Back Curl Pattern: MovementPattern.ISOLATION Primary muscle: PrimaryMuscle.CORE Primary region: PrimaryRegion.FULL_BODY Characteristics: compound=False, unilateral=False, complex_lift=False CNS load: CNSLoad.MODERATE Skill level: SkillLevel.INTERMEDIATE Spinal compression: SpinalCompression.NONE Tier: MovementTier.BRONZE Metabolic demand: MetabolicDemand.ANABOLIC Metric type: MetricType.REPS Equipment: none Tags: stretching Disciplines: bodybuilding Substitution group: lower_back_curl Coaching cues: Lie on your stomach with your arms out to your sides. This will be your starting position. | Using your lower back muscles, extend your spine lifting your chest off of the ground. Do not use your arms to push yourself up. Keep your head up during the movement. Repeat for 10-20 repetitions."
346,Lunge Pass Through,lunge,hamstrings,posterior lower,moderate,intermediate,true,false,false,reps,,lunge_pass_through,,0.6,0.8,0.4,48,none,bronze,anabolic,,"Movement: Lunge Pass Through Pattern: MovementPattern.LUNGE Primary muscle: PrimaryMuscle.HAMSTRINGS Primary region: PrimaryRegion.POSTERIOR_LOWER Characteristics: compound=True, unilateral=False, complex_lift=False CNS load: CNSLoad.MODERATE Skill level: SkillLevel.INTERMEDIATE Spinal compression: SpinalCompression.NONE Tier: MovementTier.BRONZE Metabolic demand: MetabolicDemand.ANABOLIC Metric type: MetricType.REPS Equipment: kettlebell Tags: strength Substitution group: lunge_pass_through Coaching cues: Stand with your torso upright holding a kettlebell in your right hand. This will be your starting position. | Step forward with your left foot and lower your upper body down by flexing the hip and the knee, keeping the torso upright. Lower your back knee until it nearly touches the ground. | As you lunge, pass the kettlebell under your front leg to your opposite hand. | Pressing through the heel of your foot, return to the starting position. | Repeat the movement for the recommended amount of repetitions, alternating legs."
350,Otis-Up,isolation,core,full body,moderate,intermediate,false,false,false,reps,,otis_up,,0.4,0.6,0.4,24,none,bronze,anabolic,,"Movement: Otis-Up Pattern: MovementPattern.ISOLATION Primary muscle: PrimaryMuscle.CORE Primary region: PrimaryRegion.FULL_BODY Characteristics: compound=False, unilateral=False, complex_lift=False CNS load: CNSLoad.MODERATE Skill level: SkillLevel.INTERMEDIATE Spinal compression: SpinalCompression.NONE Tier: MovementTier.BRONZE Metabolic demand: MetabolicDemand.ANABOLIC Metric type: MetricType.REPS Equipment: other Tags: strength Disciplines: bodybuilding Substitution group: otis_up Coaching cues: Secure your feet and lay back on the floor. Your knees should be bent. Hold a weight with both hands to your chest. This will be your starting position. | Initiate the movement by flexing the hips and spine to raise your torso up from the ground. | As you move up, press the weight up so that it is above your head at the top of the movement. | Return the weight to your chest as you reverse the sit-up motion, ensuring not to go all the way down to the floor."
355,Power Stairs,lunge,hamstrings,posterior lower,moderate,intermediate,false,false,false,reps,,power_stairs,,0.4,0.6,0.4,24,none,bronze,anabolic,,"Movement: Power Stairs Pattern: MovementPattern.LUNGE Primary muscle: PrimaryMuscle.HAMSTRINGS Primary region: PrimaryRegion.POSTERIOR_LOWER Characteristics: compound=False, unilateral=False, complex_lift=False CNS load: CNSLoad.MODERATE Skill level: SkillLevel.INTERMEDIATE Spinal compression: SpinalCompression.NONE Tier: MovementTier.BRONZE Metabolic demand: MetabolicDemand.ANABOLIC Metric type: MetricType.REPS Equipment: other Disciplines: strongman, powerlifting Substitution group: power_stairs Coaching cues: In the power stairs, implements are moved up a staircase. For training purposes, these can be performed with a tire or box. | Begin by taking the implement with both hands. Set your feet wide, with your head and chest up. Drive through the ground with your heels, extending your knees and hips to raise the weight from the ground. | As you lean back, attempt to swing the weight onto the stairs, which are usually around 16-18 high. You can use your legs to help push the weight onto the stair. | Repeat for 3-5 repetitions, and continue with a heavier weight, moving as fast as possible."
519,Light Cardio,cardio,full_body,full body,low,beginner,true,false,false,reps,Imported during migration,,,1,1,1,24,low,bronze,anabolic,,"Movement: Light Cardio Pattern: MovementPattern.CARDIO Primary muscle: PrimaryMuscle.FULL_BODY Primary region: PrimaryRegion.FULL_BODY Characteristics: compound=True, unilateral=False, complex_lift=False CNS load: CNSLoad.LOW Skill level: SkillLevel.BEGINNER Spinal compression: SpinalCompression.LOW Tier: MovementTier.BRONZE Metabolic demand: MetabolicDemand.ANABOLIC Metric type: MetricType.REPS Equipment: none Description: Imported during migration"
359,Seated Two-Arm Palms-Up Low-Pulley Wrist Curl,isolation,forearms,anterior upper,moderate,intermediate,false,false,false,reps,,two_arm_palms_up_low_pulley_wrist_curl,,0.4,0.6,0.4,24,none,bronze,anabolic,,"Movement: Seated Two-Arm Palms-Up Low-Pulley Wrist Curl Pattern: MovementPattern.ISOLATION Primary muscle: PrimaryMuscle.FOREARMS Primary region: PrimaryRegion.ANTERIOR_UPPER Characteristics: compound=False, unilateral=False, complex_lift=False CNS load: CNSLoad.MODERATE Skill level: SkillLevel.INTERMEDIATE Spinal compression: SpinalCompression.NONE Tier: MovementTier.BRONZE Metabolic demand: MetabolicDemand.ANABOLIC Metric type: MetricType.REPS Equipment: cable Tags: strength Disciplines: bodybuilding Substitution group: two_arm_palms_up_low_pulley_wrist_curl Coaching cues: Put a bench in front of a low pulley machine that has a barbell or EZ Curl attachment on it. | Move the bench far enough away so that when you bring the handle to the top of your thighs tension is created on the cable due to the weight stack being moved up. | Now hold the handle with both hands, palms up, using a shoulder-width grip. | Step back and sit on the bench with your feet about shoulder width apart, firmly on the floor. | Lean forward and place the forearms on your thighs with the back of your wrists over your knees. This will be your starting position. | Lower the bar as far as possible, while inhaling and keeping a tight grip. | Now curl the bar up as high as possible while contracting the forearms. Tip: Only the wrist should move; not the forearms. | After a second contraction at the top go back to the starting position as you inhale. | Repeat for the recommended amount of repetitions."
360,Side Jackknife,isolation,core,full body,moderate,intermediate,false,false,false,reps,,side_jackknife,,0.4,0.6,0.4,24,none,bronze,anabolic,,"Movement: Side Jackknife Pattern: MovementPattern.ISOLATION Primary muscle: PrimaryMuscle.CORE Primary region: PrimaryRegion.FULL_BODY Characteristics: compound=False, unilateral=False, complex_lift=False CNS load: CNSLoad.MODERATE Skill level: SkillLevel.INTERMEDIATE Spinal compression: SpinalCompression.NONE Tier: MovementTier.BRONZE Metabolic demand: MetabolicDemand.ANABOLIC Metric type: MetricType.REPS Equipment: none Tags: strength Disciplines: bodybuilding Substitution group: side_jackknife"
361,Side Leg Raises,isolation,adductors,lower body,moderate,intermediate,false,false,false,reps,,side_leg_raises,,0.4,0.6,0.4,24,none,bronze,anabolic,,"Movement: Side Leg Raises Pattern: MovementPattern.ISOLATION Primary muscle: PrimaryMuscle.ADDUCTORS Primary region: PrimaryRegion.LOWER_BODY Characteristics: compound=False, unilateral=False, complex_lift=False CNS load: CNSLoad.MODERATE Skill level: SkillLevel.INTERMEDIATE Spinal compression: SpinalCompression.NONE Tier: MovementTier.BRONZE Metabolic demand: MetabolicDemand.ANABOLIC Metric type: MetricType.REPS Equipment: none Tags: stretching Disciplines: bodybuilding Substitution group: side_leg_raises Coaching cues: Stand next to a chair, which you may hold onto as a support. Stand on one leg. This will be your starting position. | Keeping your leg straight, raise it as far out to the side as possible, and swing it back down, allowing it to cross the opposite leg. | Repeat this swinging motion 5-10 times, increasing the range of motion as you do so."
356,Runner's Stretch,mobility,hamstrings,posterior lower,moderate,intermediate,false,false,false,time,,runner_s_stretch,,0.4,0.6,0.4,24,none,bronze,anabolic,,"Movement: Runner's Stretch Pattern: MovementPattern.MOBILITY Primary muscle: PrimaryMuscle.HAMSTRINGS Primary region: PrimaryRegion.POSTERIOR_LOWER Characteristics: compound=False, unilateral=False, complex_lift=False CNS load: CNSLoad.MODERATE Skill level: SkillLevel.INTERMEDIATE Spinal compression: SpinalCompression.NONE Tier: MovementTier.BRONZE Metabolic demand: MetabolicDemand.ANABOLIC Metric type: MetricType.TIME Equipment: none Tags: stretching, mobility Substitution group: runner_s_stretch Coaching cues: It's easiest to get into this stretch if you start standing up, put one leg behind you, and slowly lower your torso down to the floor. | Keep the front heel on the floor (if it lifts up, scoot your other leg further back). | Place your hands on either side of your front leg. To get more out of this stretch, push your butt up toward the ceiling, and then gradually lower it back toward the floor. You'll Stretch the hip flexor of the back leg and the hamstring and buttocks of the front."
383,Double-Unders,plyometric,full_body,full body,moderate,intermediate,true,false,false,reps,,,,0.6,0.8,0.4,48,none,bronze,anabolic,,"Movement: Double-Unders Pattern: MovementPattern.PLYOMETRIC Primary muscle: PrimaryMuscle.FULL_BODY Primary region: PrimaryRegion.FULL_BODY Characteristics: compound=True, unilateral=False, complex_lift=False CNS load: CNSLoad.MODERATE Skill level: SkillLevel.INTERMEDIATE Spinal compression: SpinalCompression.NONE Tier: MovementTier.BRONZE Metabolic demand: MetabolicDemand.ANABOLIC Metric type: MetricType.REPS Disciplines: crossfit"
510,Hammer Curl,isolation,biceps,anterior upper,low,beginner,true,false,false,reps,Imported during migration,,,1,1,1,24,low,bronze,anabolic,,"Movement: Hammer Curl Pattern: MovementPattern.ISOLATION Primary muscle: PrimaryMuscle.BICEPS Primary region: PrimaryRegion.ANTERIOR_UPPER Characteristics: compound=True, unilateral=False, complex_lift=False CNS load: CNSLoad.LOW Skill level: SkillLevel.BEGINNER Spinal compression: SpinalCompression.LOW Tier: MovementTier.BRONZE Metabolic demand: MetabolicDemand.ANABOLIC Metric type: MetricType.REPS Equipment: dumbbell Description: Imported during migration"
363,Speed Band Overhead Triceps,isolation,triceps,posterior upper,moderate,intermediate,false,false,false,reps,,speed_overhead_triceps,,0.4,0.6,0.4,24,none,bronze,anabolic,,"Movement: Speed Band Overhead Triceps Pattern: MovementPattern.ISOLATION Primary muscle: PrimaryMuscle.TRICEPS Primary region: PrimaryRegion.POSTERIOR_UPPER Characteristics: compound=False, unilateral=False, complex_lift=False CNS load: CNSLoad.MODERATE Skill level: SkillLevel.INTERMEDIATE Spinal compression: SpinalCompression.NONE Tier: MovementTier.BRONZE Metabolic demand: MetabolicDemand.ANABOLIC Metric type: MetricType.REPS Equipment: band Tags: strength Disciplines: bodybuilding Substitution group: speed_overhead_triceps Coaching cues: For this exercise anchor a band to the ground. We used an incline bench and anchored the band to the base, standing over the bench. Alternatively, this could be performed standing on the band. | To begin, pull the band behind your head, holding it with a pronated grip and your elbows up. This will be your starting position. | To perform the movement, extend through the elbow to to straighten your arms, ensuring that you keep your upper arm in place. | Pause, and then return to the starting position."
520,Easy Cardio,cardio,full_body,full body,low,beginner,true,false,false,reps,Imported during migration,,,1,1,1,24,low,bronze,anabolic,,"Movement: Easy Cardio Pattern: MovementPattern.CARDIO Primary muscle: PrimaryMuscle.FULL_BODY Primary region: PrimaryRegion.FULL_BODY Characteristics: compound=True, unilateral=False, complex_lift=False CNS load: CNSLoad.LOW Skill level: SkillLevel.BEGINNER Spinal compression: SpinalCompression.LOW Tier: MovementTier.BRONZE Metabolic demand: MetabolicDemand.ANABOLIC Metric type: MetricType.REPS Equipment: none Description: Imported during migration"
366,Step-up with Knee Raise,isolation,glutes,posterior lower,moderate,intermediate,false,false,false,reps,,step_up_with_knee_raise,,0.4,0.6,0.4,24,none,bronze,anabolic,,"Movement: Step-up with Knee Raise Pattern: MovementPattern.ISOLATION Primary muscle: PrimaryMuscle.GLUTES Primary region: PrimaryRegion.POSTERIOR_LOWER Characteristics: compound=False, unilateral=False, complex_lift=False CNS load: CNSLoad.MODERATE Skill level: SkillLevel.INTERMEDIATE Spinal compression: SpinalCompression.NONE Tier: MovementTier.BRONZE Metabolic demand: MetabolicDemand.ANABOLIC Metric type: MetricType.REPS Equipment: none Tags: strength Disciplines: bodybuilding Substitution group: step_up_with_knee_raise Coaching cues: Stand facing a box or bench of an appropriate height with your feet together. This will be your starting position. | Begin the movement by stepping up, putting your left foot on the top of the bench. Extend through the hip and knee of your front leg to stand up on the box. As you stand on the box with your left leg, flex your right knee and hip, bringing your knee as high as you can. | Reverse this motion to step down off the box, and then repeat the sequence on the opposite leg."
367,Straight Bar Bench Mid Rows,horizontal_push,full_body,full body,moderate,intermediate,true,false,false,time,,straight_bar_bench_mid_rows,,0.6,0.8,0.4,48,none,bronze,anabolic,,"Movement: Straight Bar Bench Mid Rows Pattern: MovementPattern.HORIZONTAL_PUSH Primary muscle: PrimaryMuscle.FULL_BODY Primary region: PrimaryRegion.FULL_BODY Characteristics: compound=True, unilateral=False, complex_lift=False CNS load: CNSLoad.MODERATE Skill level: SkillLevel.INTERMEDIATE Spinal compression: SpinalCompression.NONE Tier: MovementTier.BRONZE Metabolic demand: MetabolicDemand.ANABOLIC Metric type: MetricType.TIME Equipment: barbell Tags: strength Substitution group: straight_bar_bench_mid_rows Coaching cues: Place a loaded barbell on the end of a bench. Standing on the bench behind the bar, take a medium, pronated grip. Stand with your hips back and chest up, maintaining a neutral spine. This will be your starting position. | Row the bar to your torso by retracting the shoulder blades and flexing the elbows. Use a controlled movement with no jerking. | After a brief pause, slowly return the bar to the starting position, ensuring to go all the way down."
365,Standing Elevated Quad Stretch,mobility,quadriceps,anterior lower,moderate,intermediate,false,false,false,reps,,elevated_quad_stretch,,0.4,0.6,0.4,24,none,bronze,anabolic,,"Movement: Standing Elevated Quad Stretch Pattern: MovementPattern.MOBILITY Primary muscle: PrimaryMuscle.QUADRICEPS Primary region: PrimaryRegion.ANTERIOR_LOWER Characteristics: compound=False, unilateral=False, complex_lift=False CNS load: CNSLoad.MODERATE Skill level: SkillLevel.INTERMEDIATE Spinal compression: SpinalCompression.NONE Tier: MovementTier.BRONZE Metabolic demand: MetabolicDemand.ANABOLIC Metric type: MetricType.REPS Equipment: other Tags: stretching, mobility Substitution group: elevated_quad_stretch Coaching cues: Start by standing with your back about two to three feet away from a bench or step. | Lift one leg behind you and rest your foot on the step,either on your instep or the ball of your foot, whichever you find most comfortable. | Keep your supporting knee slightly bent and avoid letting that knee extend out beyond your toes. Switch sides."
484,Clean And Jerks,hinge,hamstrings,posterior lower,moderate,intermediate,true,false,false,reps,,,,0.6,0.8,0.4,48,none,bronze,anabolic,,"Movement: Clean And Jerks Pattern: MovementPattern.HINGE Primary muscle: PrimaryMuscle.HAMSTRINGS Primary region: PrimaryRegion.POSTERIOR_LOWER Characteristics: compound=True, unilateral=False, complex_lift=False CNS load: CNSLoad.MODERATE Skill level: SkillLevel.INTERMEDIATE Spinal compression: SpinalCompression.NONE Tier: MovementTier.BRONZE Metabolic demand: MetabolicDemand.ANABOLIC Metric type: MetricType.REPS Disciplines: crossfit"
488,Handstand Walk,vertical_push,front_delts,upper body,moderate,intermediate,true,false,false,reps,,,,0.6,0.8,0.4,48,none,bronze,anabolic,,"Movement: Handstand Walk Pattern: MovementPattern.VERTICAL_PUSH Primary muscle: PrimaryMuscle.FRONT_DELTS Primary region: PrimaryRegion.UPPER_BODY Characteristics: compound=True, unilateral=False, complex_lift=False CNS load: CNSLoad.MODERATE Skill level: SkillLevel.INTERMEDIATE Spinal compression: SpinalCompression.NONE Tier: MovementTier.BRONZE Metabolic demand: MetabolicDemand.ANABOLIC Metric type: MetricType.REPS Disciplines: crossfit"
491,Kettlebell Goblet Squats,squat,quadriceps,lower body,moderate,intermediate,true,false,false,reps,,,,0.6,0.8,0.4,48,none,bronze,anabolic,,"Movement: Kettlebell Goblet Squats Pattern: MovementPattern.SQUAT Primary muscle: PrimaryMuscle.QUADRICEPS Primary region: PrimaryRegion.LOWER_BODY Characteristics: compound=True, unilateral=False, complex_lift=False CNS load: CNSLoad.MODERATE Skill level: SkillLevel.INTERMEDIATE Spinal compression: SpinalCompression.NONE Tier: MovementTier.BRONZE Metabolic demand: MetabolicDemand.ANABOLIC Metric type: MetricType.REPS Disciplines: crossfit"
454,Russian Kettlebell Swings,conditioning,full_body,full body,moderate,intermediate,true,false,false,reps,,,,0.6,0.8,0.4,48,none,bronze,anabolic,,"Movement: Russian Kettlebell Swings Pattern: MovementPattern.CONDITIONING Primary muscle: PrimaryMuscle.FULL_BODY Primary region: PrimaryRegion.FULL_BODY Characteristics: compound=True, unilateral=False, complex_lift=False CNS load: CNSLoad.MODERATE Skill level: SkillLevel.INTERMEDIATE Spinal compression: SpinalCompression.NONE Tier: MovementTier.BRONZE Metabolic demand: MetabolicDemand.ANABOLIC Metric type: MetricType.REPS Disciplines: crossfit"
485,Dumbbell Farmers Carry,conditioning,full_body,full body,moderate,intermediate,true,false,false,reps,,,,0.6,0.8,0.4,48,none,bronze,anabolic,,"Movement: Dumbbell Farmers Carry Pattern: MovementPattern.CONDITIONING Primary muscle: PrimaryMuscle.FULL_BODY Primary region: PrimaryRegion.FULL_BODY Characteristics: compound=True, unilateral=False, complex_lift=False CNS load: CNSLoad.MODERATE Skill level: SkillLevel.INTERMEDIATE Spinal compression: SpinalCompression.NONE Tier: MovementTier.BRONZE Metabolic demand: MetabolicDemand.ANABOLIC Metric type: MetricType.REPS Disciplines: crossfit"
508,Close-Grip Bench Press,horizontal_push,triceps,upper body,moderate,intermediate,true,false,false,reps,Imported during migration,,,1,1,1,24,low,bronze,anabolic,,"Movement: Close-Grip Bench Press Pattern: MovementPattern.HORIZONTAL_PUSH Primary muscle: PrimaryMuscle.TRICEPS Primary region: PrimaryRegion.UPPER_BODY Characteristics: compound=True, unilateral=False, complex_lift=False CNS load: CNSLoad.MODERATE Skill level: SkillLevel.INTERMEDIATE Spinal compression: SpinalCompression.LOW Tier: MovementTier.BRONZE Metabolic demand: MetabolicDemand.ANABOLIC Metric type: MetricType.REPS Equipment: barbell Description: Imported during migration"
514,"Rowing, Stationary",cardio,full_body,full body,moderate,beginner,true,false,false,reps,Imported during migration,,,1,1,1,24,low,bronze,anabolic,,"Movement: Rowing, Stationary Pattern: MovementPattern.CARDIO Primary muscle: PrimaryMuscle.FULL_BODY Primary region: PrimaryRegion.FULL_BODY Characteristics: compound=True, unilateral=False, complex_lift=False CNS load: CNSLoad.MODERATE Skill level: SkillLevel.BEGINNER Spinal compression: SpinalCompression.LOW Tier: MovementTier.BRONZE Metabolic demand: MetabolicDemand.ANABOLIC Metric type: MetricType.REPS Equipment: machine Description: Imported during migration"
