"id","movement_id","cue_text","order"
7349,256,Repeat for the desired number of repetitions.,4
6589,72,Lie on the floor with the knees bent and the feet on the floor around 18-24 inches apart. Your arms should be extended by your side. This will be your starting position.,0
6590,72,Crunch over your torso forward and up about 3-4 inches to the right side and touch your right heel as you hold the contraction for a second. Exhale while performing this movement.,1
6591,72,Now go back slowly to the starting position as you inhale.,2
6592,72,"Now crunch over your torso forward and up around 3-4 inches to the left side and touch your left heel as you hold the contraction for a second. Exhale while performing this movement and then go back to the starting position as you inhale. Now that both heels have been touched, that is considered 1 repetition.",3
6593,72,Continue alternating sides in this manner until all prescribed repetitions are done.,4
6594,264,"To begin, step onto the treadmill and select the desired option from the menu. Most treadmills have a manual setting, or you can select a program to run. Typically, you can enter your age and weight to estimate the amount of calories burned during exercise. Elevation can be adjusted to change the intensity of the workout.",0
6595,264,"Treadmills offer convenience, cardiovascular benefits, and usually have less impact than running outside. A 150 lb person will burn over 450 calories running 8 miles per hour for 30 minutes. Maintain proper posture as you run, and only hold onto the handles when necessary, such as when dismounting or checking your heart rate.",1
6596,75,Begin seated on the ground with your legs bent and your feet on the floor.,0
6597,75,"Using a Muscle Roller or a rolling pin, apply pressure to the muscles on the outside of your shins. Work from just below the knee to above the ankle, pausing at points of tension for 10-30 seconds. Repeat on the other leg.",1
6598,76,Stand up and extend your arms straight out by the sides. The arms should be parallel to the floor and perpendicular (90-degree angle) to your torso. This will be your starting position.,0
6599,76,Slowly start to make circles of about 1 foot in diameter with each outstretched arm. Breathe normally as you perform the movement.,1
6600,76,"Continue the circular motion of the outstretched arms for about ten seconds. Then reverse the movement, going the opposite direction.",2
6601,123,"Get on your hands and knees, walk your hands in front of you.",0
6602,123,Lower your buttocks down to sit on your heels. Let your arms drag along the floor as you sit back to stretch your entire spine.,1
6603,123,"Once you settle onto your heels, bring your hands next to your feet and relax. breathe into your back. Rest your forehead on the floor. Avoid this position if you have knee problems.",2
6604,227,Start off by lying on the floor.,0
6605,227,Extend one leg straight and pull the other knee to your chest. Hold under the knee joint to protect the kneecap.,1
6606,227,Gently tug that knee toward your nose.,2
6607,227,Switch sides. This stretches the buttocks and lower back of the bent leg and the hip flexor of the straight leg.,3
6608,228,"Lie down with your feet on the floor, heels directly under your knees.",0
6609,228,Lift only your tailbone to the ceiling to stretch your lower back. (Don't lift the entire spine yet.) Pull in your stomach.,1
6610,228,"To go into a bridge, lift the entire spine except the neck.",2
6611,229,"Lay on your side, supporting your weight on your forearm and on a foam roller placed on the outside of your lower leg. Your upper leg can either be on top of your lower leg, or you can cross it in front of you. This will be your starting position.",0
6612,229,"Raise your hips off of the ground and begin to roll from below the knee to above the ankle on the side of your leg, pausing at points of tension for 10-30 seconds. Repeat on the other leg.",1
6613,231,"Sit with your buttocks on top of a foam roll. Bend your knees, and then cross one leg so that the ankle is over the knee. This will be your starting position.",0
6614,231,"Shift your weight to the side of the crossed leg, rolling over the buttocks until you feel tension in your upper glute. You may assist the stretch by using one hand to pull the bent knee towards your chest. Hold this position for 10-30 seconds, and then switch sides.",1
6615,245,"Lay facedown on the floor with your weight supported by your hands or forearms. Place a foam roll underneath one leg on the quadriceps, and keep the foot off of the ground. Make sure to relax the leg as much as possible. This will be your starting position.",0
6616,245,"Shifting as much weight onto the leg to be stretched as is tolerable, roll over the foam from above the knee to below the hip, holding points of tension for 10-30 seconds. Switch sides.",1
6617,259,"Lay down with your back on the floor. Place a foam roll underneath your upper back, and cross your arms in front of you, protracting your shoulders. This will be your starting position.",0
6618,259,"Raise your hips off of the ground, placing your weight onto the foam roll. Shift your weight to one side at a time, rolling over your middle and upper back. Pause at points of tension for 10-30 seconds.",1
6619,269,Sit on the floor with your knees bent and your partner standing behind you. Extend your arms straight behind you with your palms facing each other. Your partner will hold your wrists for you. This will be the starting position.,0
6620,269,"Attempt to flex your elbows, while your partner prevents any actual movement.",1
6621,269,"After 10-20 seconds, relax your arms while your partner gently pulls your wrists up to stretch your biceps. Be sure to let your partner know when the stretch is appropriate to prevent injury or overstretching.",2
6622,270,"In a seated position with your knees bent, cross one ankle over the opposite knee. Your partner will stand behind you. Now, lean forward as your partner braces your shoulders with their hands. This will be your starting position.",0
6623,270,"Attempt to push your torso back for 10-20 seconds, as your partner prevents any actual movement of your torso.",1
6624,270,Now relax your muscles as your partner increases the stretch by gently pushing your torso forward for 10-20 seconds.,2
6625,271,"In a seated position with your legs extended, have your partner stand behind you. Now, lean forward as your partner braces your shoulders with their hands. This will be your starting position.",0
6626,271,"Attempt to push your torso back for 10-20 seconds, as your partner prevents any actual movement of your torso.",1
6627,271,Now relax your muscles as your partner increases the stretch by gently pushing your torso forward for 10-20 seconds.,2
6628,294,Stand with some space in front and behind you.,0
6629,294,"Bend at the waist, keeping your legs straight, until you can relax and let your upper body hang down in front of you. Let your arms and hands hang down naturally. Hold for 10 to 20 seconds.",1
6630,216,"Lie flat on the floor with your lower back pressed to the ground. For this exercise, you will need to put one hand beside your head and the other to the side against the floor.",0
6631,216,Make sure your feet are elevated and resting on a flat surface.,1
6632,216,Now lift the shoulder in which your hand is touching your head.,2
6633,216,"Simply elevate your shoulder and body upward until you touch your knee. For example, if you have your right hand besides your head, then you want to elevate your body upwards until your right elbow touches your left knee. The same variation can be applied doing the inverse and using your left elbow to touch your right knee.",3
6634,216,"After your knee touches your elbow, lower your body until you have reached the starting position.",4
6635,216,Remember to breathe in during the eccentric (lowering) part of the exercise and to breathe out during the concentric (upward) part of the exercise.,5
6636,216,Continue alternating in this manner until all of the recommended repetitions for each side have been completed.,6
6637,217,Start out by lying on your right side with your legs lying on top of each other. Make sure your knees are bent a little bit.,0
6638,217,Place your left hand behind your head.,1
6639,217,"Once you are in this set position, begin by moving your left elbow up as you would perform a normal crunch except this time the main emphasis is on your obliques.",2
6640,217,"Crunch as high as you can, hold the contraction for a second and then slowly drop back down into the starting position.",3
6641,217,Remember to breathe in during the eccentric (lowering) part of the exercise and to breathe out during the concentric (elevation) part of the exercise.,4
6642,297,"To begin, stand straight with your feet shoulder width apart from each other. Place your hands on your hips. This is the starting position.",0
6643,297,Now slowly inhale as much air as possible and then start to exhale as much as possible while bringing your stomach in as much as possible and hold this position. Try to visualize your navel touching your backbone.,1
6644,297,"One isometric contraction is around 20 seconds. During the 20 second hold, try to breathe normally. Then inhale and bring your stomach back to the starting position.",2
6645,297,"Once you have practiced this exercise, try to perform this exercise for longer than 20 seconds. Tip: You can work your way up to 40-60 seconds.",3
6646,297,Repeat for the recommended amount of sets.,4
6647,299,"To begin, lie straight and face down on the floor or exercise mat. Your arms should be fully extended in front of you. This is the starting position.",0
6648,299,"Simultaneously raise your arms, legs, and chest off of the floor and hold this contraction for 2 seconds. Tip: Squeeze your lower back to get the best results from this exercise. Remember to exhale during this movement. Note: When holding the contracted position, you should look like superman when he is flying.",1
6649,299,"Slowly begin to lower your arms, legs and chest back down to the starting position while inhaling.",2
6650,299,Repeat for the recommended amount of repetitions prescribed in your program.,3
6651,305,"Begin in a seated, upright position. Start by extending your legs in front of you in a V.",0
6652,305,"With your hands on the floor, lean forward as far as possible. Hold for 10 to 20 seconds.",1
6653,309,"To begin, lie down on the floor or an exercise mat with your back pressed against the floor. Your arms should be lying across your sides with the palms facing down.",0
6654,309,Your legs should be touching each other. Slowly elevate your legs up in the air until they are almost perpendicular to the floor with a slight bend at the knees. Your feet should be parallel to the floor.,1
6655,309,Move your arms so that they are fully extended at a 45 degree angle from the floor. This is the starting position.,2
6656,309,"While keeping your lower back pressed against the floor, slowly lift your torso and use your hands to try and touch your toes. Remember to exhale while perform this part of the exercise.",3
6657,309,Slowly begin to lower your torso and arms back down to the starting position while inhaling. Remember to keep your arms straight out pointing towards your toes.,4
6658,309,Repeat for the recommended amount of repetitions.,5
6659,318,Lie on your back with your arms extended out to the sides and your legs straight. This will be your starting position.,0
6660,318,"Lift one leg and quickly cross it over your body, attempting to touch the ground near the opposite hand.",1
6661,318,"Return to the starting position, and repeat with the opposite leg. Continue to alternate for 10-20 repetitions.",2
6662,319,Start by standing straight with your feet being shoulder width apart from each other. Elevate your arms to the side of you until they are fully extended and parallel to the floor at a height that is evenly aligned with your shoulders. Tip: Your torso and arms should form the letter T: Your palms should be facing down. This is the starting position.,0
6789,85,"Extend as far as possible, then reverse the motion to return to the starting position.",2
6663,319,"Keeping your entire body stationary except for the wrists, begin to rotate both wrists forward in a circular motion. Tip: Pretend that you are trying to draw circles by using your hands as the brush. Breathe normally as you perform this exercise.",1
6664,319,Repeat for the recommended amount of repetitions.,2
6665,324,"Start off on your hands and knees, then lift your leg off the floor and hold the foot with your hand.",0
6666,324,"Use your hand to hold the foot or ankle, keeping the knee fully flexed, stretching the quadriceps and hip flexors.",1
6667,324,"Focus on extending your hips, thrusting them towards the floor. Hold for 10-20 seconds and then switch sides.",2
6668,330,Sit upright in a chair and grip the seat on the sides.,0
6669,330,"Raise one leg, extending the knee, flexing the ankle as you do so.",1
6670,330,"Slowly move that leg outward as far as you can, and then back to the center and down.",2
6671,330,Repeat for your other leg.,3
6672,332,"Sit on the edge of a chair, gripping the back of it.",0
6673,332,"Straighten your arms, keeping your back straight, and pull your upper body forward so you feel a stretch. Hold for 20-30 seconds.",1
6674,334,Stand with your feet shoulder width apart. This will be your starting position.,0
6675,334,"Keeping your arms straight, swing them straight up in front of you 5-10 times, increasing the range of motion each time until your arms are above your head.",1
6676,335,Stand up straight.,0
6677,335,"Place both hands on your lower back, fingers pointing downward and elbows out.",1
6678,335,Then gently pull your elbows back aiming to touch them together.,2
6679,339,"Lie on your back with your legs extended. Loop a belt, rope, or band around one of your feet, and swing that leg as far to the side as you can. This will be your starting position.",0
6680,339,"Pull gently on the belt to create tension in your groin and hamstring muscles. Hold for 10-20 seconds, and repeat on the other side.",1
6681,348,"Lie on a flat bench or step, and hang one leg and arm over the side.",0
6682,348,"Bend the knee and hold the top of the foot. As you do this, be careful not to arch your lower back.",1
6683,348,"Pull the belly button to the spine to stay in neutral. Press your foot down and into your hand. To add the hip stretch, lift the hip of the leg you're holding up toward the ceiling.",2
6684,348,Switch sides.,3
6685,349,"Start off by lying on your right side, with your right knee bent at a 90-degree angle resting on the floor in front of you (this stabilizes the torso).",0
6686,349,"Bend your left knee behind you and hold your left foot with your left hand. To stretch your hip flexor, press your left hip forward as you push your left foot back into your hand. Switch sides.",1
6687,358,"Sit upright on the floor with your legs bent, your partner standing behind you. Stick your arms straight out to your sides, with your palms facing the ground. Attempt to move them as far behind you as possible, as your assistant holds your wrists. This will be your starting position.",0
6688,358,"Keeping your elbows straight, attempt to move your arms to the front, with your partner gently restraining you to prevent any actual movement for 10-20 seconds.",1
6689,358,"Now, relax your muscles and allow your partner to gently increase the stretch on the shoulders and chest. Hold for 10 to 20 seconds.",2
6690,369,"While seated, bend forward to hug your thighs from underneath with both arms.",0
6691,369,Keep your knees together and your legs extended out as you bring your chest down to your knees. You can also stretch your middle back by pulling your back away from your knees as your hugging them.,1
6692,370,"Clasp fingers together with your thumbs pointing down, round your shoulders as you reach your hands forward.",0
6693,371,"This is a three-part stretch. Begin by lunging forward, with your front foot flat on the ground and on the toes of your back foot. With your knees bent, squat down until your knee is almost touching the ground. Keep your torso erect, and hold this position for 10-20 seconds.",0
6694,371,"Now, place the arm on the same side as your front leg on the ground, with the elbow next to the foot. Your other hand should be placed on the ground, parallel to your lead leg, to help support you during this portion of the stretch.",1
6695,371,"After 10-20 seconds, place your hands on either side of your front foot. Raise the toes of the front foot off of the ground, and straighten your leg. You may need to reposition your rear leg to do so. Hold for 10-20 seconds, and then repeat the entire sequence for the other side.",2
6696,235,"Place a kettlebell on the floor. Place yourself in a pushup position, on your toes with one hand on the ground and one hand holding the kettlebell, with your elbows extended. This will be your starting position.",0
6697,235,"Begin by lowering yourself as low as you can, keeping your back straight.",1
6698,235,"Quickly and forcefully reverse direction, pushing yourself up to the other side of the kettlebell, switching hands as you do so. Continue the movement by descending and repeating the movement back and forth.",2
6699,262,"Hold an end of the rope in each hand. Position the rope behind you on the ground. Raise your arms up and turn the rope over your head bringing it down in front of you. When it reaches the ground, jump over it. Find a good turning pace that can be maintained. Different speeds and techniques can be used to introduce variation.",0
6700,262,"Rope jumping is exciting, challenges your coordination, and requires a lot of energy. A 150 lb person will burn about 350 calories jumping rope for 30 minutes, compared to over 450 calories running.",1
6701,341,"Begin in a comfortable standing position with your knees slightly bent. Hold your hands in front of you, palms down with your fingertips together at chest height. This will be your starting position.",0
6702,341,"Rapidly dip down into a quarter squat and immediately explode upward. Drive the knees towards the chest, attempting to touch them to the palms of the hands.",1
6703,341,"Jump as high as you can, raising your knees up, and then ensure a good land be re-extending your legs, absorbing impact through be allowing the knees to rebend.",2
6704,152,"To begin, step onto the elliptical and select the desired option from the menu. Most ellipticals have a manual setting, or you can select a program to run. Typically, you can enter your age and weight to estimate the amount of calories burned during exercise. Elevation can be adjusted to change the intensity of the workout.",0
6705,152,The handles can be used to monitor your heart rate to help you stay at an appropriate intensity.,1
6706,180,"To begin, step onto the treadmill and select the desired option from the menu. Most treadmills have a manual setting, or you can select a program to run. Typically, you can enter your age and weight to estimate the amount of calories burned during exercise. Elevation can be adjusted to change the intensity of the workout.",0
6707,180,"Treadmills offer convenience, cardiovascular benefits, and usually have less impact than jogging outside. A 150 lb person will burn almost 250 calories jogging for 30 minutes, compared to more than 450 calories running. Maintain proper posture as you jog, and only hold onto the handles when necessary, such as when dismounting or checking your heart rate.",1
6708,289,"To begin, step onto the stairmaster and select the desired option from the menu. You can choose a manual setting, or you can select a program to run. Typically, you can enter your age and weight to estimate the amount of calories burned during exercise.",0
6709,289,"Pump your legs up and down in an established rhythm, driving the pedals down but not all the way to the floor. It is recommended that you maintain your grip on the handles so that you don fall. The handles can be used to monitor your heart rate to help you stay at an appropriate intensity.",1
7014,154,"Skip by executing a step-hop pattern of right-right-step to left-left-step, and so on, alternating back and forth.",1
6710,289,"Stairmasters offer convenience, cardiovascular benefits, and usually have less impact than running outside. They are typically much harder than other cardio equipment. A 150 lb person will typically burn over 300 calories in 30 minutes, compared to about 175 calories walking.",2
6711,296,"To begin, step onto the stepmill and select the desired option from the menu. You can choose a manual setting, or you can select a program to run. Typically, you can enter your age and weight to estimate the amount of calories burned during exercise. Use caution so that you don trip as you climb the stairs. It is recommended that you maintain your grip on the handles so that you don fall.",0
6712,296,"Stepmills offer convenience, cardiovascular benefits, and usually have less impact than running outside while offering a similar rate of calories burned. They are typically much harder than other cardio equipment. A 150 lb person will typically burn over 300 calories in 30 minutes, compared to about 175 calories walking.",1
6713,101,Lie flat on the floor on your back with the hands by your side and your knees bent. Your feet should be placed around shoulder width. This will be your starting position.,0
6714,101,"Pushing mainly with your heels, lift your hips off the floor while keeping your back straight. Breathe out as you perform this part of the motion and hold at the top for a second.",1
6715,101,Slowly go back to the starting position as you breathe in.,2
6716,103,Kneel below a high pulley that contains a rope attachment.,0
6717,103,Grasp cable rope attachment and lower the rope until your hands are placed next to your face.,1
6718,103,Flex your hips slightly and allow the weight to hyperextend the lower back. This will be your starting position.,2
6719,103,"With the hips stationary, flex the waist as you contract the abs so that the elbows travel towards the middle of the thighs. Exhale as you perform this portion of the movement and hold the contraction for a second.",3
6720,103,"Slowly return to the starting position as you inhale. Tip: Make sure that you keep constant tension on the abs throughout the movement. Also, do not choose a weight so heavy that the lower back handles the brunt of the work.",4
6721,103,Repeat for the recommended amount of repetitions.,5
6722,104,Move the cables to the bottom of the towers and select an appropriate weight. Stand directly in between the uprights.,0
6723,104,"To begin, squat down be flexing your hips and knees until you can reach the handles.",1
6724,104,"After grasping them, begin your ascent. Driving through your heels extend your hips and knees keeping your hands hanging at your side. Keep your head and chest up throughout the movement.",2
6725,104,"After reaching a full standing position, Return to the starting position and repeat.",3
6726,109,Connect an ankle strap attachment to a low pulley cable and position a mat on the floor in front of it.,0
6727,109,Sit down with your feet toward the pulley and attach the cable to your ankles.,1
6728,109,"Lie down, elevate your legs and bend your knees at a 90-degree angle. Your legs and the cable should be aligned. If not, adjust the pulley up or down until they are.",2
6729,109,"With your hands behind your head, bring your knees inward to your torso and elevate your hips off the floor.",3
6730,109,Pause for a moment and in a slow and controlled manner drop your hips and bring your legs back to the starting 90-degree angle. You should still have tension on your abs in the resting position.,4
6731,109,Repeat the same movement to failure.,5
6732,127,"With the weight loaded, take a zurcher hold on the end of the implement. Place the bar in the crook of the elbow and hold onto your wrist. Try to keep the weight off of the forearms.",0
6733,127,"Begin by lifting the weight from the ground. Keep a tight, upright posture as you being to walk, taking short, fast steps. Look up and away as you turn in a circle. Do not hold your breath during the event. Continue walking until you complete one or more complete turns.",1
6734,69,Lie on your back with your feet raised towards the ceiling.,0
6735,69,Have your partner hold your feet or ankles. Abduct your legs as far as you can. This will be your starting position.,1
6736,69,"Attempt to squeeze your legs together for 10 or more seconds, while your partner prevents you from doing so.",2
6737,69,"Now, relax the muscles in your legs as your partner pushes your feet apart, stretching as far as is comfortable for you. Be sure to let your partner know when the stretch is adequate to prevent overstretching or injury.",3
6738,67,Select a light resistance and sit down on the ab machine placing your feet under the pads provided and grabbing the top handles. Your arms should be bent at a 90 degree angle as you rest the triceps on the pads provided. This will be your starting position.,0
6739,67,"At the same time, begin to lift the legs up as you crunch your upper torso. Breathe out as you perform this movement. Tip: Be sure to use a slow and controlled motion. Concentrate on using your abs to move the weight while relaxing your legs and feet.",1
6740,67,"After a second pause, slowly return to the starting position as you breathe in.",2
6741,67,Repeat the movement for the prescribed amount of repetitions.,3
6742,70,Clean and press a kettlebell overhead with one arm.,0
6788,85,"Begin the movement by driving through with your heels, extending your hips vertically through the bar. Your weight should be supported by your upper back and the heels of your feet.",1
6743,70,"Keeping the kettlebell locked out at all times, push your butt out in the direction of the locked out kettlebell. Keep the non-working arm behind your back and turn your feet out at a forty-five degree angle from the arm with the kettlebell.",1
6744,70,Lower yourself as far as possible.,2
6745,70,Pause for a second and reverse the motion back to the starting position.,3
6746,71,"Lie flat on the floor with your lower back pressed to the ground. For this exercise, you will need to put your hands beside your head. Be careful however to not strain with the neck as you perform it. Now lift your shoulders into the crunch position.",0
6747,71,"Bring knees up to where they are perpendicular to the floor, with your lower legs parallel to the floor. This will be your starting position.",1
6748,71,"Now simultaneously, slowly go through a cycle pedal motion kicking forward with the right leg and bringing in the knee of the left leg. Bring your right elbow close to your left knee by crunching to the side, as you breathe out.",2
6749,71,Go back to the initial position as you breathe in.,3
6750,71,Crunch to the opposite side as you cycle your legs and bring closer your left elbow to your right knee and exhale.,4
6751,71,Continue alternating in this manner until all of the recommended repetitions for each side have been completed.,5
6752,73,Use a sturdy object like a squat rack to hold yourself.,0
6753,73,Lift the right leg in the air (just around 2 inches from the floor) and perform a circular motion with the big toe. Pretend that you are drawing a big circle with it. Tip: One circle equals 1 repetition. Breathe normally as you perform the movement.,1
6754,73,"When you are done with the right foot, then repeat with the left leg.",2
6755,77,"Lay down on a flat bench holding a dumbbell in each hand with the palms of the hands facing towards the ceiling. Tip: Your arms should be parallel to the floor and next to your thighs. To avoid injury, make sure that you keep your elbows slightly bent. This will be your starting position.",0
6756,77,Now move the dumbbells by creating a semi-circle as you displace them from the initial position to over the head. All of the movement should happen with the arms parallel to the floor at all times. Breathe in as you perform this portion of the movement.,1
6757,77,Reverse the movement to return the weight to the starting position as you exhale.,2
6758,78,"This trainer is effective for developing Atlas Stone strength for those who don't have access to stones, and are typically made from bar ends or heavy pipe.",0
6759,78,"Begin by loading the desired weight onto the bar. Straddle the weight, wrapping your arms around the implement, bending at the hips.",1
6760,78,"Begin by pulling the weight up past the knees, extending through the hips. As the weight clears the knees, it can be lapped by resting it on your thighs and sitting back, hugging it tightly to your chest.",2
6761,78,Finish the movement by extending through your hips and knees to raise the weight as high as possible. The weight can be returned to the lap or to the ground for successive repetitions.,3
6762,79,"Begin with the atlas stone between your feet. Bend at the hips to wrap your arms vertically around the Atlas Stone, attempting to get your fingers underneath the stone. Many stones will have a small flat portion on the bottom, which will make the stone easier to hold.",0
6763,79,"Pulling the stone into your torso, drive through the back half of your feet to pull the stone from the ground.",1
6764,79,"As the stone passes the knees, lap it by sitting backward, pulling the stone on top of your thighs.",2
6765,79,"Sit low, getting the stone high onto your chest as you change your grip to reach over the stone. Stand, driving through with your hips. Close distance to the loading platform, and lean back, extending the hips to get the stone as high as possible.",3
6766,74,"From a lying position, bend your knees and keep your feet on the floor.",0
6767,74,Place your ankle of one foot on your opposite knee.,1
6768,74,Grasp the thigh or knee of the bottom leg and pull both of your legs into the chest. Relax your neck and shoulders. Hold for 10-20 seconds and then switch sides.,2
6769,80,Run a band around a stationary post like that of a squat rack.,0
6770,80,Grab the band by the handles and stand back so that the tension in the band rises.,1
6771,80,Extend and lift the arms straight in front of you. Tip: Your arms should be straight and parallel to the floor while perpendicular to your torso. Your feet should be firmly planted on the floor spread at shoulder width. This will be your starting position.,2
6772,80,"As you exhale, move your arms to the sides and back. Keep your arms extended and parallel to the floor. Continue the movement until the arms are extended to your sides.",3
6773,80,"After a pause, go back to the original position as you inhale.",4
6774,80,Repeat for the recommended amount of repetitions.,5
6775,81,"Load a sled with the desired weight, attaching a rope or straps to the sled that you can hold onto.",0
6776,81,"Begin the exercise by moving backwards for a given distance. Leaning back, extend through the legs for short steps to move as quickly as possible.",1
6777,82,Place a balance board in front of you.,0
6778,82,Stand up on it and try to balance yourself.,1
6779,82,Hold the balance for as long as desired.,2
6780,83,Secure a band to the base of a rack or the bench. Lay on the bench so that the band is lined up with your head.,0
6781,83,"Take hold of the band, raising your elbows so that the upper arm is perpendicular to the floor. With the elbow flexed, the band should be above your head. This will be your starting position.",1
6782,83,"Extend through the elbow to straighten your arm, keeping your upper arm in place. Pause at the top of the motion, and return to the starting position.",2
6783,84,Hold the dumbbells and lay down on a flat bench in such a way that around 1/4 of your head is over the edge.,0
6784,84,Stretch your arms with the weights and bend them so that the dumbbells are lowered (make sure they don't touch each other).,1
6785,84,"Just before they touch your forehead, push them up.",2
6786,84,"Pay attention to your elbows and arms: only the triceps are doing the work, the rest of the arms should not move",3
6787,85,"Begin seated on the ground with a loaded barbell over your legs. Using a fat bar or having a pad on the bar can greatly reduce the discomfort caused by this exercise. Roll the bar so that it is directly above your hips, and lay down flat on the floor.",0
6790,86,Stand up straight with your feet at shoulder width as you hold a barbell with both hands in front of you using a pronated grip (palms facing the thighs). Tip: Your hands should be a little wider than shoulder width apart. You can use wrist wraps for this exercise for a better grip. This will be your starting position.,0
6791,86,Raise your shoulders up as far as you can go as you breathe out and hold the contraction for a second. Tip: Refrain from trying to lift the barbell by using your biceps.,1
6792,86,Slowly return to the starting position as you breathe in.,2
6793,86,Repeat for the recommended amount of repetitions.,3
6794,87,Stand up straight while holding a barbell placed on the back of your shoulders (slightly below the neck) and stand upright behind an elevated platform (such as the one used for spotting behind a flat bench). This is your starting position.,0
6795,87,Place the right foot on the elevated platform. Step on the platform by extending the hip and the knee of your right leg. Use the heel mainly to lift the rest of your body up and place the foot of the left leg on the platform as well. Breathe out as you execute the force required to come up.,1
6796,87,Step down with the left leg by flexing the hip and knee of the right leg as you inhale. Return to the original standing position by placing the right foot of to next to the left foot on the initial position.,2
6797,87,Repeat with the right leg for the recommended amount of repetitions and then perform with the left leg.,3
6798,88,"For this exercise you will need a heavy rope anchored at its center 15-20 feet away. Standing in front of the rope, take an end in each hand with your arms extended at your side. This will be your starting position.",0
6799,88,Initiate the movement by rapidly raising one arm to shoulder level as quickly as you can.,1
6800,88,"As you let that arm drop to the starting position, raise the opposite side.",2
6801,88,"Continue alternating your left and right arms, whipping the ropes up and down as fast as you can.",3
6802,89,"Wearing either a harness or a loose weight belt, attach the chain to the back so that you will be facing away from the sled. Bend down so that your hands are on the ground. Your back should be flat and knees bent. This is your starting position.",0
6803,89,"Begin by driving with legs, alternating left and right. Use your hands to maintain balance and to help pull. Try to keep your back flat as you move over a given distance.",1
6804,90,Lie on a flat bench with a barbell using a shoulder grip width.,0
6805,90,Hold the bar straight over your chest with a bend in your arms. This will be your starting position.,1
6806,90,"While keeping your arms in the bent arm position, lower the weight slowly in an arc behind your head while breathing in until you feel a stretch on the chest.",2
6807,90,"At that point, bring the barbell back to the starting position using the arc through which the weight was lowered and exhale as you perform this movement.",3
6808,90,Hold the weight on the initial position for a second and repeat the motion for the prescribed number of repetitions.,4
6809,97,Initiate the exercise by standing upright with a kettlebell in one hand.,0
6810,97,Swing the kettlebell back forcefully and then reverse the motion forcefully. Crush the kettlebell handle as hard as possible and raise the kettlebell to your shoulder.,1
6811,95,Position two equally loaded EZ bars on the ground next to each other. Ensure they are able to roll.,0
6812,95,"Assume a push-up position over the bars, supporting your weight on your toes and hands with your arms extended and body straight.",1
6813,95,Place your hands on the bars. This will be your starting position.,2
6814,95,"Using a slow and controlled motion, move your hands away from the midline of your body, rolling the bars apart. Inhale during this portion of the motion.",3
6815,95,"After moving the bars as far apart as you can, return to the starting position by pulling them back together. Exhale as you perform this movement.",4
6816,96,"Connect a standard handle to each arm of a cable machine, and position them in the most downward position.",0
6817,96,Grab a Bosu Ball and position it in front and center of the cable machine.,1
6818,96,Lie down on the Bosu Ball with the small of your back arched around the ball. Your rear end should be close to the floor without touching it.,2
6819,96,"With both hands, reach back and grab the handle of each cable.",3
6820,96,"With your feet positioned in a wide stance, extend your arms straight out in front of you and in between your knees. Your hands should be at knee level.",4
6821,96,Keep your arms straight and in-line with the upward angle of the cable. Elevate your torso in a crunching motion without dropping or bending your arms.,5
6822,96,Maintain the rigid position with your arms. Slowly descend back to the starting position with your back arched around the Bosu Ball and your abdominals elongated.,6
6823,96,Repeat the same series of movements to failure.,7
6824,96,"Once you reach failure, keep your abs tight and raise your torso into plank position so your back is elevated off the Bosu Ball.",8
6825,96,Lower your arms down to your side; keep them straight. Start doing alternating side bends; reach for your heels! This finishing movement will focus on your obliques.,9
6826,99,Sit on a Military Press Bench with a bar at shoulder level with a pronated grip (palms facing forward). Tip: Your grip should be wider than shoulder width and it should create a 90-degree angle between the forearm and the upper arm as the barbell goes down. This is your starting position.,0
6827,99,"Once you pick up the barbell with the correct grip, lift the bar up over your head by locking your arms.",1
6828,99,Now lower the bar down to the back of the head slowly as you inhale.,2
6829,99,Lift the bar back up to the starting position as you exhale.,3
6830,99,Lower the bar down to the starting position slowly as you inhale. This is one repetition.,4
6831,99,Alternate in this manner until you complete the recommended amount of repetitions.,5
6832,98,"Lie on your side, with your upper arm against the foam roller. The upper arm should be more or less aligned with your body, with the outside of the bicep pressed against the foam roller.",0
6833,98,"Raise your hips off of the floor, supporting your weight on your arm and on your feet. Hold for 10-30 seconds, and then switch sides.",1
6834,93,"To begin, seat yourself on the bike and adjust the seat to your height.",0
6835,94,"To begin, seat yourself on the bike and adjust the seat to your height.",0
6836,94,"Select the desired option from the menu. You may have to start pedaling to turn it on. You can use the manual setting, or you can select a program to use. Typically, you can enter your age and weight to estimate the amount of calories burned during exercise. The level of resistance can be changed throughout the workout. The handles can be used to monitor your heart rate to help you stay at an appropriate intensity.",1
6837,225,Lie facedown on the floor.,0
6838,225,Put your left hand under your left hipbone to pad your hip and pubic bone.,1
6839,225,Bend your right knee so you can hold the foot in your right hand.,2
6840,225,"Lift the foot in the air and simultaneously lift your shoulders off the floor. This also stretches the right hip flexor and the chest and shoulders. Switch sides. If it doesn't bother your back, you can try it with both arms and legs at the same time.",3
6841,102,"To get yourself into the starting position, place the pulleys on a high position (above your head), select the resistance to be used and hold the pulleys in each hand.",0
6842,102,Step forward in front of an imaginary straight line between both pulleys while pulling your arms together in front of you. Your torso should have a small forward bend from the waist. This will be your starting position.,1
6843,102,"With a slight bend on your elbows in order to prevent stress at the biceps tendon, extend your arms to the side (straight out at both sides) in a wide arc until you feel a stretch on your chest. Breathe in as you perform this portion of the movement. Tip: Keep in mind that throughout the movement, the arms and torso should remain stationary; the movement should only occur at the shoulder joint.",2
6844,102,Return your arms back to the starting position as you breathe out. Make sure to use the same arc of motion used to lower the weights.,3
6845,102,Hold for a second at the starting position and repeat the movement for the prescribed amount of repetitions.,4
6846,105,Lie on incline an bench facing away from a high pulley machine that has a straight bar attachment on it.,0
6847,105,Grasp the straight bar attachment overhead with a pronated (overhand; palms down) shoulder width grip and extend your arms in front of you. The bar should be around 2 inches away from your upper thighs. This will be your starting position.,1
6848,105,"Keeping the upper arms stationary, lift your arms back in a semi circle until the bar is straight over your head. Breathe in during this portion of the movement.",2
6849,105,Slowly go back to the starting position using your lats and hold the contraction once you reach the starting position. Breathe out during the execution of this movement.,3
6850,105,Repeat for the recommended amount of repetitions.,4
6851,106,"Begin by moving the pulleys to the high position, select the resistance to be used, and take a handle in each hand.",0
6852,106,Stand directly between both pulleys with your arms extended out to your sides. Your head and chest should be up while your arms form a . This will be your starting position.,1
6853,106,"Keeping the elbows extended, pull your arms straight to your sides.",2
6854,106,Return your arms back to the starting position after a pause at the peak contraction.,3
6855,106,Continue the movement for the prescribed number of repetitions.,4
6856,107,"Connect a rope attachment to a tower, and move the cable to the lowest pulley position. Stand with your side to the cable with a wide stance, and grab the rope with both hands.",0
6857,107,Twist your body away from the pulley as you bring the rope over your shoulder like you performing a judo flip.,1
6858,107,"Shift your weight between your feet as you twist and crunch forward, pulling the cable downward.",2
6859,107,Return to the starting position and repeat until failure.,3
6860,107,"Then, reposition and repeat the same series of movements on the opposite side.",4
6861,108,Adjust the pulleys to the appropriate height and adjust the weight. The pulleys should be above your head.,0
6862,108,"Grab the left pulley with your right hand and the right pulley with your left hand, crossing them in front of you. This will be your starting position.",1
6863,108,"Initiate the movement by moving your arms back and outward, keeping your arms straight as you execute the movement.",2
6864,108,Pause at the end of the motion before returning the handles to the start position.,3
6865,110,Sit in the same position on a low pulley row station as you would if you were doing seated cable rows for the back.,0
6866,110,Attach a rope to the pulley and grasp it with an overhand grip. Your arms should be extended and parallel to the floor with the elbows flared out.,1
6867,110,Keep your lower back upright and slide your hips back so that your knees are slightly bent. This will be your starting position.,2
6868,110,"Pull the cable attachment towards your upper chest, just below the neck, as you keep your elbows up and out to the sides. Continue this motion as you exhale until the elbows travel slightly behind the back. Tip: Keep your upper arms horizontal, perpendicular to the torso and parallel to the floor throughout the motion.",3
6869,110,Go back to the initial position where the arms are extended and the shoulders are stretched forward. Inhale as you perform this portion of the movement.,4
6870,110,Repeat for the recommended amount of repetitions.,5
6871,111,"Connect a standard handle attachment, and position the cable to a middle pulley position.",0
6872,111,"Lie on a stability ball perpendicular to the cable and grab the handle with one hand. You should be approximately arm length away from the pulley, with the tension of the weight on the cable.",1
6873,111,"Grab the handle with both hands and fully extend your arms above your chest. You hands should be directly in-line with the pulley. If not, adjust the pulley up or down until they are.",2
6874,111,Keep your hips elevated and abs engaged. Rotate your torso away from the pulley for a full-quarter rotation. Your body should be flat from head to knees.,3
6875,111,Pause for a moment and in a slow and controlled manner reset to the starting position. You should still have side tension on the cable in the resting position.,4
6876,111,Repeat the same movement to failure.,5
6877,111,"Then, reposition and repeat the same series of movements on the opposite side.",6
6878,112,Seat on a flat bench with your back facing a high pulley.,0
7005,151,Perform the motion by flexing the spine and rotating your torso to bring the left elbow to the right knee.,1
6879,112,Grasp the cable rope attachment with both hands (with the palms of the hands facing each other) and place your hands securely over both shoulders. Tip: Allow the weight to hyperextend the lower back slightly. This will be your starting position.,1
6880,112,"With the hips stationary, flex the waist so the elbows travel toward the hips. Breathe out as you perform this step.",2
6881,112,"As you inhale, go back to the initial position slowly.",3
6882,112,Repeat for the recommended amount of repetitions.,4
6883,113,Grasp a cable bar attachment that is attached to a low pulley with a shoulder width or slightly wider overhand (palms facing down) grip.,0
6884,113,Stand erect close to the pulley with your arms extended in front of you holding the bar. This will be your starting position.,1
6885,113,Lift the bar by elevating the shoulders as high as possible as you exhale. Hold the contraction at the top for a second. Tip: The arms should remain extended at all times. Refrain from using the biceps to help lift the bar. Only the shoulders should be moving up and down.,2
6886,113,Lower the bar back to the original position.,3
6887,113,Repeat for the recommended amount of repetitions.,4
6888,115,"Stand facing a wall from several feet away. Stagger your stance, placing one foot forward.",0
6889,115,"Lean forward and rest your hands on the wall, keeping your heel, hip and head in a straight line.",1
6890,115,Attempt to keep your heel on the ground. Hold for 10-20 seconds and then switch sides.,2
6891,116,"Begin seated on the floor. Place a foam roller underneath your lower leg. Your other leg can either be crossed over the opposite or be placed on the floor, supporting some of your weight. This will be your starting position.",0
6892,116,"Place your hands to your side or just behind you, and press down to raise your hips off of the floor, placing much of your weight against your calf muscle. Roll from below the knee to above the ankle, pausing at points of tension for 10-30 seconds. Repeat for the other leg.",1
6893,117,"While standing upright, hold a barbell plate in both hands at the 3 and 9 o'clock positions. Your palms should be facing each other and your arms should be extended straight out in front of you. This will be your starting position.",0
6894,117,Initiate the movement by rotating the plate as far to one side as possible. Use the same type of movement you would use to turn a steering wheel to one side.,1
6895,117,"Reverse the motion, turning it all the way to the opposite side.",2
6896,117,Repeat for the recommended amount of repetitions.,3
6897,118,"Begin with your feet a few inches apart and your left arm up in a relaxed, athletic position.",0
6898,118,"With your right foot, quick step behind and pull the knee up.",1
6899,118,"Fire your arms back up when you pull the right knee, being sure that your knee goes straight up and down. Avoid turning your feet as you move and continue to look forward as you move to the side.",2
6900,119,Begin standing while facing a wall or a partner.,0
6901,119,"Using both hands, position the ball behind your head, stretching as much as possible, and forcefully throw the ball forward.",1
6902,119,"Ensure that you follow your throw through, being prepared to receive your rebound from your throw. If you are throwing against the wall, make sure that you stand close enough to the wall to receive the rebound, and aim a little higher than you would with a partner.",2
6903,121,"Begin in a three point stance, squatted down with your back flat and one hand on the ground. Place the medicine ball directly in front of you.",0
6904,121,"To begin, take your first step as you pull the ball to your chest, positioning both hands to prepare for the throw.",1
6905,121,"As you execute the second step, explosively release the ball forward as hard as possible.",2
6906,124,"The circus bell is an oversized dumbbell with a thick handle. Begin with the dumbbell between your feet, and grip the handle with both hands.",0
6907,124,"Clean the dumbbell by extending through your hips and knees to deliver the implement to the desired shoulder, letting go with the extra hand.",1
6908,124,"Ensure that you get one of the dumbbell heads behind the shoulder to keep from being thrown off balance. To raise it overhead, dip by flexing the knees, and the drive upwards as you extend the dumbbell overhead, leaning slightly away from it as you do so.",2
6909,124,"Carefully guide the bell back to the floor, keeping it under control as much as possible. It is best to perform this event on a thick rubber mat to prevent damage to the floor.",3
6910,125,Lie on a flat bench with an EZ bar loaded to an appropriate weight.,0
6911,125,Using a narrow grip lift the bar and hold it straight over your torso with your elbows in. The arms should be perpendicular to the floor. This will be your starting position.,1
6912,125,Now lower the bar down to your lower chest as you breathe in. Keep the elbows in as you perform this movement.,2
6913,125,"Using the triceps to push the bar back up, press it back to the starting position by extending the elbows as you exhale.",3
6914,125,Repeat.,4
6915,128,Lie flat on your back and bend your knees about 60 degrees.,0
6916,128,Keep your feet flat on the floor and place your hands loosely behind your head. This will be your starting position.,1
6917,128,Now curl up and bring your right elbow and shoulder across your body while bring your left knee in toward your left shoulder at the same time. Reach with your elbow and try to touch your knee. Exhale as you perform this movement. Tip: Try to bring your shoulder up towards your knee rather than just your elbow and remember that the key is to contract the abs as you perform the movement; not just to move the elbow.,2
6918,128,Now go back down to the starting position as you inhale and repeat with the left elbow and the right knee.,3
6919,128,Continue alternating in this manner until all prescribed repetitions are done.,4
6920,120,"Start off by standing with your legs together, holding a bodybar or a broomstick.",0
6921,120,Take a slightly wider than shoulder width grip on the pole and hold it in front of you with your palms facing down.,1
6922,120,Carefully lift the pole up and behind your head.,2
6923,122,Get on your hands and knees next to an exercise ball.,0
6924,122,"Place your elbows on top of the ball, keeping your arm out to your side. This will be your starting position.",1
6925,122,"Lower your torso towards the floor, keeping your elbow on top of the ball. Hold the stretch for 20-30 seconds, and repeat with the other arm.",2
6926,130,"In the crucifix, you statically hold weights out to the side for time. While the event can be practiced using dumbbells, it is best to practice with one of the various implements used, such as axes and hammers, as it feels different.",0
6927,130,"Begin standing, and raise your arms out to the side holding the implements. Your arms should be parallel to the ground. In competition, judges or sensors are used to let you know when you break parallel. Hold for as long as you can. Typically, the weights should be heavy enough that you fail in 30-60 seconds.",1
6928,131,Lie on the floor with your back flat and knees bent with around a 60-degree angle between the hamstrings and the calves.,0
6929,131,Keep your feet flat on the floor and stretch your arms overhead with your palms crossed. This will be your starting position.,1
6930,131,"Curl your upper body forward and bring your shoulder blades just off the floor. At all times, keep your arms aligned with your head, neck and shoulder. Don't move them forward from that position. Exhale as you perform this portion of the movement and hold the contraction for a second.",2
6931,131,Slowly lower down to the starting position as you inhale.,3
6932,131,Repeat for the recommended amount of repetitions.,4
6933,133,"Lie flat on your back with your feet flat on the ground, or resting on a bench with your knees bent at a 90 degree angle. If you are resting your feet on a bench, place them three to four inches apart and point your toes inward so they touch.",0
6934,133,Now place your hands lightly on either side of your head keeping your elbows in. Tip: Don't lock your fingers behind your head.,1
6935,133,"While pushing the small of your back down in the floor to better isolate your abdominal muscles, begin to roll your shoulders off the floor.",2
6936,133,"Continue to push down as hard as you can with your lower back as you contract your abdominals and exhale. Your shoulders should come up off the floor only about four inches, and your lower back should remain on the floor. At the top of the movement, contract your abdominals hard and keep the contraction for a second. Tip: Focus on slow, controlled movement - don't cheat yourself by using momentum.",3
6937,133,"After the one second contraction, begin to come down slowly again to the starting position as you inhale.",4
6938,133,Repeat for the recommended amount of repetitions.,5
6939,134,Secure your legs at the end of the decline bench and lie down.,0
6940,134,Now place your hands lightly on either side of your head keeping your elbows in. Tip: Don't lock your fingers behind your head.,1
6941,134,"While pushing the small of your back down in the bench to better isolate your abdominal muscles, begin to roll your shoulders off it.",2
6942,134,"Continue to push down as hard as you can with your lower back as you contract your abdominals and exhale. Your shoulders should come up off the bench only about four inches, and your lower back should remain on the bench. At the top of the movement, contract your abdominals hard and keep the contraction for a second. Tip: Focus on slow, controlled movement - don't cheat yourself by using momentum.",3
6943,134,"After the one second contraction, begin to come down slowly again to the starting position as you inhale.",4
6944,134,Repeat for the recommended amount of repetitions.,5
6945,135,Secure your legs at the end of the decline bench and lie down with a dumbbell on each hand on top of your thighs. The palms of your hand will be facing each other.,0
6946,135,"Once you are laying down, move the dumbbells in front of you at shoulder width. The palms of the hands should be facing each other and the arms should be perpendicular to the floor and fully extended. This will be your starting position.",1
6947,135,"With a slight bend on your elbows in order to prevent stress at the biceps tendon, lower your arms out at both sides in a wide arc until you feel a stretch on your chest. Breathe in as you perform this portion of the movement. Tip: Keep in mind that throughout the movement, the arms should remain stationary; the movement should only occur at the shoulder joint.",2
6948,135,Return your arms back to the starting position as you squeeze your chest muscles and breathe out. Tip: Make sure to use the same arc of motion used to lower the weights.,3
6949,135,Hold for a second at the contracted position and repeat the movement for the prescribed amount of repetitions.,4
6950,136,Secure your legs at the end of the decline bench and slowly lay down on the bench.,0
6951,136,Raise your upper body off the bench until your torso is about 35-45 degrees if measured from the floor.,1
6952,136,Put one hand beside your head and the other on your thigh. This will be your starting position.,2
6953,136,Raise your upper body slowly from the starting position while turning your torso to the left. Continue crunching up as you exhale until your right elbow touches your left knee. Hold this contracted position for a second. Tip: Focus on keeping your abs tight and keeping the movement slow and controlled.,3
6954,136,Lower your body back down slowly to the starting position as you inhale.,4
6955,136,"After completing one set on the right for the recommended amount of repetitions, switch to your left side. Tip: Focus on really twisting your torso and feeling the contraction when you are in the up position.",5
6956,137,Lie on your back on a decline bench and hold on to the top of the bench with both hands. Don't let your body slip down from this position.,0
6957,137,Hold your legs parallel to the floor using your abs to hold them there while keeping your knees and feet together. Tip: Your legs should be fully extended with a slight bend on the knee. This will be your starting position.,1
6958,137,"While exhaling, move your legs towards the torso as you roll your pelvis backwards and you raise your hips off the bench. At the end of this movement your knees will be touching your chest.",2
6959,137,Hold the contraction for a second and move your legs back to the starting position while inhaling.,3
6960,137,Repeat for the recommended amount of repetitions.,4
6961,138,"Sit securely in a dip machine, select the weight and firmly grasp the handles.",0
6962,138,Now keep your elbows in at your sides in order to place emphasis on the triceps. The elbows should be bent at a 90 degree angle.,1
6963,138,"As you contract the triceps, extend your arms downwards as you exhale. Tip: At the bottom of the movement, focus on keeping a little bend in your arms to keep tension on the triceps muscle.",2
6964,138,Now slowly let your arms come back up to the starting position as you inhale.,3
6965,138,Repeat for the recommended amount of repetitions.,4
6966,141,"Place a kettlebell in front of your front foot and clean and press a kettlebell overhead with your opposite arm. Clean the kettlebell to your shoulder by extending through the legs and hips as you pull the kettlebell towards your shoulders. Rotate your wrist as you do so, so that the palm faces forward.",0
6967,141,"Keeping the kettlebell locked out at all times, push your butt out in the direction of the locked out kettlebell. Turn your feet out at a forty-five degree angle from the arm with the locked out kettlebell.",1
6968,141,"Bending at the hip to one side, sticking your butt out, slowly lean until you can retrieve the kettlebell from the floor. Keep your eyes on the kettlebell that you hold over your head at all times.",2
6969,141,Pause for a second after retrieving the kettlebell from the ground and reverse the motion back to the starting position.,3
6970,142,Lie facedown on top of an exercise ball.,0
6971,142,"While resting on your stomach on the ball, walk your hands forward along the floor and lift your legs, extending your elbows and knees.",1
6972,143,Lie down on a flat bench with a dumbbell on each hand resting on top of your thighs. The palms of your hand will be facing each other.,0
6973,143,"Then using your thighs to help raise the dumbbells, lift the dumbbells one at a time so you can hold them in front of you at shoulder width with the palms of your hands facing each other. Raise the dumbbells up like you're pressing them, but stop and hold just before you lock out. This will be your starting position.",1
6974,143,"With a slight bend on your elbows in order to prevent stress at the biceps tendon, lower your arms out at both sides in a wide arc until you feel a stretch on your chest. Breathe in as you perform this portion of the movement. Tip: Keep in mind that throughout the movement, the arms should remain stationary; the movement should only occur at the shoulder joint.",2
6975,143,Return your arms back to the starting position as you squeeze your chest muscles and breathe out. Tip: Make sure to use the same arc of motion used to lower the weights.,3
6976,143,Hold for a second at the contracted position and repeat the movement for the prescribed amount of repetitions.,4
6977,144,Lie on a flat bench face down with one arm holding a dumbbell and the other hand on top of the bench folded so that you can rest your head on it.,0
6978,144,Bend the elbows of the arm holding the dumbbell so that it creates a 90-degree angle between the upper arm and the forearm.,1
6979,144,Now raise the upper arm so that the forearm is perpendicular to the floor and the upper arm is perpendicular to your torso. Tip: The upper arm should be parallel to the floor and also creating a 90-degree angle with your torso. This will be your starting position.,2
6980,144,"As you breathe out, externally rotate your forearm so that the dumbbell is lifted forward as you maintain the 90 degree angle bend between the upper arms and the forearm. You will continue this external rotation until the forearm is parallel to the floor. At this point you will hold the contraction for a second.",3
6981,144,"As you breathe in, slowly go back to the starting position.",4
6982,144,Repeat for the recommended amount of repetitions.,5
6983,145,Lie sideways on a flat bench with one arm holding a dumbbell and the other hand on top of the bench folded so that you can rest your head on it.,0
6984,145,Bend the elbows of the arm holding the dumbbell so that it creates a 90-degree angle between the upper arm and the forearm.,1
6985,145,Now raise the upper arm so that the forearm is parallel to the floor and perpendicular to your torso (Tip: So the forearm will be directly in front of you). The upper arm will be stationary by your torso and should be parallel to the floor (aligned with your torso at all times). This will be your starting position.,2
6986,145,"As you breathe out, externally rotate your forearm so that the dumbbell is lifted up in a semicircle motion as you maintain the 90 degree angle bend between the upper arms and the forearm. You will continue this external rotation until the forearm is perpendicular to the floor and the torso pointing towards the ceiling. At this point you will hold the contraction for a second.",3
6987,145,"As you breathe in, slowly go back to the starting position.",4
6988,145,Repeat for the recommended amount of repetitions and then switch to the other arm.,5
6989,146,"This corrective exercise strengthens the muscles that stabilize your shoulder blade. Hold a light weight in each hand, hanging at your sides. Your thumbs should pointing up.",0
6990,146,"Begin the movement raising your arms out in front of you, about 30 degrees off center. Your arms should be fully extended as you perform the movement.",1
6991,146,"Continue until your arms are parallel to the ground, and then return to the starting position.",2
6992,147,"Stand erect with a dumbbell on each hand (palms facing your torso), arms extended on the sides.",0
6993,147,Lift the dumbbells by elevating the shoulders as high as possible while you exhale. Hold the contraction at the top for a second. Tip: The arms should remain extended at all times. Refrain from using the biceps to help lift the dumbbells. Only the shoulders should be moving up and down.,1
6994,147,Lower the dumbbells back to the original position.,2
6995,147,Repeat for the recommended amount of repetitions.,3
6996,148,Stand up straight while holding a dumbbell on each hand (palms facing the side of your legs).,0
6997,148,Place the right foot on the elevated platform. Step on the platform by extending the hip and the knee of your right leg. Use the heel mainly to lift the rest of your body up and place the foot of the left leg on the platform as well. Breathe out as you execute the force required to come up.,1
6998,148,Step down with the left leg by flexing the hip and knee of the right leg as you inhale. Return to the original standing position by placing the right foot of to next to the left foot on the initial position.,2
6999,148,Repeat with the right leg for the recommended amount of repetitions and then perform with the left leg.,3
7000,149,"Using a close grip, lift the EZ bar and hold it with your elbows in as you lie on the bench. Your arms should be perpendicular to the floor. This will be your starting position.",0
7001,149,"Keeping the upper arms stationary, lower the bar by allowing the elbows to flex. Inhale as you perform this portion of the movement. Pause once the bar is directly above the forehead.",1
7002,149,Lift the bar back to the starting position by extending the elbow and exhaling.,2
7003,149,Repeat.,3
7004,151,"Lie on the floor, crossing your right leg across your bent left knee. Clasp your hands behind your head, beginning with your shoulder blades on the ground. This will be your starting position.",0
7006,151,Return to the starting position and repeat the movement for the desired number of repetitions before switching sides.,2
7007,150,Sit or stand with your feet slightly apart.,0
7008,150,Place your hands on your shoulders with your elbows at shoulder level and pointing out.,1
7009,150,Slowly make a circle with your elbows. Breathe out as you start the circle and breathe in as you complete the circle.,2
7010,153,"Lie on the floor and position a kettlebell for one arm to press. The kettlebell should be held by the handle. The leg on the same side that you are pressing should be bent, with the knee crossing over the midline of the body.",0
7011,153,"Press the kettlebell by extending the elbow and adducting the arm, pressing it above your body. Return to the starting position.",1
7012,226,"Grab onto a chinup bar with one hand, using a pronated grip. Keep your feet on the floor or a step. Allow the majority of your weight to hang from that hand, while keeping your feet on the ground. Hold for 10-20 seconds and switch sides.",0
7013,154,Start in a relaxed position with one leg slightly forward. This will be your starting position.,0
7015,154,"Perform fast skips by maintaining close contact with the ground and reduce air time, moving as quickly as possible.",2
7016,155,Hold a barbell with both hands and your palms facing up; hands spaced about shoulder width.,0
7017,155,"Place your feet flat on the floor, at a distance that is slightly wider than shoulder width apart. This will be your starting position.",1
7018,155,"Lower the bar as far as possible by extending the fingers. Allowing the bar to roll down the hands, catch the bar with the final joint in the fingers.",2
7019,155,Now curl bar up as high as possible by closing your hands while exhaling. Hold the contraction at the top.,3
7020,157,"This exercise stretches the fascia of the muscles in the feet. Start off seated with your shoes removed. Using a foot roller or a similar object, such as a small section of pvc pipe, place your foot against the roller across the arch of your foot. This will be your starting position.",0
7021,157,"Press down firmly, rolling across the arch of your foot. Hold for 10-30 seconds, and then switch feet.",1
7022,156,"On a flat bench lie facedown with the hips on the edge of the bench, the legs straight with toes high off the floor and with the arms on top of the bench holding on to the front edge.",0
7023,156,Squeeze your glutes and hamstrings and straighten the legs until they are level with the hips. This will be your starting position.,1
7024,156,Start the movement by lifting the left leg higher than the right leg.,2
7025,156,Then lower the left leg as you lift the right leg.,3
7026,156,Continue alternating in this manner (as though you are doing a flutter kick in water) until you have done the recommended amount of repetitions for each leg. Make sure that you keep a controlled movement at all times. Tip: You will breathe normally as you perform this movement.,4
7027,158,"Stand with your hands behind your head, and squat down keeping your torso upright and your head up. This will be your starting position.",0
7028,158,"Jump forward several feet, avoiding jumping unnecessarily high. As your feet contact the ground, absorb the impact through your legs, and jump again. Repeat this action 5-10 times.",1
7029,159,Grasp the pull-up bar with a shoulder width underhand grip.,0
7030,159,Now hang with your arms fully extended and stick your chest out and lean back. Tip: You will be leaning back throughout the entire movement. This will be your starting position.,1
7031,159,"Start pulling yourself towards the bar with your spine arched throughout the movement and your head leaning back as far away from the bar as possible. Exhale as you perform this portion of the movement. Tip: At the upper end of the movement, your hips and legs will be at about a 45-degree angle to the floor.",2
7032,159,Keep pulling until your collarbone passes the bar and your lower chest or sternum area touches it. Hold that contraction for a second. Tip: By the time you've completed this portion of the movement; your head will be parallel to the floor.,3
7033,159,Slowly start going back to the starting position as you inhale.,4
7034,159,Repeat for the recommended amount of repetitions.,5
7035,160,Kneel on the floor or an exercise mat and bend at the waist with your arms extended in front of you (perpendicular to the torso) in order to get into a kneeling push-up position but with the arms spaced at shoulder width. Your head should be looking forward and the bend of the knees should create a 90-degree angle between the hamstrings and the calves. This will be your starting position.,0
7036,160,"As you exhale, lift up your right leg until the hamstrings are in line with the back while maintaining the 90-degree angle bend. Contract the glutes throughout this movement and hold the contraction at the top for a second. Tip: At the end of the movement the upper leg should be parallel to the floor while the calf should be perpendicular to it.",1
7037,160,Go back to the initial position as you inhale and now repeat with the left leg.,2
7038,160,Continue to alternate legs until all of the recommended repetitions have been performed.,3
7039,161,Hang from a chin-up bar using an underhand grip (palms facing you) that is slightly wider than shoulder width.,0
7040,161,Now bend your knees at a 90 degree angle so that the calves are parallel to the floor while the thighs remain perpendicular to it. This will be your starting position.,1
7041,161,"As you exhale, pull yourself up while crunching your knees up at the same time until your knees are at chest level. You will stop going up as soon as your nose is at the same level as the bar. Tip: When you get to this point you should also be finishing the crunch at the same time.",2
7042,161,Slowly start to inhale as you return to the starting position.,3
7043,161,Repeat for the recommended amount of repetitions.,4
7044,162,Begin in a pushup position on the floor. This will be your starting position.,0
7045,162,"Using both legs, jump forward landing with your feet next to your hands. Keep your head up as you do so.",1
7046,162,"Return to the starting position and immediately repeat the movement, continuing for 10-20 repetitions.",2
7047,163,"In a seated position, extend your legs over a foam roll so that it is position on the back of the upper legs. Place your hands to the side or behind you to help support your weight. This will be your starting position.",0
7048,163,"Using your hands, lift your hips off of the floor and shift your weight on the foam roll to one leg. Relax the hamstrings of the leg you are stretching.",1
7049,163,"Roll over the foam from below the hip to above the back of the knee, pausing at points of tension for 10-30 seconds. Repeat for the other leg.",2
7050,165,Seat yourself on the floor.,0
7051,165,Straddle an exercise ball between both legs and lower your hips down toward the floor.,1
7052,165,Hug your arms around the ball to support your body. Adjust your legs so that your feet are flat on the floor and your knees line up over your ankles. Keep a good grip on the ball so it doesn't roll away from you and send you back onto your buttocks.,2
7053,166,Lie down on your back and pull both knees up to your chest.,0
7054,166,"Hold your arms under the knees, not over (that would put to much pressure on your knee joints).",1
7055,166,Slowly pull the knees toward your shoulders. This also stretches your buttocks muscles.,2
7056,164,Secure one end of the band to the lower portion of a post and attach the other to one ankle.,0
7057,164,Face away from the attachment point of the band.,1
7058,164,"Keeping your head and your chest up, raise your knee up to 90 degrees and pause.",2
7059,164,Return the leg to the starting position.,3
7060,167,"Set up a row of hurdles or other small barriers, placing them a few feet apart.",0
7061,167,Stand in front of the first hurdle with your feet shoulder width apart. This will be your starting position.,1
7062,167,"Begin by jumping with both feet over the first hurdle, swinging both arms as you jump.",2
7063,167,"Absorb the impact of landing by bending the knees, rebounding out of the first leap by jumping over the next hurdle. Continue until you have jumped over all of the hurdles.",3
7064,223,Pick a dumbbell and place it in one of your hands. Your non lifting hand should be used to grab something steady such as an incline bench press. Lean towards your lifting arm and away from the hand that is gripping the incline bench as this will allow you to keep your balance.,0
7065,223,Stand with a straight torso and have the dumbbell by your side at arm length with the palm of the hand facing you. This will be your starting position.,1
7066,223,"While maintaining the torso stationary (no swinging), lift the dumbbell to your side with a slight bend on the elbow and your hand slightly tilted forward as if pouring water in a glass. Continue to go up until you arm is parallel to the floor. Exhale as you execute this movement and pause for a second at the top.",2
7067,223,Lower the dumbbell back down slowly to the starting position as you inhale.,3
7068,223,Repeat for the recommended amount of repetitions.,4
7069,223,Switch arms and repeat the exercise.,5
7070,168,"Lie face down on a hyperextension bench, tucking your ankles securely under the footpads.",0
7071,168,"Adjust the upper pad if possible so your upper thighs lie flat across the wide pad, leaving enough room for you to bend at the waist without any restriction.",1
7072,168,"With your body straight, cross your arms in front of you (my preference) or behind your head. This will be your starting position. Tip: You can also hold a weight plate for extra resistance in front of you under your crossed arms.",2
7073,168,"Start bending forward slowly at the waist as far as you can while keeping your back flat. Inhale as you perform this movement. Keep moving forward until you feel a nice stretch on the hamstrings and you can no longer keep going without a rounding of the back. Tip: Never round the back as you perform this exercise. Also, some people can go farther than others. The key thing is that you go as far as your body allows you to without rounding the back.",3
7074,168,"Slowly raise your torso back to the initial position as you inhale. Tip: Avoid the temptation to arch your back past a straight line. Also, do not swing the torso at any time in order to protect the back from injury.",4
7075,168,Repeat for the recommended amount of repetitions.,5
7076,170,"Lay on your side, with the bottom leg placed onto a foam roller between the hip and the knee. The other leg can be crossed in front of you.",0
7077,170,Place as much of your weight as is tolerable onto your bottom leg; there is no need to keep your bottom leg in contact with the ground. Be sure to relax the muscles of the leg you are stretching.,1
7078,170,"Roll your leg over the foam from you hip to your knee, pausing for 10-30 seconds at points of tension. Repeat with the opposite leg.",2
7079,171,"Stand with your feet close together. Keeping your legs straight, stretch down and put your hands on the floor directly in front of you. This will be your starting position.",0
7080,171,"Begin by walking your hands forward slowly, alternating your left and your right. As you do so, bend only at the hip, keeping your legs straight.",1
7081,171,Keep going until your body is parallel to the ground in a pushup position.,2
7082,171,"Now, keep your hands in place and slowly take short steps with your feet, moving only a few inches at a time.",3
7083,171,"Continue walking until your feet are by hour hands, keeping your legs straight as you do so.",4
7084,172,"To get yourself into the starting position, set the pulleys at the floor level (lowest level possible on the machine that is below your torso).",0
7085,172,"Place an incline bench (set at 45 degrees) in between the pulleys, select a weight on each one and grab a pulley on each hand.",1
7086,172,"With a handle on each hand, lie on the incline bench and bring your hands together at arms length in front of your face. This will be your starting position.",2
7087,172,"With a slight bend of your elbows (in order to prevent stress at the biceps tendon), lower your arms out at both sides in a wide arc until you feel a stretch on your chest. Breathe in as you perform this portion of the movement. Tip: Keep in mind that throughout the movement, the arms should remain stationary. The movement should only occur at the shoulder joint.",3
7088,172,Return your arms back to the starting position as you squeeze your chest muscles and exhale. Hold the contracted position for a second. Tip: Make sure to use the same arc of motion used to lower the weights.,4
7089,172,Repeat the movement for the prescribed amount of repetitions.,5
7090,173,Hold a dumbbell on each hand and lie on an incline bench that is set to an incline angle of no more than 30 degrees.,0
7091,173,Extend your arms above you with a slight bend at the elbows.,1
7179,196,"Place your right hand onto the line, and thing bring your nose close to your left knee.",1
7092,173,Now rotate the wrists so that the palms of your hands are facing you. Tip: The pinky fingers should be next to each other. This will be your starting position.,2
7093,173,"As you breathe in, start to slowly lower the arms to the side while keeping the arms extended and while rotating the wrists until the palms of the hand are facing each other. Tip: At the end of the movement the arms will be by your side with the palms facing the ceiling.",3
7094,173,As you exhale start to bring the dumbbells back up to the starting position by reversing the motion and rotating the hands so that the pinky fingers are next to each other again. Tip: Keep in mind that the movement will only happen at the shoulder joint and at the wrist. There is no motion that happens at the elbow joint.,4
7095,173,Repeat for the recommended amount of repetitions.,5
7096,174,Hold a dumbbell in each hand and lie on an incline bench that is set to an incline angle of no more than 30 degrees.,0
7097,174,Extend your arms above you with a slight bend at the elbows.,1
7098,174,Now rotate the wrists so that the palms of your hands are facing you. Tip: The pinky fingers should be next to each other. This will be your starting position.,2
7439,284,Initiate the movement by shrugging your shoulders straight up. Do not flex the arms or wrist during the movement.,2
7099,174,"As you breathe in, start to slowly lower the arms to the side while keeping the arms extended and while rotating the wrists until the palms of the hand are facing each other. Tip: At the end of the movement the arms will be by your side with the palms facing the ceiling.",3
7100,174,As you exhale start to bring the dumbbells back up to the starting position by reversing the motion and rotating the hands so that the pinky fingers are next to each other again. Tip: Keep in mind that the movement will only happen at the shoulder joint and at the wrist. There is no motion that happens at the elbow joint.,4
7101,174,Repeat for the recommended amount of repetitions.,5
7102,177,"With your head and neck in a neutral position (normal position with head erect facing forward), place both of your hands on the front side of your head.",0
7103,177,Now gently push forward as you contract the neck muscles but resisting any movement of your head. Start with slow tension and increase slowly. Keep breathing normally as you execute this contraction.,1
7104,177,Hold for the recommended number of seconds.,2
7105,177,Now release the tension slowly.,3
7106,177,Rest for the recommended amount of time and repeat with your hands placed on the back side of your head.,4
7107,178,"With your head and neck in a neutral position (normal position with head erect facing forward), place your left hand on the left side of your head.",0
7108,178,Now gently push towards the left as you contract the left neck muscles but resisting any movement of your head. Start with slow tension and increase slowly. Keep breathing normally as you execute this contraction.,1
7109,178,Hold for the recommended number of seconds.,2
7110,178,Now release the tension slowly.,3
7111,178,Rest for the recommended amount of time and repeat with your right hand placed on the right side of your head.,4
7112,179,"Assume a push-up position, supporting your weight on your hands and toes while keeping your body straight. Your hands should be just outside of shoulder width. This will be your starting position.",0
7113,179,"Begin by shifting your body weight as far to one side as possible, allowing the elbow on that side to flex as you lower your body.",1
7114,179,"Reverse the motion by extending the flexed arm, pushing yourself up and then dropping to the other side.",2
7115,179,Repeat for the desired number of repetitions.,3
7116,181,"To load kegs, place the desired number a distance from the loading platform, typically 30-50 feet.",0
7117,181,"Begin by grabbing the close handle of the first keg, tilting it onto its side to grab the opposite edge of the bottom of the keg. Lift the keg up to your chest.",1
7118,181,"The higher you can place the keg, the faster you should be able to move to the platform. Shouldering is usually not allowed. Be sure to keep a firm hold on the keg. Move as quickly as possible to the platform, and load it, extending through your hips, knees, and ankles to get it as high as possible.",2
7119,181,"Return to the starting position to retrieve the next keg, and repeat until the event is completed.",3
7120,182,Place one kettlebell between your legs and take a wider than shoulder width stance. Bend over by pushing your butt out and keeping your back flat.,0
7121,182,Pick up a kettlebell and pass it to your other hand between your legs. The receiving hand should reach from behind the legs. Go back and forth for several repetitions.,1
7122,176,"Lie face down on the floor, with your arms extended out to your side, palms pressed to the floor. This will be your starting position.",0
7123,176,"To begin, flex one knee and bring that leg across the back of your body, attempting to touch it to the ground near the opposite hand.",1
7124,176,"Promptly return the leg to the starting postion, and quickly repeat with the other leg. Continue alternating for 10-20 repetitions.",2
7125,183,Place one kettlebell between your legs and take a comfortable stance. Bend over by pushing your butt out and keeping your back flat.,0
7126,183,"Pick up a kettlebell and pass it to your other hand between your legs, in the fashion of a W. Go back and forth for several repetitions.",1
7127,187,"Lie down on the floor with your right leg straight. Bend your left leg and lower it across your body, holding the knee down toward the floor with your right hand. (The knee doesn't need to touch the floor if you're tight.)",0
7128,187,Place your left arm comfortably beside you and turn your head to the left. Imagine you have a weight tied to your tailbone. let your tailbone fall back toward the floor as your chest reaches in the opposite direction to stretch your lower back. Switch sides.,1
7129,188,Stand with your legs together and hands by your waist.,0
7130,188,Now move your knees in a circular motion as you breathe normally.,1
7131,188,Repeat for the recommended amount of repetitions.,2
7132,184,"With a wide stance, hold a kettlebell with both hands. Allow it to hang at waist level with your arms extended. This will be your starting position.",0
7133,184,"Initiate the movement by turning to one side, swinging the kettlebell to head height. Briefly pause at the top of the motion.",1
7134,184,"Allow the bell to drop as you rotate to the opposite side, again raising the kettlebell to head height.",2
7135,184,Repeat for the desired amount of repetitions.,3
7136,185,Clean two kettlebells to your shoulders. Clean the kettlebells to your shoulders by extending through the legs and hips as you pull the kettlebells towards your shoulders. Rotate your wrists as you do so. This will be your starting position.,0
7137,185,"Begin to squat by flexing your hips and knees, lowering your hips between your legs. Maintain an upright, straight back as you descend as low as you can.",1
7138,185,"At the bottom, reverse direction and squat by extending your knees and hips, driving through your heels. As you do so, press both kettlebells overhead by extending your arms straight up, using the momentum from the squat to help drive the weights upward.",2
7139,185,"As you begin the next repetition, return the weights to the shoulders.",3
7140,186,"Place a kettlebell in front of your lead foot and clean and press it overhead with your opposite arm. Clean the kettlebell to your shoulder by extending through the legs and hips as you pull the kettlebell towards your shoulders. Rotate your wrist as you do so, so that the palm faces forward. Press it overhead by extending the elbow.",0
7440,284,After a brief pause return the weight to the starting position.,3
7441,284,Repeat for the desired number of repetitions before engaging the hooks to rack the weight.,4
7141,186,"Keeping the kettlebell locked out at all times, push your butt out in the direction of the locked out kettlebell. Turn your feet out at a forty-five degree angle from the arm with the locked out kettlebell. Bending at the hip to one side, sticking your butt out, slowly lean until you can touch the floor with your free hand. Keep your eyes on the kettlebell that you hold over your head at all times.",1
7142,186,Pause for a second after reaching the ground and reverse the motion back to the starting position.,2
7143,189,Position your body on the vertical leg raise bench so that your forearms are resting on the pads next to the torso and holding on to the handles. Your arms will be bent at a 90 degree angle.,0
7144,189,The torso should be straight with the lower back pressed against the pad of the machine and the legs extended pointing towards the floor. This will be your starting position.,1
7145,189,"Now as you breathe out, lift your legs up as you keep them extended. Continue this movement until your legs are roughly parallel to the floor and then hold the contraction for a second. Tip: Do not use any momentum or swinging as you perform this exercise.",2
7146,189,Slowly go back to the starting position as you breathe in.,3
7147,189,Repeat for the recommended amount of repetitions.,4
7148,190,"This drill helps increase arm efficiency during the run. Begin kneeling, left foot in front, right knee down. Apply pressure through the front heel to keep your glutes and hamstrings activated.",0
7149,190,"Begin by blocking the arms in long, pendulum like swings. Close the arm angle, blocking with the arms as you would when jogging, progressing to a run and finally a sprint.",1
7150,190,"As soon as your hands pass the hip, accelerate them forward during the sprinting motion to move them as quickly as possible.",2
7151,190,Switch knees and repeat.,3
7152,191,Connect a rope attachment to a high pulley cable and position a mat on the floor in front of it.,0
7153,191,Grab the rope with both hands and kneel approximately two feet back from the tower.,1
7154,191,Position the rope behind your head with your hands by your ears.,2
7155,191,"Keep your hands in the same place, contract your abs and pull downward on the rope in a crunching movement until your elbows reach your knees.",3
7156,191,Pause briefly at the bottom and rise up in a slow and controlled manner until you reach the starting position.,4
7157,191,"Repeat the same downward movement until you halfway down, at which time you begin rotating one of your elbows to the opposite knee.",5
7158,191,"Again, pause briefly at the bottom and rise up in a slow and controlled manner until you reach the starting position.",6
7159,191,"Repeat the same movement as before, but alternate the other elbow to the opposite knee.",7
7160,191,Continue this series of movements to failure.,8
7161,192,Position a bar into a landmine or securely anchor it in a corner. Load the bar to an appropriate weight.,0
7162,192,"Raise the bar from the floor, taking it to shoulder height with both hands with your arms extended in front of you. Adopt a wide stance. This will be your starting position.",1
7163,192,Perform the movement by rotating the trunk and hips as you swing the weight all the way down to one side. Keep your arms extended throughout the exercise.,2
7164,192,Reverse the motion to swing the weight all the way to the opposite side.,3
7165,192,Continue alternating the movement until the set is complete.,4
7166,193,"Position a bar into landmine or, lacking one, securely anchor it in a corner. Load the bar to an appropriate weight and position the handle attachment on the bar.",0
7167,193,"Raise the bar from the floor, taking the handles to your shoulders. This will be your starting position.",1
7168,193,"In an athletic stance, squat by flexing your hips and setting your hips back, keeping your arms flexed.",2
7169,193,"Reverse the motion by powerfully extending through the hips, knees, and ankles, while also extending the elbows to straighten the arms. This movement should be done explosively, coming out of the squat to full extension as powerfully as possible.",3
7170,193,Return to the starting position.,4
7171,194,"While lying on the floor, place a foam roll under your back and to one side, just behind your arm pit. This will be your starting position.",0
7172,194,"Keep the arm of the side being stretched behind and to the side of you as you shift your weight onto your lats, keeping your upper body off of the ground. Hold for 10-30 seconds, and switch sides.",1
7173,195,Load the pins to an appropriate weight. Position yourself directly between the handles.,0
7174,195,"Grasp the top handles with a comfortable grip, and then lower your hips as you take a breath. Look forward with your head and keep your chest up.",1
7175,195,"Drive through the floor with your heels, extending your hips and knees as you rise to a standing position. Keep your arms straight throughout the movement, finishing with your shoulders back. This will be your starting position.",2
7176,195,"Raise the weight by shrugging the shoulders towards your ears, moving straight up and down.",3
7177,195,"Pause at the top of the motion, and then return the weight to the starting position.",4
7178,196,This drill helps you accelerate as quickly as possible into a sprint from a dead stop. It helps to use a line to start from. Begin with two feet on the line. Place your left foot with the toe next to your right ankle. Place your right foot 4-6 inches behind the left.,0
7180,196,"Squat down as you lean foward, your head being lower than your hips and your weight loaded onto the left leg. This will be your starting position.",2
7181,196,"Take your left hand up so that it is parallel to the ground, pointing behind you, and explode out when ready.",3
7182,197,"Lean at around 45 degrees against a wall. Your feet should be together, glutes contracted.",0
7183,197,"Begin by lifting your right knee quickly, pausing, and then driving it straight down into the ground.",1
7184,197,"Switch legs, raising the opposite knee, and then attacking the ground straight down.",2
7185,197,"Repeat once more with your right leg, and as soon as the right foot strikes the ground hammer them out rapidly, alternating left and right as fast as you can.",3
7186,224,Hook a leather ankle cuff to a low cable pulley and then attach the cuff to your ankle.,0
7187,224,"Face the weight stack from a distance of about two feet, grasping the steel frame for support.",1
7442,285,"With the bar at thigh level, load an appropriate weight.",0
7188,224,"While keeping your knees and hips bent slightly and your abs tight, contract your glutes to slowly kick the working leg back in a semicircular arc as high as it will comfortably go as you breathe out. Tip: At full extension, squeeze your glutes for a second in order to achieve a peak contraction.",2
7189,224,"Now slowly bring your working leg forward, resisting the pull of the cable until you reach the starting position.",3
7190,224,Repeat for the recommended amount of repetitions.,4
7191,224,Switch legs and repeat the movement for the other side.,5
7192,198,"Begin standing with the log in front of you. Grasp the handles, and begin to clean the log. As you are bent over to start the clean, attempt to get the log as high as possible, pulling it into your chest. Extend through the hips and knees to bring it up to complete the clean.",0
7193,198,"Push your head back and look up, creating a shelf on your chest to rest the log. Begin the press by dipping, flexing slightly through the knees and reversing the motion. This push press will generate momentum to start the log moving vertically. Continue by extending through the elbows to press the log above your head. There are no strict rules on form, so use whatever techniques you are most efficient with. As the log is pressed, ensure that you push your head through on each repetition, looking forward.",1
7194,198,Repeat as many times as possible. Attempt to control the descent of the log as it is returned to the ground.,2
7195,199,"Attach a climbing rope to a high beam or cross member. Below it, ensure that the smith machine bar is locked in place with the safeties and cannot move. Alternatively, a secure box could also be utilized.",0
7196,199,"Stand on the bar, using the rope to balance yourself. This will be your starting position.",1
7197,199,"Keeping your body straight, lean back and lower your body by slowly going hand over hand with the rope. Continue until you are perpendicular to the ground.",2
7198,199,"Keeping your body straight, reverse the motion, going hand over hand back to the starting position.",3
7199,200,"Kneel on the floor, holding your heels with both hands.",0
7200,200,"Lift your buttocks up and forward while bringing your head back to look up at the ceiling, to give an arch in your back.",1
7201,201,"To move into the starting position, place the pulleys at the low position, select the resistance to be used and grasp a handle in each hand.",0
7202,201,"Step forward, gaining tension in the pulleys. Your palms should be facing forward, hands below the waist, and your arms straight. This will be your starting position.",1
7203,201,"With a slight bend in your arms, draw your hands upward and toward the midline of your body. Your hands should come together in front of your chest, palms facing up.",2
7204,201,Return your arms back to the starting position after a brief pause.,3
7205,203,"While holding a barbell or EZ Curl bar with a pronated grip (palms facing forward), lie on your back on a flat bench with your head off the end of the bench. Tip: If you are holding a barbell grab it using a shoulder-width grip and if you are using an E-Z Bar grab it on the inner handles.",0
7206,203,Extend your arms in front of you as you hold the barbell over your chest. The arms should be perpendicular to your torso (90-degree angle). This will be your starting position.,1
7207,203,"As you inhale, lower the bar in a semi-circular motion by bending at the elbows and while keeping the upper arm stationary and elbows in. Keep lowering the bar until it lightly touches your chin.",2
7208,203,"As you exhale bring the bar back up to the starting position by pushing the bar up in a semi-circular motion. Contract the triceps hard at the top of the movement for a second. Tip: Again, only the forearms should move. The upper arms should remain stationary at all times.",3
7209,203,Repeat for the recommended amount of repetitions.,4
7210,202,Lie on your back with your knees bent and the soles of the feet pressed together. Have your partner hold your knees. This will be your starting position.,0
7211,202,"Attempt to squeeze your knees together, while your partner prevents any movement from occurring.",1
7212,202,"After 10-20 seconds, relax your muscles as your partner gently pushes your knees towards the floor. Be sure to inform your helper when the stretch is adequate to prevent injury or overstretching.",2
7213,204,Lie on your back with your legs extended.,0
7214,204,"Cross one leg over your body with the knee bent, attempting to touch the knee to the ground. Your partner should kneel beside you, holding your shoulder down with one hand and controlling the crossed leg with the other. this will be your starting position.",1
7215,204,Attempt to raise the bent knee off of the ground as your partner prevents any actual movement.,2
7216,204,"After 10-20 seconds, relax the leg as your partner gently presses the knee towards the floor. Repeat with the other side.",3
7217,66,"Lie on your back, with one leg extended straight out.",0
7218,66,"With the other leg, bend the hip and knee to 90 degrees. You may brace your leg with your hands if necessary. This will be your starting position.",1
7219,66,"Extend your leg straight into the air, pausing briefly at the top. Return the leg to the starting position.",2
7220,66,"Repeat for 10-20 repetitions, and then switch to the other leg.",3
7221,210,Sit down on the Preacher Curl Machine and select the weight.,0
7222,210,Place the back of your upper arms (your triceps) on the preacher pad provided and grab the handles using an underhand grip (palms facing up). Tip: Make sure that when you place the arms on the pad you keep the elbows in. This will be your starting position.,1
7223,210,Now lift the handles as you exhale and you contract the biceps. At the top of the position make sure that you hold the contraction for a second. Tip: Only the forearms should move. The upper arms should remain stationary and on the pad at all times.,2
7224,210,Lower the handles slowly back to the starting position as you inhale.,3
7225,210,Repeat for the recommended amount of repetitions.,4
7226,364,"Being in a standing position. Jump into a split leg position, with one leg forward and one leg back, flexing the knees and lowering your hips slightly as you do so.",0
7227,364,"As you descend, immediately reverse direction, standing back up and jumping, reversing the position of your legs. Repeat 5-10 times on each leg.",1
7228,68,Lie face down with one leg on a foam roll.,0
7229,68,Rotate the leg so that the foam roll contacts against your inner thigh. Shift as much weight onto the foam roll as can be tolerated.,1
7230,68,"While trying to relax the muscles if the inner thigh, roll over the foam between your hip and knee, holding points of tension for 10-30 seconds. Repeat with the other leg.",2
7231,209,"Lay face down on the floor with your partner kneeling beside you. Flex one knee and raise that leg off the ground, attempting to touch your glutes with your foot. Your partner should hold the knee and ankle. This will be your starting position.",0
7232,209,Attempt to extend your knee while your partner prevents any actual movement.,1
7233,209,"After 10-20 seconds, relax your muscles as your partner gently pushes the foot towards your glutes, further stretching the quadriceps and hip flexors.",2
7234,209,"After 10-20 seconds, switch sides.",3
7235,211,"Using a spacing that is just about 1 inch wider than shoulder width, grab a pull-up bar with the palms of one hand facing forward and the palms of the other hand facing towards you. This will be your starting position.",0
7236,211,"Now start to pull yourself up as you exhale. Tip: With the arm that has the palms facing up concentrate on using the back muscles in order to perform the movement. The elbow of that arm should remain close to the torso. With the other arm that has the palms facing forward, the elbows will be away but in line with the torso. You will concentrate on using the lats to pull your body up.",1
7237,211,"After a second contraction at the top, start to slowly come down as you inhale.",2
7238,211,Repeat for the recommended amount of repetitions.,3
7239,211,"On the following set, switch grips; so if you had the right hand with the palms facing you and the left one with the palms facing forward, on the next set you will have the palms facing forward for the right hand and facing you for the left.",4
7240,212,Place a band around both ankles and another around both knees. There should be enough tension that they are tight when your feet are shoulder width apart.,0
7241,212,"To begin, take short steps forward alternating your left and right foot.",1
7242,212,"After several steps, do just the opposite and walk backward to where you started.",2
7243,213,"Begin in a pushup position, with your weight supported by your hands and toes. Flexing the knee and hip, bring one leg until the knee is approximately under the hip. This will be your starting position.",0
7244,213,"Explosively reverse the positions of your legs, extending the bent leg until the leg is straight and supported by the toe, and bringing the other foot up with the hip and knee flexed. Repeat in an alternating fashion for 20-30 seconds.",1
7245,214,"This move helps prepare your running form to help you excel at sprinting. As you run, be sure to flex the knee, aiming to kick your glutes as the hip extends.",0
7246,214,"Reload the quad as the leg moves back forward, attacking the ground on the next step.",1
7247,214,"Ensure that as you run, you block with the arms, punching through in a rapid 1-2 motion.",2
7248,331,Sit upright on a chair.,0
7249,331,Bend to one side with your arm over your head. You can hold onto the chair with your free hand.,1
7250,331,"Hold for 10 seconds, and repeat for your other side.",2
7251,215,"Using a muscle roller or a rolling pin, place the roller behind your head and against your neck. Make sure that you do not place the roller directly against the spine, but turned slightly so that the roller is pressed against the muscles to either side of the spine. This will be your starting position.",0
7252,215,"Starting at the top of your neck, slowly roll down the muscles of your neck, pausing at points of tension for 10-30 seconds.",1
7253,230,"Pin presses remove the eccentric phase of the bench press, developing starting strength. They also allow you to train a desired range of motion.",0
7254,230,"The bench should be set up in a power rack. Set the pins to the desired point in your range of motion, whether it just be lockout or an inch off of your chest. The bar should be moved to the pins and prepared for lifting.",1
7255,230,"Begin by lying on the bench, with the bar directly above the contact point during your regular bench. Tuck your feet underneath you and arch your back. Using the bar to help support your weight, lift your shoulder off the bench and retract them, squeezing the shoulder blades together. Use your feet to drive your traps into the bench. Maintain this tight body position throughout the movement.",2
7256,230,"You can take a standard bench grip, or shoulder width to focus on the triceps. The bar, wrist, and elbow should stay in line at all times. Focus on squeezing the bar and trying to pull it apart.",3
7257,230,Drive the bar up with as much force as possible. The elbows should be tucked in until lockout.,4
7258,230,"Return the bar to the pins, pausing before beginning the next repetition.",5
7259,232,Grab two wide-rimmed plates and put them together with the smooth sides facing outward,0
7260,232,Use your fingers to grip the outside part of the plate and your thumb for the other side thus holding both plates together. This is the starting position.,1
7261,232,Squeeze the plate with your fingers and thumb. Hold this position for as long as you can.,2
7262,232,Repeat for the recommended amount of sets prescribed in your program.,3
7263,232,Switch arms and repeat the movements.,4
7264,233,Lie down on the floor or an exercise mat with your legs fully extended and your upper body upright. Grab the plate by its sides with both hands out in front of your abdominals with your arms slightly bent.,0
7347,256,"Reverse the motion by extending the hips, kicking the leg back. It is very important not to over-extend the hip on this movement, stopping short of your full range of motion.",2
7265,233,Slowly cross your legs near your ankles and lift them up off the ground. Your knees should also be bent slightly. Note: Move your upper body back slightly to help keep you balanced turning this exercise. This is the starting position.,1
7266,233,Move the plate to the left side and touch the floor with it. Breathe out as you perform that movement.,2
7267,233,Come back to the starting position as you breathe in and then repeat the movement but this time to the right side of the body. Tip: Use a slow controlled movement at all times. Jerking motions can injure the back.,3
7268,233,Repeat for the recommended amount of repetitions.,4
7269,234,For this movement a wooden floor or similar is needed. Lay on your back with your legs extended. Place a gym towel or a light weight underneath your heel. This will be your starting position.,0
7270,234,"Begin the movement by flexing the knee, keeping your other leg straight.",1
7271,234,"Continue bringing the heel closer to you, sliding it on the floor.",2
7272,234,"At full knee flexion, reverse the movement to return to the starting position.",3
7273,236,You will need a partner for this exercise. Lay face down with your legs straight. Your assistant will place their hand on your heel.,0
7274,236,"To begin, flex the knee to curl your leg up. Your partner should provide resistance, starting light and increasing the pressure as the movement is completed. Communicate with your partner to monitor appropriate resistance levels.",1
7275,236,"Pause at the top, returning the leg to the starting position as your partner provides resistance going the other direction.",2
7281,238,Lie on the floor face down and place your hands closer than shoulder width for a close hand position. Make sure that you are holding your torso up at arms' length.,0
7282,238,Lower yourself until your chest almost touches the floor as you inhale.,1
7283,238,"Using your triceps and some of your pectoral muscles, press your upper body back up to the starting position and squeeze your chest. Breathe out as you perform this step.",2
7284,238,"After a second pause at the contracted position, repeat the movement for the prescribed amount of repetitions.",3
7285,239,Lie on the floor face down and place your hands about 36 inches apart from each other holding your torso up at arms length.,0
7286,239,"Place your toes on top of a flat bench. This will allow your body to be elevated. Note: The higher the elevation of the flat bench, the higher the resistance of the exercise is.",1
7287,239,Lower yourself until your chest almost touches the floor as you inhale.,2
7288,239,"Using your pectoral muscles, press your upper body back up to the starting position and squeeze your chest. Breathe out as you perform this step.",3
7289,239,"After a second pause at the contracted position, repeat the movement for the prescribed amount of repetitions.",4
7290,241,"Standing with the weight racked on the back of the shoulders, begin with the dip. With your feet directly under your hips, flex the knees without moving the hips backward. Go down only slightly, and reverse direction as powerfully as possible. Drive through the heels create as much speed and force as possible, moving the bar in a vertical path.",0
7291,241,"Using the momentum generated, finish pressing the weight overhead be extending through the arms.",1
7292,241,"Return to the starting position, using your legs to absorb the impact.",2
7293,243,Lie on the floor face down and body straight with your toes on the floor and the hands wider than shoulder width for a wide hand position and closer than shoulder width for a close hand position. Make sure you are holding your torso up at arms length.,0
7294,243,Lower yourself until your chest almost touches the floor as you inhale.,1
7295,243,"Using your pectoral muscles, press your upper body back up to the starting position and squeeze your chest. Breathe out as you perform this step.",2
7296,243,"After a second pause at the contracted position, repeat the movement for the prescribed amount of repetitions.",3
7297,244,Start off by rolling your torso forward onto the ball so your hips rest on top of the ball and become the highest point of your body.,0
7298,244,"Rest your hands and feet on the floor. Your arms and legs can be slightly bent or straight, depending on the size of the ball, your flexibility, and the length of your limbs. This also helps develop stabilizing strength in your torso and shoulders.",1
7299,246,You will need a box for this exerise.,0
7300,246,Begin facing the box standing 1-2 feet from its edge.,1
7301,246,"By utilizing your hips, hop onto the box, landing on both legs. Ensure that you land with your legs bent and your feet flat.",2
7302,246,"Immediately upon landing, fully extend through the entire body and swing your arms overhead to explode off of the box. Use your legs to absorb the impact of landing.",3
7303,247,"This drill teaches the delivery of the barbell to the rack position on the shoulders. Begin holding a bar in the scarecrow position, with the upper arms parallel to the floor, and the forearms hanging down. Use a hook grip, with your fingers wrapped over your thumbs.",0
7304,247,"Begin by rotating the elbows around the bar, delivering the bar to the shoulders. As your elbows come forward, relax your grip. The shoulders should be protracted, providing a shelf for the bar, which should lightly contact the throat.",1
7305,247,"It is important that the bar stay close to the body at all times, as with a heavier load any distance will result in an unwanted collision. As the movement becomes smoother, speed and load can be increased before progressing further.",2
7306,248,"Set up in a power rack with the bar on the pins. The pins should be set to the desired point; just below the knees, just above, or in the mid thigh position. Position yourself against the bar in proper deadlifting position. Your feet should be under your hips, your grip shoulder width, back arched, and hips back to engage the hamstrings. Since the weight is typically heavy, you may use a mixed grip, a hook grip, or use straps to aid in holding the weight.",0
7307,248,"With your head looking forward, extend through the hips and knees, pulling the weight up and back until lockout. Be sure to pull your shoulders back as you complete the movement.",1
7308,248,Return the weight to the pins and repeat.,2
7309,250,You will need a partner for this drill.,0
7310,250,Begin in an athletic 2 or 3 point stance.,1
7311,250,"At the signal, move into a position to receive the pass from your partner.",2
7312,250,Catch the medicine ball with both hands and immediately throw it back to your partner.,3
7313,250,You can modify this drill by running different routes.,4
7314,251,Grab an EZ-bar using a shoulder width and palms down (pronated) grip.,0
7315,251,Now place the upper part of both arms on top of the preacher bench and have your arms extended. This will be your starting position.,1
7316,251,"As you exhale, use the biceps to curl the weight up until your biceps are fully contracted and the barbell is at shoulder height. Squeeze the biceps hard for a second at the contracted position.",2
7317,251,"As you breathe in, slowly lower the barbell until your upper arms are extended and the biceps is fully stretched.",3
7318,251,Repeat for the recommended amount of repetitions.,4
7319,252,Lie down on the floor with your legs fully extended and arms to the side of your torso with the palms on the floor. Your arms should be stationary for the entire exercise.,0
7320,252,Move your legs up so that your thighs are perpendicular to the floor and feet are together and parallel to the floor. This is the starting position.,1
7321,252,"While inhaling, move your legs towards the torso as you roll your pelvis backwards and you raise your hips off the floor. At the end of this movement your knees will be touching your chest.",2
7322,252,Hold the contraction for a second and move your legs back to the starting position while exhaling.,3
7323,252,Repeat for the recommended amount of repetitions.,4
7324,253,"To begin, lie down on an incline bench with the chest and stomach pressing against the incline. Have the dumbbells in each hand with the palms facing each other (neutral grip).",0
7325,253,Extend the arms in front of you so that they are perpendicular to the angle of the bench. The legs should be stationary while applying pressure with the ball of your toes. This is the starting position.,1
7326,253,"Maintaining the slight bend of the elbows, move the weights out and away from each other (to the side) in an arc motion while exhaling. Tip: Try to squeeze your shoulder blades together to get the best results from this exercise.",2
7327,253,The arms should be elevated until they are parallel to the floor.,3
7328,253,Feel the contraction and slowly lower the weights back down to the starting position while inhaling.,4
7329,253,Repeat for the recommended amount of repetitions.,5
7330,249,"To begin, seat yourself on the bike and adjust the seat to your height.",0
7331,249,"Select the desired option from the menu. You may have to start pedaling to turn it on. You can use the manual setting, or you can select a program to use. Typically, you can enter your age and weight to estimate the amount of calories burned during exercise. The level of resistance can be changed throughout the workout. The handles can be used to monitor your heart rate to help you stay at an appropriate intensity.",1
7332,249,"Recumbent bikes offer convenience, cardiovascular benefits, and have less impact than other activities. A 150 lb person will burn about 230 calories cycling at a moderate rate for 30 minutes, compared to 450 calories or more running.",2
7333,254,"To begin, lie down on an incline bench set at a 30-degree angle with the chest and stomach pressing against the incline.",0
7334,254,Have the dumbbells in each hand with the palms facing down to the floor. Your arms should be in front of you so that they are perpendicular to the angle of the bench. Tip: Your elbows should have a slight bend. The legs should be stationary while applying pressure with the ball of your toes (your heels should not be touching the floor). This is the starting position.,1
7335,254,"Maintaining the slight bend of the elbows, move the weights out and away from each other in an arc motion while exhaling.",2
7336,254,"As you lift the weight, your wrist should externally rotate by 90-degrees so that you go from a palms down (pronated) grip to a palms facing each other (neutral) grip. Tip: Try to squeeze your shoulder blades together to get the best results from this exercise.",3
7337,254,The arms should be elevated until they are level with the head.,4
7338,254,Feel the contraction and slowly lower the weights back down to the starting position while inhaling.,5
7339,254,Repeat for the recommended amount of repetitions.,6
7340,255,Stand erect while holding a barbell with a supinated grip (palms facing up).,0
7341,255,"Bend your knees slightly and bring your torso forward, by bending at the waist, while keeping the back straight until it is almost parallel to the floor. Tip: Make sure that you keep the head up. The barbell should hang directly in front of you as your arms hang perpendicular to the floor and your torso. This is your starting position.",1
7342,255,"While keeping the torso stationary, lift the barbell as you breathe out, keeping the elbows close to the body and not doing any force with the forearm other than holding the weights. On the top contracted position, squeeze the back muscles and hold for a second.",2
7343,255,Slowly lower the weight again to the starting position as you inhale.,3
7344,255,Repeat for the recommended amount of repetitions.,4
7345,256,"Place your feet between the pads after loading an appropriate weight. Lay on the top pad, allowing your hips to hang off the back, while grasping the handles to hold your position.",0
7346,256,"To begin the movement, flex the hips, pulling the legs forward.",1
7348,256,"Return by again flexing the hip, pulling the carriage forward as far as you can.",3
7350,257,Adjust the handles so that they are fully to the rear. Make an appropriate weight selection and adjust the seat height so the handles are at shoulder level. Grasp the handles with your hands facing inwards. This will be your starting position.,0
7351,257,"In a semicircular motion, pull your hands out to your side and back, contracting your rear delts.",1
7352,257,"Keep your arms slightly bent throughout the movement, with all of the motion occurring at the shoulder joint.",2
7353,257,"Pause at the rear of the movement, and slowly return the weight to the starting position.",3
7354,258,"Start by standing straight with a weighted plate held by both hands and arms fully extended. Use a pronated grip (palms facing down) and make sure your fingers grab the rough side of the plate while your thumb grabs the smooth side. Note: For the best results, grab the weighted plate at an 11:00 and 1:00 o'clock position.",0
7355,258,Your feet should be shoulder width apart from each other and the weighted plate should be near the groin area. This is the starting position.,1
7356,258,Slowly lift the plate up while keeping the elbows in and the upper arms stationary until your biceps and forearms touch while exhaling. The plate should be evenly aligned with your torso at this point.,2
7357,258,Feel the contraction for a second and begin to lower the weight back down to the starting position while inhaling,3
7358,258,Repeat for the recommended amount of repetitions.,4
7359,260,"Grip a ring in each hand, and then take a small jump to help you get into the starting position with your arms locked out.",0
7360,260,"Begin by flexing the elbow, lowering your body until your arms break 90 degrees. Avoid swinging, and maintain good posture throughout the descent.",1
7361,260,"Reverse the motion by extending the elbow, pushing yourself back up into the starting position.",2
7362,260,Repeat for the desired number of repetitions.,3
7363,261,Grab the rope with both hands above your head. Pull down on the rope as you take a small jump.,0
7364,261,"Wrap the rope around one leg, using your feet to pinch the rope. Reach up as high as possible with your arms, gripping the rope tightly.",1
7365,261,"Release the rope from your feet as you pull yourself up with your arms, bringing your knees towards your chest.",2
7366,261,"Resecure your feet on the rope, and then stand up to take another high hold on the rope. Continue until you reach the top of the rope.",3
7367,261,"To lower yourself, loosen the grip of your feet on the rope as you slide down using a hand over hand motion.",4
7368,265,Lie down on the floor placing your feet either under something that will not move or by having a partner hold them. Your legs should be bent at the knees.,0
7369,265,Elevate your upper body so that it creates an imaginary V-shape with your thighs. Your arms should be fully extended in front of you perpendicular to your torso and with the hands clasped. This is the starting position.,1
7370,265,Twist your torso to the right side until your arms are parallel with the floor while breathing out.,2
7371,265,Hold the contraction for a second and move back to the starting position while breathing out. Now move to the opposite side performing the same techniques you applied to the right side.,3
7372,265,Repeat for the recommended amount of repetitions.,4
7373,266,"To load sandbags or other objects, begin with the implements placed a distance from the loading platform, typically 50 feet.",0
7374,266,"Begin by lifting the sandbag. Sandbags are extremely awkward, and the manner of lifting them can vary depending on the particular sandbag used. Reach as far around it as possible, extending through the hips and knees to pull it up high. Shouldering is usually not allowed.",1
7375,266,"Move as quickly as possible to the platform, and load it, extending through your hips, knees, and ankles to get it as high as possible. Place it onto the platform, ensuring it doesn't fall off.",2
7376,266,"Return to the starting position to retrieve the next sandbag, and repeat until the event is completed.",3
7377,268,Start out by sitting at the end of a flat bench with a barbell placed on top of your thighs. Your feet should be shoulder width apart from each other.,0
7378,268,Grip the bar with your palms facing down and make sure your hands are wider than shoulder width apart from each other. Begin to lift the barbell up over your head until your arms are fully extended.,1
7379,268,Now lower the barbell behind your head until it is resting along the base of your neck. This is the starting position.,2
7380,268,"While keeping your feet and head stationary, move your waist from side to side so that your oblique muscles feel the contraction. Only move from side to side as far as your waist will allow you to go. Stretching or moving too far can cause an injury to occur. Tip: Use a slow and controlled motion.",3
7381,268,Remember to breathe out while twisting your body to the side and in when moving back to the starting position.,4
7382,268,Repeat for the recommended amount of repetitions.,5
7383,279,Lay on the floor with your feet flat and knees bent.,0
7384,279,"Raise one leg off of the ground, pulling the knee to your chest. This will be your starting position.",1
7385,279,"Execute the movement by driving through the heel, extending your hip upward and raising your glutes off of the ground.",2
7386,279,"Extend as far as possible, pause and then return to the starting position.",3
7387,267,"To begin, lie down with your back pressed against the floor or on an exercise mat (optional). Your arms should be fully extended to the sides with your palms facing down. Note: The arms should be stationary the entire time.",0
7388,267,"With a slight bend at the knees, lift your legs up so that your heels are about 6 inches off the ground. This is the starting position.",1
7389,267,Now lift your left leg up to about a 45 degree angle while your right leg is lowered until the heel is about 2-3 inches from the ground.,2
7390,267,Switch movements by raising your right leg up and lowering your left leg. Remember to breathe while performing this exercise.,3
7391,267,Repeat for the recommended amount of repetitions.,4
7392,272,"Place a neck strap on the floor at the end of a flat bench. Once you have selected the weights, sit at the end of the flat bench with your feet wider than shoulder width apart from each other. Your toes should be pointed out.",0
7432,282,"Return to the starting position, taking a couple steps back to take the slack out of the line.",3
7393,272,"Slowly move your torso forward until it is almost parallel with the floor. Using both hands, securely position the neck strap around your head. Tip: Make sure the weights are still lying on the floor to prevent any strain on the neck. Now grab the weight with both hands while elevating your torso back until it is almost perpendicular to the floor. Note: Your head and torso needs to be slightly tilted forward to perform this exercise.",1
7394,272,Now place both hands on top of your knees. This is the starting position.,2
7395,272,Slowly lower your neck down until your chin touches the upper part of your chest while breathing in.,3
7396,272,"While exhaling, bring your neck back to the starting position.",4
7397,272,Repeat for the recommended amount of repetitions.,5
7398,273,"To get into the starting position, first sit down on the machine and place your feet on the front platform or crossbar provided making sure that your knees are slightly bent and not locked.",0
7399,273,Lean over as you keep the natural alignment of your back and grab the single handle attachment with your left arm using a palms-down grip.,1
7400,273,With your arm extended pull back until your torso is at a 90-degree angle from your legs. Your back should be slightly arched and your chest should be sticking out. You should be feeling a nice stretch on your lat as you hold the bar in front of you. The right arm can be kept by the waist. This is the starting position of the exercise.,2
7401,273,"Keeping the torso stationary, pull the handles back towards your torso while keeping the arms close to it as you rotate the wrist, so that by the time your hand is by your abdominals it is in a neutral position (palms facing the torso). Breathe out as you perform that movement. At that point you should be squeezing your back muscles hard.",3
7402,273,Hold that contraction for a second and slowly go back to the original position while breathing in. Tip: Remember to rotate the wrist as you go back to the starting position so that the palms are facing down again.,4
7403,273,Repeat for the recommended amount of repetitions and then perform the same movement with the right hand.,5
7404,274,Grab the pull-up bar with the palms facing forward using a wide grip.,0
7405,274,"As you have both arms extended in front of you holding the bar at a wide grip, bring your torso back around 30 degrees or so while creating a curvature on your lower back and sticking your chest out. This is your starting position.",1
7406,274,Pull your torso up while leaning to the left hand side until the bar almost touches your upper chest by drawing the shoulders and the upper arms down and back. Exhale as you perform this portion of the movement. Tip: Concentrate on squeezing the back muscles once you reach the full contracted position. The upper torso should remain stationary as it moves through space (no swinging) and only the arms should move. The forearms should do no other work other than hold the bar.,2
7407,274,"After a second of contraction, inhale as you go back to the starting position.",3
7408,274,"Now, pull your torso up while leaning to the right hand side until the bar almost touches your upper chest by drawing the shoulders and the upper arms down and back. Exhale as you perform this portion of the movement. Tip: Concentrate on squeezing the back muscles once you reach the full contracted position. The upper torso should remain stationary as it moves through space and only the arms should move. The forearms should do no other work other than hold the bar.",4
7409,274,"After a second of contraction, inhale as you go back to the starting position.",5
7410,274,Repeat steps 3-6 until you have performed the prescribed amount of repetitions for each side.,6
7411,275,"Begin by moving the pulleys to the high position, select the resistance to be used, and take a handle in each hand.",0
7412,275,"Step forward in front of both pulleys with your arms extended in front of you, bringing your hands together. Your head and chest should be up as you lean forward, while your feet should be staggered. This will be your starting position.",1
7413,275,"Keeping your left arm in place, allow your right arm to extend out to the side, maintaining a slight bend at the elbow. The right arm should be perpendicular to the body at approximately shoulder level.",2
7414,275,Return your arm back to the starting position by pulling your hand back to the midline of the body.,3
7415,275,Hold for a second at the starting position and repeat the movement on the opposite side. Continue alternating back and forth for the prescribed number of repetitions.,4
7416,276,Position a bar into a landmine or securely anchor it in a corner. Load the bar to an appropriate weight.,0
7417,276,"Raise the bar from the floor, taking it to your shoulders with one or both hands. Adopt a wide stance. This will be your starting position.",1
7418,276,"Perform the movement by extending the elbow, pressing the weight up. Move explosively, extending the hips and knees fully to produce maximal force.",2
7419,276,Return to the starting position.,3
7420,277,This drill teaches quick foot action. You need a single cone. Begin standing next to the cone with one arm back and one arm forward.,0
7421,277,"Chop the feet as quickly as possible, blocking with the arms. Circle the cone, keep your knees up, with violent foot action.",1
7422,277,Rest after three trips around the cone.,2
7423,278,"Begin by standing on one leg, with the bent knee raised. This will be your start position.",0
7424,278,"Using a countermovement jump, take off upward by extending the hip, knee, and ankle of the grounded leg.",1
7425,278,Immediately flex the knee and attempt to touch your butt with the heel of your jumping leg.,2
7426,278,Return the leg to a partially bent position underneath the hips and land. Your opposite leg should stay in relatively the same position throughout the drill.,3
7427,281,"To begin, load the sled with the desired weight and attach the pulling strap. You can pull with handles, use a harness, or attach the pulling strap to a weight belt.",0
7428,281,"Whether pulling forwards or backwards, lean in the direction of travel and progress by extending through the hips and knees.",1
7429,282,Attach dual handles to a sled connected by a rope or chain. Load the sled to a light weight.,0
7430,282,"Face the sled, backing up until there is some tension in the line. Take both handles at arms length at about waist level. Bend the knees slightly and keep your chest and head up. This will be your starting position.",1
7431,282,"Without flexing the elbow, pull the handles upward and apart, performing a reverse fly with some external rotation. Your palms should be facing forward as you do this.",2
7433,283,You will need a tire and a sledgehammer for this exercise. Stand in front of the tire about two feet away from it with a staggered stance. Grip the sledgehammer.,0
7434,283,"If you are right handed, your left hand should be at the bottom of the handle, and your right hand should be choking up closer to the head.",1
7435,283,"As you bring the sledge up, your right hand slides toward the head; as you swing down, your right hand will slide down to join your left hand. Slam it down as hard as you can against the tire. Control the bounce of the hammer off of the tire.",2
7436,283,Repeat on the other side.,3
7437,284,"With the bar at thigh level, load an appropriate weight.",0
7438,284,"Stand with the bar behind you, taking a shoulder-width, pronated grip on the bar and unhook the weight. You should be standing up straight with your head and chest up and your arms extended. This will be your starting position.",1
7443,285,"Take a wide grip on the bar and unhook the weight, removing your off hand from the bar. Your arm should be extended as you stand up straight with your head and chest up. This will be your starting position.",1
7444,285,"Begin the movement by flexing the elbow, raising the upper arm with the elbow pointed out. Continue until your upper arm is parallel to the floor.",2
7445,285,"After a brief pause, return the weight to the starting position.",3
7446,285,Repeat for the desired number of repetitions before engaging the hooks to rack the weight.,4
7447,286,Hold a dumbbell in each hand with a pronated grip. Your feet should be wide with your hips and knees extended. This will be your starting position.,0
7448,286,"Begin the movement by pulling both of the dumbbells to one side next to your hip, rotating your torso.",1
7449,286,"Keeping your arms straight and the dumbbells parallel to the ground, rotate your torso to swing the weights to your opposite side.",2
7450,286,"Continue alternating, rotating from one side to the other until the set is complete.",3
7451,287,"Begin in a prone position on the floor. Support your weight on your hands and toes, with your feet together and your body straight. Your arms should be bent to 90 degrees. This will be your starting position.",0
7452,287,"Initiate the movement by raising one foot off of the ground. Externally rotate the leg and bring the knee toward your elbow, as far forward as possible.",1
7453,287,Return this leg to the starting position and repeat on the opposite side.,2
7454,308,"Begin by gripping the bottom of the tire on the tread, and position your feet back a bit. Your chest should be driving into the tire.",0
7455,308,"To lift the tire, extend through the hips, knees, and ankles, driving into the tire and up.",1
7456,308,"As the tire reaches a 45 degree angle, step forward and drive a knee into the tire. As you do so adjust your grip to the upper portion of the tire and push it forward as hard as possible to complete the turn. Repeat as necessary.",2
7457,280,Roller skating is a fun activity which can be effective in improving cardiorespiratory fitness and muscular endurance. It requires relatively good balance and coordination. It is necessary to learn the basics of skating including turning and stopping and to wear protective gear to avoid possible injury.,0
7458,280,"You can skate at a comfortable pace for 30 minutes straight. If you want a cardio challenge, do interval skating speed skate two minutes of every five minutes, using the remaining three minutes to recover. A 150 lb person will typically burn about 175 calories in 30 minutes skating at a comfortable pace, similar to brisk walking.",1
7459,290,"Connect a standard handle on a tower, and move the cable to the lowest pulley position.",0
7460,290,"With your side to the cable, grab the handle with one hand and step away from the tower. You should be approximately arm length away from the pulley, with the tension of the weight on the cable. Your outstretched arm should be aligned with the cable.",1
7461,290,"With your feet positioned shoulder width apart, squat down and grab the handle with both hands. Your arms should still be fully extended.",2
7462,290,"In one motion, pull the handle up and across your body until your arms are in a fully-extended position above your head.",3
7463,290,Keep your back straight and your arms close to your body as you pivot your back foot and straighten your legs to get a full range of motion.,4
7464,290,Retract your arms and then your body. Return to the neutral position in a slow and controlled manner.,5
7465,290,Repeat to failure.,6
7466,290,"Then, reposition and repeat the same series of movements on the opposite side.",7
7467,291,"Connect a standard handle to a tower, and move the cable to the highest pulley position.",0
7468,291,"With your side to the cable, grab the handle with one hand and step away from the tower. You should be approximately arm length away from the pulley, with the tension of the weight on the cable. Your outstretched arm should be aligned with the cable.",1
7469,291,"With your feet positioned shoulder width apart, reach upward with your other hand and grab the handle with both hands. Your arms should still be fully extended.",2
7470,291,"In one motion, pull the handle down and across your body to your front knee while rotating your torso.",3
7471,291,Keep your back and arms straight and core tight while you pivot your back foot and bend your knees to get a full range of motion.,4
7472,291,Maintain your stance and straight arms. Return to the neutral position in a slow and controlled manner.,5
7473,291,Repeat to failure.,6
7474,291,"Then, reposition and repeat the same series of movements on the opposite side.",7
7475,292,"To begin, stand straight while holding a weight plate by the ridge at arm's length in each hand using a neutral grip (palms facing in). You feet should be shoulder width apart from each other. This will be your starting position.",0
7476,292,Lower the plates until the fingers are nearly extended but can still hold weights. Inhale as you lower the plates.,1
7477,292,Now raise the plates back to the starting position as you exhale by closing your hands.,2
7478,292,Repeat for the recommended amount of repetitions prescribed in your program.,3
7479,295,"Stand with your feet shoulder width apart holding a medicine ball in both hands. To begin, reach the medicine ball deep behind your head as you bend the knees slightly and lean back.",0
7480,295,"Violently throw the ball forward, flexing at the hip and using your whole body to complete the movement.",1
7481,295,"The medicine ball can be thrown to a partner or to a wall, receiving it as it bounces back.",2
7482,293,Start off with your feet hip-distance apart.,0
7483,293,Bend your knees slightly to keep them soft and springy.,1
7484,293,You may want to move your pelvis forward and backward and back few times before holding the tailbone forward in this stretch.,2
7485,298,Place a dumbbell standing up on a flat bench.,0
7486,298,"Ensuring that the dumbbell stays securely placed at the top of the bench, lie perpendicular to the bench (torso across it as in forming a cross) with only your shoulders lying on the surface. Hips should be below the bench and legs bent with feet firmly on the floor. The head will be off the bench as well.",1
7487,298,Grasp the dumbbell with both hands and hold it straight over your chest at arms length. Both palms should be pressing against the underside one of the sides of the dumbbell. This will be your starting position.Caution: Always ensure that the dumbbell used for this exercise is secure. Using a dumbbell with loose plates can result in the dumbbell falling apart and falling on your face.,2
7488,298,"While keeping your arms straight, lower the weight slowly in an arc behind your head while breathing in until you feel a stretch on the chest.",3
7489,298,"At that point, bring the dumbbell back to the starting position using the arc through which the weight was lowered and exhale as you perform this movement.",4
7490,298,Hold the weight on the initial position for a second and repeat the motion for the prescribed number of repetitions.,5
7491,300,This drill is great for chest passes when you lack a partner or a wall of sufficient strength. Lay on the ground on your back with your knees bent.,0
7492,300,"Begin with the ball on your chest, held with both hands on the bottom.",1
7493,300,"Explode up, extending through the elbow to throw the ball directly above you as high as possible.",2
7494,300,Catch the ball with both hands as it comes down.,3
7495,301,"Lay on the ground on your back with your knees bent. Hold the ball with one hand, extending the arm fully behind your head. This will be your starting position.",0
7496,301,"Initiate the movement at the shoulder, throwing the ball directly forward of you as you sit up, attempting to go for maximum distance.",1
7497,301,The ball can be thrown to a partner or bounced off of a wall.,2
7498,302,Lay on the ground on your back with your knees bent.,0
7499,302,"Hold the ball with both hands, extending the arms fully behind your head. This will be your starting position.",1
7500,302,"Initiate the movement at the shoulder, throwing the ball directly forward of you as you sit up, attempting to go for maximum distance.",2
7501,302,The ball can be thrown to a partner or bounced off of a wall.,3
7502,303,"Adjust the straps so the handles are at an appropriate height, below waist level.",0
7503,303,"Begin standing and grasping the handles. Lean into the straps, moving to an incline push-up position. This will be your starting position.",1
7504,303,"Keeping your arms straight, lean further into the suspension straps, bringing your body closer to the ground, allowing your shoulders to extend, raising your arms up and over your head.",2
7505,303,"Maintain a neutral spine and keep the rest of your body straight, your shoulders being the only joints allowed to move.",3
7506,303,"Pause during the peak contraction, and then return to the starting position.",4
7507,304,Secure a set of suspension straps with the handles hanging about a foot off of the ground. Move yourself into a pushup plank position facing away from the rack.,0
7508,304,"Place your feet into the handles. You should maintain a straight posture, not allowing the hips to sag. This will be your starting position.",1
7509,304,"Begin the movement by flexing the knees and hips, drawing the knees to your torso. As you do so, anteriorly tilt your pelvis, allowing your spine to flex.",2
7510,304,"At the top of the controlled motion, return to the starting position.",3
7511,306,"To begin, sit down on the abductor machine and select a weight you are comfortable with. When your legs are positioned properly, grip the handles on each side. Your entire upper body (from the waist up) should be stationary. This is the starting position.",0
7512,306,Slowly press against the machine with your legs to move them away from each other while exhaling.,1
7513,306,Feel the contraction for a second and begin to move your legs back to the starting position while breathing in. Note: Remember to keep your upper body stationary to prevent any injuries from occurring.,2
7514,306,Repeat for the recommended amount of repetitions.,3
7515,307,"To begin, sit down on the adductor machine and select a weight you are comfortable with. When your legs are positioned properly on the leg pads of the machine, grip the handles on each side. Your entire upper body (from the waist up) should be stationary. This is the starting position.",0
7516,307,Slowly press against the machine with your legs to move them towards each other while exhaling.,1
7517,307,Feel the contraction for a second and begin to move your legs back to the starting position while breathing in. Note: Remember to keep your upper body stationary and avoid fast jerking motions in order to prevent any injuries from occurring.,2
7518,307,Repeat for the recommended amount of repetitions.,3
7519,310,"To begin, lie down on the floor or an exercise mat with your back pressed against the floor. Your arms should be lying across your sides with the palms facing down.",0
7520,310,Your legs should be crossed by wrapping one ankle around the other. Slowly elevate your legs up in the air until your thighs are perpendicular to the floor with a slight bend at the knees. Note: Your knees and toes should be parallel to the floor as opposed to the thighs.,1
7521,310,Move your arms from the floor and cross them so they are resting on your chest. This is the starting position.,2
7522,310,"While keeping your lower back pressed against the floor, slowly lift your torso. Remember to exhale while perform this part of the exercise.",3
7523,310,Slowly begin to lower your torso back down to the starting position while inhaling.,4
7524,310,Repeat for the recommended amount of repetitions.,5
7525,311,Start by placing the middle of the V-bar in the middle of the pull-up bar (assuming that the pull-up station you are using does not have neutral grip handles). The V-Bar handles will be facing down so that you can hang from the pull-up bar through the use of the handles.,0
7526,311,"Once you securely place the V-bar, take a hold of the bar from each side and hang from it. Stick your chest out and lean yourself back slightly in order to better engage the lats. This will be your starting position.",1
7527,311,"Using your lats, pull your torso up while leaning your head back slightly so that you do not hit yourself with the chin-up bar. Continue until your chest nearly touches the V-bar. Exhale as you execute this motion.",2
7528,311,"After a second hold on the contracted position, slowly lower your body back to the starting position as you breathe in.",3
7529,311,Repeat for the prescribed number of repetitions.,4
7530,312,"To begin, lie down on an exercise ball with your torso pressing against the ball and parallel to the floor. The ball of your feet should be pressed against the floor to help keep you balanced. Place a weighted plate under your chin or behind your neck. This is the starting position.",0
7531,312,Slowly raise your torso up by bending at the waist and lower back. Remember to exhale during this movement.,1
7532,312,Hold the contraction on your lower back for a second and lower your torso back down to the starting position while inhaling.,2
7533,312,Repeat for the recommended amount of repetitions prescribed in your program.,3
7534,313,Lie flat on your back with your feet flat on the ground or resting on a bench with your knees bent at a 90 degree angle.,0
7535,313,"Hold a weight to your chest, or you may hold it extended above your torso. This will be your starting position.",1
7536,313,"Now, exhale and slowly begin to roll your shoulders off the floor. Your shoulders should come up off the floor about 4 inches while your lower back remains on the floor.",2
7537,313,"At the top of the movement, flex your abdominals and hold for a brief pause.",3
7538,313,Then inhale and slowly lower yourself back down to the starting position.,4
7539,314,"Start out by strapping the bands around the base of the decline bench. Place the handles towards the inside of the decline bench so that when lying down, you can reach for both of them.",0
7540,314,Position your legs through the decline machine until they are secured. Now reach for the exercise bands with both hands. Use a pronated (palms forward) grip to grasp the handles. Position them near your collar bone and rotate your wrist to a neutral grip (palms facing the torso). Note: Your arms should remain stationary throughout the exercise. This is the starting position.,1
7541,314,Move your torso upward until your upper body is perpendicular to the floor while exhaling. Hold the contraction for a second and lower your upper body back down to the starting position while inhaling.,2
7542,314,Repeat for the recommended amount of repetitions.,3
7543,315,Lie down on a decline bench with both legs securely locked in position. Reach for the barbell behind the head using a pronated grip (palms facing out). Make sure to grab the barbell wider than shoulder width apart for this exercise. Slowly lift the barbell up from the floor by using your arms.,0
7544,315,"When positioned properly, your arms should be fully extended and perpendicular to the floor. This is the starting position.",1
7545,315,"Begin by moving the barbell back down in a semicircular motion as if you were going to place it on the floor, but instead, stop when the arms are parallel to the floor. Tip: Keep the arms fully extended at all times. The movement should only happen at the shoulder joint. Inhale as you perform this portion of the movement.",2
7546,315,Now bring the barbell up while exhaling until you are back at the starting position. Remember to keep full control of the barbell at all times.,3
7547,315,Repeat the movement for the prescribed amount of repetitions of your training program.,4
7548,315,"When finished with your set, slowly lower the barbell back down until it is level with your head and release it.",5
7549,316,"Begin with a barbell loaded on the floor. Adopt a wide stance, and then bend at the hips to grab the bar. Your hips should be as far back as possible, and your legs nearly straight. Keep your back straight, and your head and chest up. This will be your starting position.",0
7550,316,"Begin the movement be engaging the hips, driving them forward as you allow the arms to hang straight. Continue until you are standing straight up, and then slowly return the weight to the starting position. For successive reps, the weight need not touch the floor.",1
7551,317,Hang from a pull-up bar using a pronated grip. Your arms and legs should be extended. This will be your starting position.,0
7552,317,Begin by quickly raising one knee as high as you can. Do not swing your body or your legs. 3,1
7553,317,"Immediately reverse the motion, returning that leg to the starting position. Simultaneously raise the opposite knee as high as possible.",2
7554,317,Continue alternating between legs until the set is complete.,3
7555,320,"To begin, stand straight up grabbing a wrist roller using a pronated grip (palms facing down). Your feet should be shoulder width apart.",0
7556,320,Slowly lift both arms until they are fully extended and parallel to the floor in front of you. Note: Make sure the rope is not wrapped around the roller. Your entire body should be stationary except for the forearms. This is the starting position.,1
7557,320,Rotate one wrist at a time in an upward motion to bring the weight up to the bar by rolling the rope around the roller.,2
7558,320,"Once the weight has reached the bar, slowly begin to lower the weight back down by rotating the wrist in a downward motion until the weight reaches the starting position.",3
7559,320,Repeat for the prescribed amount of repetitions in your program.,4
7560,321,Hold a barbell with both hands and your palms facing down; hands spaced about shoulder width. This will be your starting position.,0
7561,321,"Alternating between each of your hands, perform the movement by extending the wrist as though you were rolling up a newspaper. Continue alternating back and forth until failure.",1
7562,321,"Reverse the motion by flexing the wrist, rolling the opposite direction. Continue the alternating motion until failure.",2
7563,322,"The yoke is usually done with a yoke apparatus, but is sometimes seen with refrigerators or other heavy objects.",0
7564,322,"Begin by racking the apparatus across the back of the shoulders. With your head looking forward and back arched, lift the yoke by driving through the heels.",1
7565,322,"Begin walking as quickly as possible using short, quick steps. You may hold the side posts of the yoke to help steady it and hold it in position. Continue for the given distance as fast as possible, usually 75-100 feet.",2
7566,323,Lie down on the floor and secure your feet. Your legs should be bent at the knees.,0
7567,323,Place your hands behind or to the side of your head. You will begin with your back on the ground. This will be your starting position.,1
7568,323,Flex your hips and spine to raise your torso toward your knees.,2
7569,323,"At the top of the contraction your torso should be perpendicular to the ground. Reverse the motion, going only of the way down.",3
7570,323,Repeat for the recommended amount of repetitions.,4
7571,325,Assume a comfortable stance with one foot slightly in front of the other.,0
7572,325,"Begin by pushing off with the front leg, driving the opposite knee forward and as high as possible before landing. Attempt to cover as much distance to each side with each bound.",1
7573,325,It may help to use a line on the ground to guage distance from side to side.,2
7574,325,Repeat the sequence with the other leg.,3
7575,326,Anchor a band around a solid post or other object.,0
7576,326,"Stand with your left side to the post, and put your right foot through the band, getting it around the ankle.",1
7577,326,Stand up straight and hold onto the post if needed. This will be your starting position.,2
7578,326,"Keeping the knee straight, raise your right legs out to the side as far as you can.",3
7579,326,Return to the starting position and repeat for the desired rep count.,4
7580,326,Switch sides.,5
7581,327,"Assume a plank position on the ground. You should be supporting your bodyweight on your toes and forearms, keeping your torso straight. Your forearms should be shoulder-width apart. This will be your starting position.",0
7582,327,"Pressing your palms firmly into the ground, extend through the elbows to raise your body from the ground. Keep your torso rigid as you perform the movement.",1
7583,327,Slowly lower your forearms back to the ground by allowing the elbows to flex.,2
7584,327,Repeat.,3
7585,328,Begin by lying on your back on the ground. Your legs should be straight and your arms at your side. This will be your starting position.,0
7586,328,"To perform the movement, tuck the knees toward your chest by flexing the hips and knees. Following this, extend your legs directly above you so that they are perpendicular to the ground. Rotate and elevate your pelvis to raise your glutes from the floor.",1
7587,328,"After a brief pause, return to the starting position.",2
7588,329,You will need several boxes lined up about 8 feet apart.,0
7589,329,Begin facing the first box with one leg slightly behind the other.,1
7590,329,"Drive off the back leg, attempting to gain as much height with the hips as possible.",2
7591,329,"Immediately upon landing on the box, drive the other leg forward and upward to gain height and distance, leaping from the box. Land between the first two boxes with the same leg that landed on the first box.",3
7592,329,"Then, step to the next box and repeat.",4
7593,333,Stand with your torso upright holding two dumbbells in your hands by your sides. This will be your starting position.,0
7594,333,"Step forward with your right leg around 2 feet or so from the foot being left stationary behind and lower your upper body down, while keeping the torso upright and maintaining balance. Inhale as you go down. Note: As in the other exercises, do not allow your knee to go forward beyond your toes as you come down, as this will put undue stress on the knee joint. Make sure that you keep your front shin perpendicular to the ground.",1
7595,333,"Using mainly the heel of your foot, push up and go back to the starting position as you exhale.",2
7596,333,Repeat the movement for the recommended amount of repetitions and then perform with the left leg.,3
7597,336,Lie on an exercise mat or a flat bench with your legs off the end.,0
7598,336,Place your hands either under your glutes with your palms down or by the sides holding on to the bench (or with palms down by the side on an exercise mat). Also extend your legs straight out. This will be your starting position.,1
7599,336,Bend your knees and pull your upper thighs into your midsection as you breathe out. Continue this movement until your knees are near your chest. Hold the contracted position for a second.,2
7600,336,"As you breathe in, slowly return to the starting position.",3
7601,336,Repeat for the recommended amount of repetitions.,4
7602,337,"Adjust the j-hooks so they are at the appropriate height to rack the bar. For this exercise, drape the chains directly over the end of the bar, trying to keep the ends away from the plates.",0
7603,337,"Begin lying on the floor with your head near the end of a power rack. Keeping your shoulder blades pulled together, pull the bar off of the hooks.",1
7604,337,"Lower the bar towards the bottom of your chest or upper stomach, squeezing the bar and attempting to pull it apart as you do so. Ensure that you tuck your elbows throughout the movement. Lower the bar until your upper arm contacts the ground and pause, preventing any slamming or bouncing of the weight.",2
7605,337,"Press the bar back up as fast as you can, keeping the bar, your wrists, and elbows in line as you do so.",3
7606,338,"Utilize a heavy bag for this exercise. Assume an upright stance next to the bag, with your feet staggered, fairly wide apart. Place your hand on the bag at about chest height. This will be your starting position.",0
7607,338,"Begin by twisting at the waist, pushing the bag forward as hard as possible. Perform this move quickly, pushing the bag away from your body.",1
7608,338,Receive the bag as it swings back by reversing these steps.,2
7609,340,"Place a kettlebell on the ground between your feet. Position your feet in a wide stance, and grasp the kettlebell with two hands. Set your hips back as far as possible, with your knees bent. Keep your chest and head up. This will be your starting position.",0
7610,340,"Begin by extending the hips and knees, simultaneously pulling the kettlebell to your shoulders, raising your elbows as you do so. Reverse the motion to return to the starting position.",1
7611,343,Position a number of cones in a row several feet apart.,0
7612,343,"Stand next to the end of the cones, facing 90 degrees to the direction of travel. This will be your starting position.",1
7613,343,"Begin the jump by dipping with the knees to initiate a stretch reflex, and immediately reverse direction to push off the ground, jumping up and sideways over the cone.",2
7614,343,"Use your legs to absorb impact upon landing, and rebound into the next jump, continuing down the row of cones.",3
7615,344,Lie on an exercise mat with your legs extended and your hands either palms facing down next to you or under your glutes. Tip: My preference is with the hands next to me. This will be your starting position.,0
7616,344,"Bend your knees and pull your upper thighs into your midsection as you breathe out. Continue the motion until your knees are around chest level. Contract your abs as you execute this movement and hold for a second at the top. Tip: As you perform the motion, the lower legs (calves) should always remain parallel to the floor.",1
7617,344,Return to the starting position as you inhale.,2
7618,344,Repeat for the recommended amount of repetitions.,3
7619,345,Lie on your stomach with your arms out to your sides. This will be your starting position.,0
7620,345,"Using your lower back muscles, extend your spine lifting your chest off of the ground. Do not use your arms to push yourself up. Keep your head up during the movement. Repeat for 10-20 repetitions.",1
7621,346,Stand with your torso upright holding a kettlebell in your right hand. This will be your starting position.,0
7622,346,"Step forward with your left foot and lower your upper body down by flexing the hip and the knee, keeping the torso upright. Lower your back knee until it nearly touches the ground.",1
7623,346,"As you lunge, pass the kettlebell under your front leg to your opposite hand.",2
7624,346,"Pressing through the heel of your foot, return to the starting position.",3
7625,346,"Repeat the movement for the recommended amount of repetitions, alternating legs.",4
7626,350,Secure your feet and lay back on the floor. Your knees should be bent. Hold a weight with both hands to your chest. This will be your starting position.,0
7627,350,Initiate the movement by flexing the hips and spine to raise your torso up from the ground.,1
7628,350,"As you move up, press the weight up so that it is above your head at the top of the movement.",2
7629,350,"Return the weight to your chest as you reverse the sit-up motion, ensuring not to go all the way down to the floor.",3
7630,342,Start by kneeling on a mat with your palms flat and your fingers pointing back toward your knees.,0
7631,342,Slowly lean back keeping your palms flat on the floor until you feel a stretch in your wrists and forearms. Hold for 20-30 seconds.,1
7632,347,Stand so your feet are shoulder width apart and your hands are on your hips.,0
7633,347,"Twist at your waist until you feel a stretch. Hold for 10 to 15 seconds, then twist to the other side.",1
7634,355,"In the power stairs, implements are moved up a staircase. For training purposes, these can be performed with a tire or box.",0
7635,355,"Begin by taking the implement with both hands. Set your feet wide, with your head and chest up. Drive through the ground with your heels, extending your knees and hips to raise the weight from the ground.",1
7636,355,"As you lean back, attempt to swing the weight onto the stairs, which are usually around 16-18 high. You can use your legs to help push the weight onto the stair.",2
7637,355,"Repeat for 3-5 repetitions, and continue with a heavier weight, moving as fast as possible.",3
7638,357,Sit on a bench with the legs stretched out in front of you slightly below parallel and your arms holding on to the sides of the bench. Your torso should be leaning backwards around a 45-degree angle from the bench. This will be your starting position.,0
7639,357,Bring the knees in toward you as you move your torso closer to them at the same time. Breathe out as you perform this movement.,1
7640,357,"After a second pause, go back to the starting position as you inhale.",2
7641,357,Repeat for the recommended amount of repetitions.,3
7642,359,Put a bench in front of a low pulley machine that has a barbell or EZ Curl attachment on it.,0
7643,359,Move the bench far enough away so that when you bring the handle to the top of your thighs tension is created on the cable due to the weight stack being moved up.,1
7644,359,"Now hold the handle with both hands, palms up, using a shoulder-width grip.",2
7645,359,"Step back and sit on the bench with your feet about shoulder width apart, firmly on the floor.",3
7646,359,Lean forward and place the forearms on your thighs with the back of your wrists over your knees. This will be your starting position.,4
7647,359,"Lower the bar as far as possible, while inhaling and keeping a tight grip.",5
7648,359,Now curl the bar up as high as possible while contracting the forearms. Tip: Only the wrist should move; not the forearms.,6
7649,359,After a second contraction at the top go back to the starting position as you inhale.,7
7650,359,Repeat for the recommended amount of repetitions.,8
7651,361,"Stand next to a chair, which you may hold onto as a support. Stand on one leg. This will be your starting position.",0
7652,361,"Keeping your leg straight, raise it as far out to the side as possible, and swing it back down, allowing it to cross the opposite leg.",1
7653,361,"Repeat this swinging motion 5-10 times, increasing the range of motion as you do so.",2
7654,356,"It's easiest to get into this stretch if you start standing up, put one leg behind you, and slowly lower your torso down to the floor.",0
7655,356,"Keep the front heel on the floor (if it lifts up, scoot your other leg further back).",1
7656,356,"Place your hands on either side of your front leg. To get more out of this stretch, push your butt up toward the ceiling, and then gradually lower it back toward the floor. You'll Stretch the hip flexor of the back leg and the hamstring and buttocks of the front.",2
7657,363,"For this exercise anchor a band to the ground. We used an incline bench and anchored the band to the base, standing over the bench. Alternatively, this could be performed standing on the band.",0
7658,363,"To begin, pull the band behind your head, holding it with a pronated grip and your elbows up. This will be your starting position.",1
7659,363,"To perform the movement, extend through the elbow to to straighten your arms, ensuring that you keep your upper arm in place.",2
7660,363,"Pause, and then return to the starting position.",3
7661,366,Stand facing a box or bench of an appropriate height with your feet together. This will be your starting position.,0
7662,366,"Begin the movement by stepping up, putting your left foot on the top of the bench. Extend through the hip and knee of your front leg to stand up on the box. As you stand on the box with your left leg, flex your right knee and hip, bringing your knee as high as you can.",1
7663,366,"Reverse this motion to step down off the box, and then repeat the sequence on the opposite leg.",2
7664,367,"Place a loaded barbell on the end of a bench. Standing on the bench behind the bar, take a medium, pronated grip. Stand with your hips back and chest up, maintaining a neutral spine. This will be your starting position.",0
7665,367,Row the bar to your torso by retracting the shoulder blades and flexing the elbows. Use a controlled movement with no jerking.,1
7666,367,"After a brief pause, slowly return the bar to the starting position, ensuring to go all the way down.",2
7667,368,Sit down on a pull-down machine with a wide bar attached to the top pulley. Adjust the knee pad of the machine to fit your height. These pads will prevent your body from being raised by the resistance attached to the bar.,0
7668,368,Grab the pull-down bar with the palms facing your torso (a supinated grip). Make sure that the hands are placed closer than the shoulder width.,1
7669,368,"As you have both arms extended in front of you holding the bar at the chosen grip width, bring your torso back around 30 degrees or so while creating a curvature on your lower back and sticking your chest out. This is yourstarting position.",2
7670,368,"As you breathe out, pull the bar down until it touches your upper chest by drawing the shoulders and the upper arms down and back. Tip: Concentrate on squeezing the back muscles once you reach the fully contracted position and keep the elbows close to your body. The upper torso should remain stationary as your bring the bar to you and only the arms should move. The forearms should do no other work other than hold the bar.",3
7671,368,"After a second on the contracted position, while breathing in, slowly bring the bar back to the starting position when your arms are fully extended and the lats are fully stretched.",4
7672,368,Repeat this motion for the prescribed amount of repetitions.,5
7673,365,Start by standing with your back about two to three feet away from a bench or step.,0
7674,365,"Lift one leg behind you and rest your foot on the step,either on your instep or the ball of your foot, whichever you find most comfortable.",1
7675,365,Keep your supporting knee slightly bent and avoid letting that knee extend out beyond your toes. Switch sides.,2
