"id","microcycle_id","date","day_number","session_type","intent_tags","estimated_duration_minutes","warmup_duration_minutes","main_duration_minutes","accessory_duration_minutes","finisher_duration_minutes","cooldown_duration_minutes","coach_notes","main_circuit_id","finisher_circuit_id","user_id","total_stimulus","total_fatigue","cns_fatigue","muscle_volume_json"
5619,751,2026-02-10,5,RECOVERY,[],10,,,,,,,,,1,0,0,0,{}
117,17,2026-02-16,5,FULL_BODY,["squat", "vertical_push", "horizontal_pull"],,,,,,,,,,1,,,,
118,17,2026-02-17,6,RECOVERY,[],,,,,,,,,,1,,,,
119,17,2026-02-18,7,FULL_BODY,["squat", "horizontal_push", "horizontal_pull"],,,,,,,,,,1,,,,
120,18,2026-02-19,1,FULL_BODY,["squat", "horizontal_push", "horizontal_pull"],,,,,,,,,,1,,,,
121,18,2026-02-20,2,FULL_BODY,["hinge", "vertical_push", "vertical_pull"],,,,,,,,,,1,,,,
122,18,2026-02-21,3,RECOVERY,[],,,,,,,,,,1,,,,
123,18,2026-02-22,4,FULL_BODY,["lunge", "horizontal_push", "vertical_pull"],,,,,,,,,,1,,,,
3,1,2026-01-17,3,RECOVERY,[],10,,,,,,,,,1,,,,
8486,956,2026-01-27,2,RECOVERY,[],10,5,0,0,0,5,Rest day - no exercises.,,,1,0,0,0,{}
8485,956,2026-01-26,1,UPPER,["horizontal_push", "horizontal_pull", "prefer_accessory"],45,5,0,0,0,5,Optimization-first session aligned to your goals and recovery.,,,1,0,0,0,{}
8487,956,2026-01-28,3,LOWER,["squat", "hinge"],45,5,0,0,0,5,Optimization-first session aligned to your goals and recovery.,,,1,0,0,0,{}
8489,956,2026-01-30,5,RECOVERY,[],10,5,0,0,0,5,Rest day - no exercises.,,,1,0,0,0,{}
8493,956,2026-02-03,9,RECOVERY,[],10,5,0,0,0,5,Rest day - no exercises.,,,1,0,0,0,{}
8494,956,2026-02-04,10,UPPER,["vertical_push", "vertical_pull"],45,5,0,0,0,5,Optimization-first session aligned to your goals and recovery.,,,1,0,0,0,{}
8509,957,2026-02-19,11,LOWER,["squat", "hinge"],45,,,,,,Optimization-first session aligned to your goals and recovery.,,,1,0,0,0,{}
8505,957,2026-02-15,7,RECOVERY,[],10,,,,,,Rest day - no exercises.,,,1,0,0,0,{}
8510,957,2026-02-20,12,RECOVERY,[],10,,,,,,Rest day - no exercises.,,,1,0,0,0,{}
8512,957,2026-02-22,14,RECOVERY,[],10,,,,,,Rest day - no exercises.,,,1,0,0,0,{}
8491,956,2026-02-01,7,RECOVERY,[],10,5,0,0,0,5,Rest day - no exercises.,,,1,0,0,0,{}
8496,956,2026-02-06,12,RECOVERY,[],10,5,0,0,0,5,Rest day - no exercises.,,,1,0,0,0,{}
8504,957,2026-02-14,6,LOWER,["hinge", "lunge"],45,,,,,,Optimization-first session aligned to your goals and recovery.,,,1,0,0,0,{}
8514,958,2026-02-24,2,RECOVERY,[],10,,,,,,Rest day - no exercises.,,,1,0,0,0,{}
8517,958,2026-02-27,5,RECOVERY,[],10,,,,,,Rest day - no exercises.,,,1,0,0,0,{}
8519,958,2026-03-01,7,RECOVERY,[],10,,,,,,Rest day - no exercises.,,,1,0,0,0,{}
514,74,2026-01-25,3,RECOVERY,[],,,,,,,,,,1,,,,
860,123,2026-03-04,6,RECOVERY,[],,,,,,,,,,1,,,,
948,136,2026-03-08,3,RECOVERY,[],,,,,,,,,,1,,,,
7086,856,2026-01-25,2,RECOVERY,[],,,,,,,,,,1,0,0,0,{}
7089,856,2026-01-28,5,RECOVERY,[],,,,,,,,,,1,0,0,0,{}
7091,856,2026-01-30,7,RECOVERY,[],,,,,,,,,,1,0,0,0,{}
7093,856,2026-02-01,9,RECOVERY,[],,,,,,,,,,1,0,0,0,{}
515,74,2026-01-26,4,FULL_BODY,["lunge", "horizontal_push", "vertical_pull"],,,,,,,,,,1,,,,
516,74,2026-01-27,5,FULL_BODY,["squat", "vertical_push", "horizontal_pull"],,,,,,,,,,1,,,,
517,74,2026-01-28,6,RECOVERY,[],,,,,,,,,,1,,,,
518,74,2026-01-29,7,FULL_BODY,["squat", "horizontal_push", "horizontal_pull"],,,,,,,,,,1,,,,
519,75,2026-01-30,1,FULL_BODY,["squat", "horizontal_push", "horizontal_pull"],,,,,,,,,,1,,,,
520,75,2026-01-31,2,FULL_BODY,["hinge", "vertical_push", "vertical_pull"],,,,,,,,,,1,,,,
521,75,2026-02-01,3,RECOVERY,[],,,,,,,,,,1,,,,
522,75,2026-02-02,4,FULL_BODY,["lunge", "horizontal_push", "vertical_pull"],,,,,,,,,,1,,,,
523,75,2026-02-03,5,FULL_BODY,["squat", "vertical_push", "horizontal_pull"],,,,,,,,,,1,,,,
524,75,2026-02-04,6,RECOVERY,[],,,,,,,,,,1,,,,
525,75,2026-02-05,7,FULL_BODY,["squat", "horizontal_push", "horizontal_pull"],,,,,,,,,,1,,,,
526,76,2026-02-06,1,FULL_BODY,["squat", "horizontal_push", "horizontal_pull"],,,,,,,,,,1,,,,
527,76,2026-02-07,2,FULL_BODY,["hinge", "vertical_push", "vertical_pull"],,,,,,,,,,1,,,,
528,76,2026-02-08,3,RECOVERY,[],,,,,,,,,,1,,,,
529,76,2026-02-09,4,FULL_BODY,["lunge", "horizontal_push", "vertical_pull"],,,,,,,,,,1,,,,
530,76,2026-02-10,5,FULL_BODY,["squat", "vertical_push", "horizontal_pull"],,,,,,,,,,1,,,,
531,76,2026-02-11,6,RECOVERY,[],,,,,,,,,,1,,,,
532,76,2026-02-12,7,FULL_BODY,["squat", "horizontal_push", "horizontal_pull"],,,,,,,,,,1,,,,
533,77,2026-02-13,1,FULL_BODY,["squat", "horizontal_push", "horizontal_pull"],,,,,,,,,,1,,,,
534,77,2026-02-14,2,FULL_BODY,["hinge", "vertical_push", "vertical_pull"],,,,,,,,,,1,,,,
535,77,2026-02-15,3,RECOVERY,[],,,,,,,,,,1,,,,
536,77,2026-02-16,4,FULL_BODY,["lunge", "horizontal_push", "vertical_pull"],,,,,,,,,,1,,,,
537,77,2026-02-17,5,FULL_BODY,["squat", "vertical_push", "horizontal_pull"],,,,,,,,,,1,,,,
538,77,2026-02-18,6,RECOVERY,[],,,,,,,,,,1,,,,
539,77,2026-02-19,7,FULL_BODY,["squat", "horizontal_push", "horizontal_pull"],,,,,,,,,,1,,,,
540,78,2026-02-20,1,FULL_BODY,["squat", "horizontal_push", "horizontal_pull"],,,,,,,,,,1,,,,
541,78,2026-02-21,2,FULL_BODY,["hinge", "vertical_push", "vertical_pull"],,,,,,,,,,1,,,,
542,78,2026-02-22,3,RECOVERY,[],,,,,,,,,,1,,,,
543,78,2026-02-23,4,FULL_BODY,["lunge", "horizontal_push", "vertical_pull"],,,,,,,,,,1,,,,
544,78,2026-02-24,5,FULL_BODY,["squat", "vertical_push", "horizontal_pull"],,,,,,,,,,1,,,,
545,78,2026-02-25,6,RECOVERY,[],,,,,,,,,,1,,,,
546,78,2026-02-26,7,FULL_BODY,["squat", "horizontal_push", "horizontal_pull"],,,,,,,,,,1,,,,
547,79,2026-02-27,1,FULL_BODY,["squat", "horizontal_push", "horizontal_pull"],,,,,,,,,,1,,,,
548,79,2026-02-28,2,FULL_BODY,["hinge", "vertical_push", "vertical_pull"],,,,,,,,,,1,,,,
549,79,2026-03-01,3,RECOVERY,[],,,,,,,,,,1,,,,
550,79,2026-03-02,4,FULL_BODY,["lunge", "horizontal_push", "vertical_pull"],,,,,,,,,,1,,,,
551,79,2026-03-03,5,FULL_BODY,["squat", "vertical_push", "horizontal_pull"],,,,,,,,,,1,,,,
552,79,2026-03-04,6,RECOVERY,[],,,,,,,,,,1,,,,
6,1,2026-01-20,6,RECOVERY,[],10,,,,,,,,,1,,,,
2998,429,2026-01-21,2,RECOVERY,[],10,5,0,,,5,,,,1,,,,
3000,429,2026-01-23,4,RECOVERY,[],10,5,0,,,5,,,,1,,,,
2661,381,2026-01-19,1,FULL_BODY,["squat", "horizontal_push", "horizontal_pull"],,,,,,,Generation failed: name 'discipline_preferences' is not defined. Please regenerate.,,,1,,,,
1681,241,2026-01-16,1,FULL_BODY,["squat", "horizontal_push", "horizontal_pull"],45,,,,,,"Prioritizing main lifts for full-body workout, targeting squat and horizontal push patterns.",,,1,,,,
1683,241,2026-01-18,3,FULL_BODY,["hinge", "vertical_push", "vertical_pull"],45,,,,,,"Main lifts focus on hinge and vertical push patterns, aligning with goals for explosiveness and endurance.",,,1,,,,
1685,241,2026-01-20,5,FULL_BODY,["lunge", "horizontal_push", "vertical_pull"],55,,,,,,"Prioritizing main lifts for horizontal_push and lunge patterns, with a focus on endurance goals.",,,1,,,,
2662,381,2026-01-20,2,FULL_BODY,["hinge", "vertical_push", "vertical_pull"],,,,,,,Generation failed: name 'discipline_preferences' is not defined. Please regenerate.,,,1,,,,
2664,381,2026-01-22,4,FULL_BODY,["lunge", "horizontal_push", "vertical_pull"],10,5,0,,,5,Generation failed: name 'discipline_preferences' is not defined. Please regenerate.,,,1,,,,
2665,381,2026-01-23,5,FULL_BODY,["hinge", "vertical_push", "horizontal_pull"],10,5,0,,,5,Generation failed: name 'discipline_preferences' is not defined. Please regenerate.,,,1,,,,
2667,381,2026-01-25,7,FULL_BODY,["lunge", "horizontal_push", "vertical_pull"],10,5,0,,,5,Generation failed: name 'discipline_preferences' is not defined. Please regenerate.,,,1,,,,
3003,429,2026-01-26,7,RECOVERY,[],10,5,0,,,5,,,,1,,,,
3004,430,2026-01-27,1,FULL_BODY,["squat", "horizontal_push", "horizontal_pull"],10,5,0,,,5,,,,1,,,,
3005,430,2026-01-28,2,RECOVERY,[],10,5,0,,,5,,,,1,,,,
3006,430,2026-01-29,3,FULL_BODY,["hinge", "vertical_push", "vertical_pull"],10,5,0,,,5,,,,1,,,,
3007,430,2026-01-30,4,RECOVERY,[],10,5,0,,,5,,,,1,,,,
3008,430,2026-01-31,5,FULL_BODY,["lunge", "horizontal_push", "vertical_pull"],10,5,0,,,5,,,,1,,,,
3009,430,2026-02-01,6,FULL_BODY,["hinge", "vertical_push", "horizontal_pull"],10,5,0,,,5,,,,1,,,,
3010,430,2026-02-02,7,RECOVERY,[],10,5,0,,,5,,,,1,,,,
3011,431,2026-02-03,1,FULL_BODY,["squat", "horizontal_push", "horizontal_pull"],10,5,0,,,5,,,,1,,,,
3012,431,2026-02-04,2,RECOVERY,[],10,5,0,,,5,,,,1,,,,
3013,431,2026-02-05,3,FULL_BODY,["hinge", "vertical_push", "vertical_pull"],10,5,0,,,5,,,,1,,,,
3014,431,2026-02-06,4,RECOVERY,[],10,5,0,,,5,,,,1,,,,
3015,431,2026-02-07,5,FULL_BODY,["lunge", "horizontal_push", "vertical_pull"],10,5,0,,,5,,,,1,,,,
3016,431,2026-02-08,6,FULL_BODY,["hinge", "vertical_push", "horizontal_pull"],10,5,0,,,5,,,,1,,,,
3017,431,2026-02-09,7,RECOVERY,[],10,5,0,,,5,,,,1,,,,
3018,432,2026-02-10,1,FULL_BODY,["squat", "horizontal_push", "horizontal_pull"],10,5,0,,,5,,,,1,,,,
3019,432,2026-02-11,2,RECOVERY,[],10,5,0,,,5,,,,1,,,,
3021,432,2026-02-13,4,RECOVERY,[],10,5,0,,,5,,,,1,,,,
3560,509,2026-03-20,4,UPPER,["vertical_push", "vertical_pull"],10,,,,,,,,,1,,,,
3561,509,2026-03-21,5,LOWER,["squat", "hinge"],10,,,,,,,,,1,,,,
87,13,2026-01-17,3,RECOVERY,[],,,,,,,,,,1,,,,
3562,509,2026-03-22,6,RECOVERY,[],10,,,,,,,,,1,,,,
3563,509,2026-03-23,7,RECOVERY,[],10,,,,,,,,,1,,,,
90,13,2026-01-20,6,RECOVERY,[],,,,,,,,,,1,,,,
91,13,2026-01-21,7,FULL_BODY,["squat", "horizontal_push", "horizontal_pull"],,,,,,,,,,1,,,,
92,14,2026-01-22,1,FULL_BODY,["squat", "horizontal_push", "horizontal_pull"],,,,,,,,,,1,,,,
93,14,2026-01-23,2,FULL_BODY,["hinge", "vertical_push", "vertical_pull"],,,,,,,,,,1,,,,
94,14,2026-01-24,3,RECOVERY,[],,,,,,,,,,1,,,,
95,14,2026-01-25,4,FULL_BODY,["lunge", "horizontal_push", "vertical_pull"],,,,,,,,,,1,,,,
96,14,2026-01-26,5,FULL_BODY,["squat", "vertical_push", "horizontal_pull"],,,,,,,,,,1,,,,
97,14,2026-01-27,6,RECOVERY,[],,,,,,,,,,1,,,,
98,14,2026-01-28,7,FULL_BODY,["squat", "horizontal_push", "horizontal_pull"],,,,,,,,,,1,,,,
99,15,2026-01-29,1,FULL_BODY,["squat", "horizontal_push", "horizontal_pull"],,,,,,,,,,1,,,,
100,15,2026-01-30,2,FULL_BODY,["hinge", "vertical_push", "vertical_pull"],,,,,,,,,,1,,,,
101,15,2026-01-31,3,RECOVERY,[],,,,,,,,,,1,,,,
102,15,2026-02-01,4,FULL_BODY,["lunge", "horizontal_push", "vertical_pull"],,,,,,,,,,1,,,,
103,15,2026-02-02,5,FULL_BODY,["squat", "vertical_push", "horizontal_pull"],,,,,,,,,,1,,,,
104,15,2026-02-03,6,RECOVERY,[],,,,,,,,,,1,,,,
105,15,2026-02-04,7,FULL_BODY,["squat", "horizontal_push", "horizontal_pull"],,,,,,,,,,1,,,,
5338,731,2026-03-07,4,UPPER,["vertical_push", "vertical_pull", "prefer_finisher"],,,,,,,,,,1,,,,
5339,731,2026-03-08,5,RECOVERY,[],,,,,,,,,,1,,,,
5340,731,2026-03-09,6,LOWER,["hinge", "lunge", "prefer_accessory"],,,,,,,,,,1,,,,
5341,731,2026-03-10,7,RECOVERY,[],,,,,,,,,,1,,,,
5342,731,2026-03-11,8,CARDIO,["cardio", "endurance"],,,,,,,,,,1,,,,
5343,731,2026-03-12,9,RECOVERY,[],,,,,,,,,,1,,,,
3571,511,2026-03-31,1,UPPER,["horizontal_push", "horizontal_pull"],10,,,,,,,,,1,,,,
3572,511,2026-04-01,2,LOWER,["squat", "hinge"],10,,,,,,,,,1,,,,
3573,511,2026-04-02,3,RECOVERY,[],10,,,,,,,,,1,,,,
3574,511,2026-04-03,4,UPPER,["vertical_push", "vertical_pull"],10,,,,,,,,,1,,,,
3575,511,2026-04-04,5,LOWER,["squat", "hinge"],10,,,,,,,,,1,,,,
3576,511,2026-04-05,6,RECOVERY,[],10,,,,,,,,,1,,,,
3577,511,2026-04-06,7,RECOVERY,[],10,,,,,,,,,1,,,,
3580,512,2026-04-09,3,RECOVERY,[],10,,,,,,,,,1,,,,
5344,731,2026-03-13,10,CARDIO,["cardio", "endurance"],,,,,,,,,,1,,,,
5345,731,2026-03-14,11,CUSTOM,["conditioning"],,,,,,,,,,1,,,,
5346,731,2026-03-15,12,RECOVERY,[],,,,,,,,,,1,,,,
5347,731,2026-03-16,13,CUSTOM,["conditioning"],,,,,,,,,,1,,,,
5348,731,2026-03-17,14,RECOVERY,[],,,,,,,,,,1,,,,
5349,732,2026-03-18,1,UPPER,["horizontal_push", "horizontal_pull", "prefer_finisher"],,,,,,,,,,1,,,,
5350,732,2026-03-19,2,RECOVERY,[],,,,,,,,,,1,,,,
3081,441,2026-01-20,1,FULL_BODY,["squat", "horizontal_push", "horizontal_pull"],10,,,,,,,,,1,,,,
3082,441,2026-01-21,2,RECOVERY,[],10,,,,,,,,,1,,,,
3083,441,2026-01-22,3,FULL_BODY,["hinge", "vertical_push", "vertical_pull"],10,,,,,,,,,1,,,,
3084,441,2026-01-23,4,RECOVERY,[],10,,,,,,,,,1,,,,
3085,441,2026-01-24,5,FULL_BODY,["lunge", "horizontal_push", "vertical_pull"],10,,,,,,,,,1,,,,
3086,441,2026-01-25,6,RECOVERY,[],10,,,,,,,,,1,,,,
3087,441,2026-01-26,7,RECOVERY,[],10,,,,,,,,,1,,,,
3088,442,2026-01-27,1,FULL_BODY,["squat", "horizontal_push", "horizontal_pull"],10,,,,,,,,,1,,,,
3089,442,2026-01-28,2,RECOVERY,[],10,,,,,,,,,1,,,,
3090,442,2026-01-29,3,FULL_BODY,["hinge", "vertical_push", "vertical_pull"],10,,,,,,,,,1,,,,
3091,442,2026-01-30,4,RECOVERY,[],10,,,,,,,,,1,,,,
3092,442,2026-01-31,5,FULL_BODY,["lunge", "horizontal_push", "vertical_pull"],10,,,,,,,,,1,,,,
3093,442,2026-02-01,6,RECOVERY,[],10,,,,,,,,,1,,,,
3094,442,2026-02-02,7,RECOVERY,[],10,,,,,,,,,1,,,,
3095,443,2026-02-03,1,FULL_BODY,["squat", "horizontal_push", "horizontal_pull"],10,,,,,,,,,1,,,,
3096,443,2026-02-04,2,RECOVERY,[],10,,,,,,,,,1,,,,
3098,443,2026-02-06,4,RECOVERY,[],10,,,,,,,,,1,,,,
106,16,2026-02-05,1,FULL_BODY,["squat", "horizontal_push", "horizontal_pull"],,,,,,,,,,1,,,,
107,16,2026-02-06,2,FULL_BODY,["hinge", "vertical_push", "vertical_pull"],,,,,,,,,,1,,,,
108,16,2026-02-07,3,RECOVERY,[],,,,,,,,,,1,,,,
109,16,2026-02-08,4,FULL_BODY,["lunge", "horizontal_push", "vertical_pull"],,,,,,,,,,1,,,,
110,16,2026-02-09,5,FULL_BODY,["squat", "vertical_push", "horizontal_pull"],,,,,,,,,,1,,,,
111,16,2026-02-10,6,RECOVERY,[],,,,,,,,,,1,,,,
112,16,2026-02-11,7,FULL_BODY,["squat", "horizontal_push", "horizontal_pull"],,,,,,,,,,1,,,,
113,17,2026-02-12,1,FULL_BODY,["squat", "horizontal_push", "horizontal_pull"],,,,,,,,,,1,,,,
7325,873,2026-04-06,3,RECOVERY,[],10,,,,,,,,,1,0,0,0,{}
7326,873,2026-04-07,4,FULL_BODY,["hinge", "vertical_push", "vertical_pull", "prefer_finisher"],10,,,,,,,,,1,0,0,0,{}
7327,873,2026-04-08,5,UPPER,["horizontal_push", "horizontal_pull", "prefer_finisher"],10,,,,,,,,,1,0,0,0,{}
7328,873,2026-04-09,6,LOWER,["lunge", "squat", "prefer_finisher"],10,,,,,,,,,1,0,0,0,{}
7329,873,2026-04-10,7,RECOVERY,[],10,,,,,,,,,1,0,0,0,{}
7330,873,2026-04-11,8,UPPER,["vertical_push", "vertical_pull", "prefer_finisher"],10,,,,,,,,,1,0,0,0,{}
7331,873,2026-04-12,9,LOWER,["squat", "hinge", "prefer_finisher"],10,,,,,,,,,1,0,0,0,{}
7332,873,2026-04-13,10,FULL_BODY,["hinge", "horizontal_push", "horizontal_pull", "prefer_finisher"],10,,,,,,,,,1,0,0,0,{}
7333,873,2026-04-14,11,RECOVERY,[],10,,,,,,,,,1,0,0,0,{}
7334,873,2026-04-15,12,CARDIO,["cardio", "endurance"],10,,,,,,,,,1,0,0,0,{}
3099,443,2026-02-07,5,FULL_BODY,["lunge", "horizontal_push", "vertical_pull"],10,,,,,,,,,1,,,,
7338,874,2026-01-25,2,RECOVERY,[],,,,,,,,,,1,0,0,0,{}
7341,874,2026-01-28,5,RECOVERY,[],,,,,,,,,,1,0,0,0,{}
7343,874,2026-01-30,7,RECOVERY,[],,,,,,,,,,1,0,0,0,{}
7345,874,2026-02-01,9,RECOVERY,[],,,,,,,,,,1,0,0,0,{}
114,17,2026-02-13,2,FULL_BODY,["hinge", "vertical_push", "vertical_pull"],,,,,,,,,,1,,,,
7337,874,2026-01-24,1,UPPER,["horizontal_push", "horizontal_pull", "prefer_accessory"],70,,,,,,Optimization-first session aligned to your goals and recovery.,,,1,0,0,0,{}
7422,880,2026-01-25,2,RECOVERY,[],,,,,,,,,,1,0,0,0,{}
7425,880,2026-01-28,5,RECOVERY,[],,,,,,,,,,1,0,0,0,{}
115,17,2026-02-14,3,RECOVERY,[],,,,,,,,,,1,,,,
116,17,2026-02-15,4,FULL_BODY,["lunge", "horizontal_push", "vertical_pull"],,,,,,,,,,1,,,,
2,1,2026-01-16,2,FULL_BODY,["hinge", "vertical_push", "vertical_pull"],45,,,,,,Main lifts prioritize specified patterns with progressive overload,,,1,,,,
5,1,2026-01-19,5,FULL_BODY,["squat", "vertical_push", "horizontal_pull"],45,,,,,,"Main lifts prioritize squat and vertical push patterns, with a focus on strength goals.",,,1,,,,
3564,510,2026-03-24,1,UPPER,["horizontal_push", "horizontal_pull"],10,,,,,,,,,1,,,,
3565,510,2026-03-25,2,LOWER,["squat", "hinge"],10,,,,,,,,,1,,,,
3566,510,2026-03-26,3,RECOVERY,[],10,,,,,,,,,1,,,,
3567,510,2026-03-27,4,UPPER,["vertical_push", "vertical_pull"],10,,,,,,,,,1,,,,
3568,510,2026-03-28,5,LOWER,["squat", "hinge"],10,,,,,,,,,1,,,,
3569,510,2026-03-29,6,RECOVERY,[],10,,,,,,,,,1,,,,
3570,510,2026-03-30,7,RECOVERY,[],10,,,,,,,,,1,,,,
3578,512,2026-04-07,1,UPPER,["horizontal_push", "horizontal_pull"],10,,,,,,,,,1,,,,
3579,512,2026-04-08,2,LOWER,["squat", "hinge"],10,,,,,,,,,1,,,,
3581,512,2026-04-10,4,UPPER,["vertical_push", "vertical_pull"],10,,,,,,,,,1,,,,
3582,512,2026-04-11,5,LOWER,["squat", "hinge"],10,,,,,,,,,1,,,,
3583,512,2026-04-12,6,RECOVERY,[],10,,,,,,,,,1,,,,
3584,512,2026-04-13,7,RECOVERY,[],10,,,,,,,,,1,,,,
5221,722,2026-02-02,13,CARDIO,["cardio", "endurance"],60,,,,,,Optimization-first session aligned to your goals and recovery.,,,1,,,,
5602,750,2026-01-24,2,RECOVERY,[],10,5,0,0,0,5,,,,1,0,0,0,{}
8,2,2026-01-22,1,FULL_BODY,["squat", "horizontal_push", "horizontal_pull"],10,,,,,,,,,1,,,,
124,18,2026-02-23,5,FULL_BODY,["squat", "vertical_push", "horizontal_pull"],,,,,,,,,,1,,,,
125,18,2026-02-24,6,RECOVERY,[],,,,,,,,,,1,,,,
126,18,2026-02-25,7,FULL_BODY,["squat", "horizontal_push", "horizontal_pull"],,,,,,,,,,1,,,,
127,19,2026-02-26,1,FULL_BODY,["squat", "horizontal_push", "horizontal_pull"],,,,,,,,,,1,,,,
128,19,2026-02-27,2,FULL_BODY,["hinge", "vertical_push", "vertical_pull"],,,,,,,,,,1,,,,
129,19,2026-02-28,3,RECOVERY,[],,,,,,,,,,1,,,,
130,19,2026-03-01,4,FULL_BODY,["lunge", "horizontal_push", "vertical_pull"],,,,,,,,,,1,,,,
131,19,2026-03-02,5,FULL_BODY,["squat", "vertical_push", "horizontal_pull"],,,,,,,,,,1,,,,
132,19,2026-03-03,6,RECOVERY,[],,,,,,,,,,1,,,,
133,19,2026-03-04,7,FULL_BODY,["squat", "horizontal_push", "horizontal_pull"],,,,,,,,,,1,,,,
134,20,2026-03-05,1,FULL_BODY,["squat", "horizontal_push", "horizontal_pull"],,,,,,,,,,1,,,,
135,20,2026-03-06,2,FULL_BODY,["hinge", "vertical_push", "vertical_pull"],,,,,,,,,,1,,,,
136,20,2026-03-07,3,RECOVERY,[],,,,,,,,,,1,,,,
137,20,2026-03-08,4,FULL_BODY,["lunge", "horizontal_push", "vertical_pull"],,,,,,,,,,1,,,,
138,20,2026-03-09,5,FULL_BODY,["squat", "vertical_push", "horizontal_pull"],,,,,,,,,,1,,,,
7506,886,2026-01-25,2,RECOVERY,[],,,,,,,,,,1,0,0,0,{}
7509,886,2026-01-28,5,RECOVERY,[],,,,,,,,,,1,0,0,0,{}
7511,886,2026-01-30,7,RECOVERY,[],,,,,,,,,,1,0,0,0,{}
139,20,2026-03-10,6,RECOVERY,[],,,,,,,,,,1,,,,
140,20,2026-03-11,7,FULL_BODY,["squat", "horizontal_push", "horizontal_pull"],,,,,,,,,,1,,,,
141,21,2026-03-12,1,FULL_BODY,["squat", "horizontal_push", "horizontal_pull"],,,,,,,,,,1,,,,
142,21,2026-03-13,2,FULL_BODY,["hinge", "vertical_push", "vertical_pull"],,,,,,,,,,1,,,,
143,21,2026-03-14,3,RECOVERY,[],,,,,,,,,,1,,,,
144,21,2026-03-15,4,FULL_BODY,["lunge", "horizontal_push", "vertical_pull"],,,,,,,,,,1,,,,
145,21,2026-03-16,5,FULL_BODY,["squat", "vertical_push", "horizontal_pull"],,,,,,,,,,1,,,,
146,21,2026-03-17,6,RECOVERY,[],,,,,,,,,,1,,,,
147,21,2026-03-18,7,FULL_BODY,["squat", "horizontal_push", "horizontal_pull"],,,,,,,,,,1,,,,
148,22,2026-03-19,1,FULL_BODY,["squat", "horizontal_push", "horizontal_pull"],,,,,,,,,,1,,,,
149,22,2026-03-20,2,FULL_BODY,["hinge", "vertical_push", "vertical_pull"],,,,,,,,,,1,,,,
150,22,2026-03-21,3,RECOVERY,[],,,,,,,,,,1,,,,
151,22,2026-03-22,4,FULL_BODY,["lunge", "horizontal_push", "vertical_pull"],,,,,,,,,,1,,,,
152,22,2026-03-23,5,FULL_BODY,["squat", "vertical_push", "horizontal_pull"],,,,,,,,,,1,,,,
153,22,2026-03-24,6,RECOVERY,[],,,,,,,,,,1,,,,
154,22,2026-03-25,7,FULL_BODY,["squat", "horizontal_push", "horizontal_pull"],,,,,,,,,,1,,,,
7551,889,2026-03-11,5,RECOVERY,[],,,,,,,,,,1,0,0,0,{}
7552,889,2026-03-12,6,LOWER,["hinge", "lunge"],,,,,,,,,,1,0,0,0,{}
7553,889,2026-03-13,7,RECOVERY,[],,,,,,,,,,1,0,0,0,{}
155,23,2026-03-26,1,FULL_BODY,["squat", "horizontal_push", "horizontal_pull"],,,,,,,,,,1,,,,
156,23,2026-03-27,2,FULL_BODY,["hinge", "vertical_push", "vertical_pull"],,,,,,,,,,1,,,,
157,23,2026-03-28,3,RECOVERY,[],,,,,,,,,,1,,,,
158,23,2026-03-29,4,FULL_BODY,["lunge", "horizontal_push", "vertical_pull"],,,,,,,,,,1,,,,
9,2,2026-01-23,2,FULL_BODY,["hinge", "vertical_push", "vertical_pull"],10,,,,,,,,,1,,,,
159,23,2026-03-30,5,FULL_BODY,["squat", "vertical_push", "horizontal_pull"],,,,,,,,,,1,,,,
160,23,2026-03-31,6,RECOVERY,[],,,,,,,,,,1,,,,
161,23,2026-04-01,7,FULL_BODY,["squat", "horizontal_push", "horizontal_pull"],,,,,,,,,,1,,,,
162,24,2026-04-02,1,FULL_BODY,["squat", "horizontal_push", "horizontal_pull"],,,,,,,,,,1,,,,
163,24,2026-04-03,2,FULL_BODY,["hinge", "vertical_push", "vertical_pull"],,,,,,,,,,1,,,,
164,24,2026-04-04,3,RECOVERY,[],,,,,,,,,,1,,,,
165,24,2026-04-05,4,FULL_BODY,["lunge", "horizontal_push", "vertical_pull"],,,,,,,,,,1,,,,
166,24,2026-04-06,5,FULL_BODY,["squat", "vertical_push", "horizontal_pull"],,,,,,,,,,1,,,,
167,24,2026-04-07,6,RECOVERY,[],,,,,,,,,,1,,,,
168,24,2026-04-08,7,FULL_BODY,["squat", "horizontal_push", "horizontal_pull"],,,,,,,,,,1,,,,
85,13,2026-01-15,1,FULL_BODY,["squat", "horizontal_push", "horizontal_pull"],55,,,,,,Prioritizing squat and horizontal_push for strength and explosiveness goals,,,1,,,,
86,13,2026-01-16,2,FULL_BODY,["hinge", "vertical_push", "vertical_pull"],45,,,,,,Main lifts prioritize hinge and vertical_push patterns with focus on strength goals,,,1,,,,
88,13,2026-01-18,4,FULL_BODY,["lunge", "horizontal_push", "vertical_pull"],40,,,,,,Main lifts prioritize lunge and horizontal push patterns with moderate load for strength and explosiveness goals.,,,1,,,,
242,35,2026-03-30,4,FULL_BODY,["lunge", "horizontal_push", "vertical_pull"],,,,,,,,,,1,,,,
243,35,2026-03-31,5,FULL_BODY,["squat", "vertical_push", "horizontal_pull"],,,,,,,,,,1,,,,
244,35,2026-04-01,6,RECOVERY,[],,,,,,,,,,1,,,,
245,35,2026-04-02,7,FULL_BODY,["squat", "horizontal_push", "horizontal_pull"],,,,,,,,,,1,,,,
89,13,2026-01-19,5,FULL_BODY,["squat", "vertical_push", "horizontal_pull"],40,,,,,,"Main lifts prioritize squat and vertical_push patterns, aligning with goals.",,,1,,,,
169,25,2026-01-16,1,FULL_BODY,["squat", "horizontal_push", "horizontal_pull"],,,,,,,,,,1,,,,
3838,549,2026-01-21,2,LOWER,["squat", "hinge"],,,,,,,,,,1,,,,
3901,558,2026-03-25,2,LOWER,["squat", "hinge"],,,,,,,,,,1,,,,
3902,558,2026-03-26,3,RECOVERY,[],,,,,,,,,,1,,,,
3905,558,2026-03-29,6,LOWER,["hinge", "lunge"],,,,,,,,,,1,,,,
170,25,2026-01-17,2,FULL_BODY,["hinge", "vertical_push", "vertical_pull"],,,,,,,,,,1,,,,
171,25,2026-01-18,3,RECOVERY,[],,,,,,,,,,1,,,,
172,25,2026-01-19,4,FULL_BODY,["lunge", "horizontal_push", "vertical_pull"],,,,,,,,,,1,,,,
173,25,2026-01-20,5,FULL_BODY,["squat", "vertical_push", "horizontal_pull"],,,,,,,,,,1,,,,
174,25,2026-01-21,6,RECOVERY,[],,,,,,,,,,1,,,,
175,25,2026-01-22,7,FULL_BODY,["squat", "horizontal_push", "horizontal_pull"],,,,,,,,,,1,,,,
176,26,2026-01-23,1,FULL_BODY,["squat", "horizontal_push", "horizontal_pull"],,,,,,,,,,1,,,,
177,26,2026-01-24,2,FULL_BODY,["hinge", "vertical_push", "vertical_pull"],,,,,,,,,,1,,,,
178,26,2026-01-25,3,RECOVERY,[],,,,,,,,,,1,,,,
179,26,2026-01-26,4,FULL_BODY,["lunge", "horizontal_push", "vertical_pull"],,,,,,,,,,1,,,,
180,26,2026-01-27,5,FULL_BODY,["squat", "vertical_push", "horizontal_pull"],,,,,,,,,,1,,,,
181,26,2026-01-28,6,RECOVERY,[],,,,,,,,,,1,,,,
182,26,2026-01-29,7,FULL_BODY,["squat", "horizontal_push", "horizontal_pull"],,,,,,,,,,1,,,,
7758,904,2026-01-25,2,RECOVERY,[],,,,,,,,,,1,0,0,0,{}
7761,904,2026-01-28,5,RECOVERY,[],,,,,,,,,,1,0,0,0,{}
4130,590,2026-03-30,7,RECOVERY,[],10,,,,,,,,,1,,,,
4722,675,2026-03-07,4,RECOVERY,[],10,,,,,,,,,1,,,,
7904,914,2026-03-28,8,UPPER,["vertical_push", "vertical_pull", "prefer_finisher"],,,,,,,,,,1,0,0,0,{}
7905,914,2026-03-29,9,LOWER,["squat", "hinge", "prefer_finisher"],,,,,,,,,,1,0,0,0,{}
7906,914,2026-03-30,10,FULL_BODY,["hinge", "horizontal_push", "horizontal_pull", "prefer_finisher"],,,,,,,,,,1,0,0,0,{}
7907,914,2026-03-31,11,RECOVERY,[],,,,,,,,,,1,0,0,0,{}
7908,914,2026-04-01,12,UPPER,["vertical_push", "vertical_pull", "prefer_finisher"],,,,,,,,,,1,0,0,0,{}
7909,914,2026-04-02,13,LOWER,["lunge", "squat", "prefer_accessory"],,,,,,,,,,1,0,0,0,{}
7910,914,2026-04-03,14,RECOVERY,[],,,,,,,,,,1,0,0,0,{}
7911,915,2026-04-04,1,UPPER,["horizontal_push", "horizontal_pull", "prefer_finisher"],,,,,,,,,,1,0,0,0,{}
7912,915,2026-04-05,2,LOWER,["squat", "hinge", "prefer_finisher"],,,,,,,,,,1,0,0,0,{}
7913,915,2026-04-06,3,RECOVERY,[],,,,,,,,,,1,0,0,0,{}
7914,915,2026-04-07,4,FULL_BODY,["hinge", "vertical_push", "vertical_pull", "prefer_finisher"],,,,,,,,,,1,0,0,0,{}
7915,915,2026-04-08,5,UPPER,["horizontal_push", "horizontal_pull", "prefer_finisher"],,,,,,,,,,1,0,0,0,{}
7916,915,2026-04-09,6,LOWER,["lunge", "squat", "prefer_finisher"],,,,,,,,,,1,0,0,0,{}
7917,915,2026-04-10,7,RECOVERY,[],,,,,,,,,,1,0,0,0,{}
7918,915,2026-04-11,8,UPPER,["vertical_push", "vertical_pull", "prefer_finisher"],,,,,,,,,,1,0,0,0,{}
7919,915,2026-04-12,9,LOWER,["squat", "hinge", "prefer_finisher"],,,,,,,,,,1,0,0,0,{}
7920,915,2026-04-13,10,FULL_BODY,["hinge", "horizontal_push", "horizontal_pull", "prefer_finisher"],,,,,,,,,,1,0,0,0,{}
7921,915,2026-04-14,11,RECOVERY,[],,,,,,,,,,1,0,0,0,{}
7922,915,2026-04-15,12,UPPER,["vertical_push", "vertical_pull", "prefer_finisher"],,,,,,,,,,1,0,0,0,{}
7923,915,2026-04-16,13,LOWER,["lunge", "squat", "prefer_accessory"],,,,,,,,,,1,0,0,0,{}
7924,915,2026-04-17,14,RECOVERY,[],,,,,,,,,,1,0,0,0,{}
5626,751,2026-02-17,12,RECOVERY,[],10,,,,,,,,,1,0,0,0,{}
5438,738,2026-01-26,6,LOWER,["hinge", "lunge", "prefer_accessory"],70,,,,,,Optimization-first session aligned to your goals and recovery.,,,1,,,,
5613,750,2026-02-04,13,CUSTOM,["conditioning"],60,5,0,0,0,5,Optimization-first session aligned to your goals and recovery.,,,1,0,0,0,{}
5627,751,2026-02-18,13,CUSTOM,["conditioning"],10,,,,,,,,,1,0,0,0,{}
5443,738,2026-01-31,11,CUSTOM,["conditioning"],60,,,,,,Optimization-first session aligned to your goals and recovery.,,,1,,,,
5445,738,2026-02-02,13,CUSTOM,["conditioning"],60,,,,,,Optimization-first session aligned to your goals and recovery.,,,1,,,,
4925,701,2026-02-14,11,RECOVERY,[],10,,,,,,,,,1,,,,
7007,850,2026-01-30,7,RECOVERY,[],,,,,,,,,,1,0,0,0,{}
5042,710,2026-01-22,2,RECOVERY,[],10,,,,,,,,,1,,,,
5629,752,2026-02-20,1,UPPER,["horizontal_push", "horizontal_pull", "prefer_finisher"],10,,,,,,,,,1,0,0,0,{}
5630,752,2026-02-21,2,RECOVERY,[],10,,,,,,,,,1,0,0,0,{}
5631,752,2026-02-22,3,LOWER,["squat", "hinge", "prefer_finisher"],10,,,,,,,,,1,0,0,0,{}
5632,752,2026-02-23,4,UPPER,["vertical_push", "vertical_pull", "prefer_finisher"],10,,,,,,,,,1,0,0,0,{}
5633,752,2026-02-24,5,RECOVERY,[],10,,,,,,,,,1,0,0,0,{}
5634,752,2026-02-25,6,LOWER,["hinge", "lunge", "prefer_accessory"],10,,,,,,,,,1,0,0,0,{}
5635,752,2026-02-26,7,RECOVERY,[],10,,,,,,,,,1,0,0,0,{}
5636,752,2026-02-27,8,CARDIO,["cardio", "endurance"],10,,,,,,,,,1,0,0,0,{}
5637,752,2026-02-28,9,RECOVERY,[],10,,,,,,,,,1,0,0,0,{}
5638,752,2026-03-01,10,CARDIO,["cardio", "endurance"],10,,,,,,,,,1,0,0,0,{}
5639,752,2026-03-02,11,CUSTOM,["conditioning"],10,,,,,,,,,1,0,0,0,{}
5640,752,2026-03-03,12,RECOVERY,[],10,,,,,,,,,1,0,0,0,{}
5641,752,2026-03-04,13,CUSTOM,["conditioning"],10,,,,,,,,,1,0,0,0,{}
5642,752,2026-03-05,14,RECOVERY,[],10,,,,,,,,,1,0,0,0,{}
5211,722,2026-01-23,3,LOWER,["squat", "hinge", "prefer_finisher"],70,,,,,,Optimization-first session aligned to your goals and recovery.,,,1,,,,
5212,722,2026-01-24,4,UPPER,["vertical_push", "vertical_pull", "prefer_finisher"],70,,,,,,Optimization-first session aligned to your goals and recovery.,,,1,,,,
5214,722,2026-01-26,6,LOWER,["hinge", "lunge", "prefer_finisher"],70,,,,,,Optimization-first session aligned to your goals and recovery.,,,1,,,,
5093,713,2026-03-14,11,LOWER,["squat", "hinge"],10,,,,,,,,,1,,,,
5094,713,2026-03-15,12,RECOVERY,[],10,,,,,,,,,1,,,,
5095,713,2026-03-16,13,UPPER,["horizontal_push", "horizontal_pull"],10,,,,,,,,,1,,,,
5096,713,2026-03-17,14,RECOVERY,[],10,,,,,,,,,1,,,,
8178,934,2026-01-25,2,RECOVERY,[],,,,,,,,,,1,0,0,0,{}
8179,934,2026-01-26,3,RECOVERY,[],,,,,,,,,,1,0,0,0,{}
8181,934,2026-01-28,5,RECOVERY,[],,,,,,,,,,1,0,0,0,{}
8183,934,2026-01-30,7,RECOVERY,[],,,,,,,,,,1,0,0,0,{}
8185,934,2026-02-01,9,RECOVERY,[],,,,,,,,,,1,0,0,0,{}
8187,934,2026-02-03,11,RECOVERY,[],,,,,,,,,,1,0,0,0,{}
8188,934,2026-02-04,12,RECOVERY,[],,,,,,,,,,1,0,0,0,{}
8180,934,2026-01-27,4,FULL_BODY,["hinge", "vertical_push", "vertical_pull"],70,,,,,,Optimization-first session aligned to your goals and recovery.,,,1,0,0,0,{}
8184,934,2026-01-31,8,FULL_BODY,["squat", "vertical_push", "vertical_pull"],70,,,,,,Optimization-first session aligned to your goals and recovery.,,,1,0,0,0,{}
8186,934,2026-02-02,10,FULL_BODY,["hinge", "horizontal_push", "horizontal_pull"],70,,,,,,Optimization-first session aligned to your goals and recovery.,,,1,0,0,0,{}
8062,925,2026-03-18,12,UPPER,["vertical_push", "vertical_pull", "prefer_finisher"],10,,,,,,,,,1,0,0,0,{}
5043,710,2026-01-23,3,LOWER,["squat", "hinge"],70,,,,,,Optimization-first session aligned to your goals and recovery.,,,1,,,,
5041,710,2026-01-21,1,UPPER,["horizontal_push", "horizontal_pull", "prefer_accessory"],70,,,,,,Optimization-first session aligned to your goals and recovery.,,,1,,,,
5046,710,2026-01-26,6,LOWER,["hinge", "lunge"],70,,,,,,Optimization-first session aligned to your goals and recovery.,,,1,,,,
5643,753,2026-03-06,1,UPPER,["horizontal_push", "horizontal_pull", "prefer_finisher"],10,,,,,,,,,1,0,0,0,{}
5644,753,2026-03-07,2,RECOVERY,[],10,,,,,,,,,1,0,0,0,{}
5645,753,2026-03-08,3,LOWER,["squat", "hinge", "prefer_finisher"],10,,,,,,,,,1,0,0,0,{}
5646,753,2026-03-09,4,UPPER,["vertical_push", "vertical_pull", "prefer_finisher"],10,,,,,,,,,1,0,0,0,{}
5647,753,2026-03-10,5,RECOVERY,[],10,,,,,,,,,1,0,0,0,{}
5648,753,2026-03-11,6,LOWER,["hinge", "lunge", "prefer_accessory"],10,,,,,,,,,1,0,0,0,{}
5649,753,2026-03-12,7,RECOVERY,[],10,,,,,,,,,1,0,0,0,{}
5650,753,2026-03-13,8,CARDIO,["cardio", "endurance"],10,,,,,,,,,1,0,0,0,{}
5651,753,2026-03-14,9,RECOVERY,[],10,,,,,,,,,1,0,0,0,{}
5652,753,2026-03-15,10,CARDIO,["cardio", "endurance"],10,,,,,,,,,1,0,0,0,{}
5653,753,2026-03-16,11,CUSTOM,["conditioning"],10,,,,,,,,,1,0,0,0,{}
5654,753,2026-03-17,12,RECOVERY,[],10,,,,,,,,,1,0,0,0,{}
5655,753,2026-03-18,13,CUSTOM,["conditioning"],10,,,,,,,,,1,0,0,0,{}
183,27,2026-01-30,1,FULL_BODY,["squat", "horizontal_push", "horizontal_pull"],,,,,,,,,,1,,,,
184,27,2026-01-31,2,FULL_BODY,["hinge", "vertical_push", "vertical_pull"],,,,,,,,,,1,,,,
185,27,2026-02-01,3,RECOVERY,[],,,,,,,,,,1,,,,
186,27,2026-02-02,4,FULL_BODY,["lunge", "horizontal_push", "vertical_pull"],,,,,,,,,,1,,,,
187,27,2026-02-03,5,FULL_BODY,["squat", "vertical_push", "horizontal_pull"],,,,,,,,,,1,,,,
188,27,2026-02-04,6,RECOVERY,[],,,,,,,,,,1,,,,
189,27,2026-02-05,7,FULL_BODY,["squat", "horizontal_push", "horizontal_pull"],,,,,,,,,,1,,,,
190,28,2026-02-06,1,FULL_BODY,["squat", "horizontal_push", "horizontal_pull"],,,,,,,,,,1,,,,
191,28,2026-02-07,2,FULL_BODY,["hinge", "vertical_push", "vertical_pull"],,,,,,,,,,1,,,,
192,28,2026-02-08,3,RECOVERY,[],,,,,,,,,,1,,,,
193,28,2026-02-09,4,FULL_BODY,["lunge", "horizontal_push", "vertical_pull"],,,,,,,,,,1,,,,
194,28,2026-02-10,5,FULL_BODY,["squat", "vertical_push", "horizontal_pull"],,,,,,,,,,1,,,,
195,28,2026-02-11,6,RECOVERY,[],,,,,,,,,,1,,,,
196,28,2026-02-12,7,FULL_BODY,["squat", "horizontal_push", "horizontal_pull"],,,,,,,,,,1,,,,
197,29,2026-02-13,1,FULL_BODY,["squat", "horizontal_push", "horizontal_pull"],,,,,,,,,,1,,,,
198,29,2026-02-14,2,FULL_BODY,["hinge", "vertical_push", "vertical_pull"],,,,,,,,,,1,,,,
199,29,2026-02-15,3,RECOVERY,[],,,,,,,,,,1,,,,
200,29,2026-02-16,4,FULL_BODY,["lunge", "horizontal_push", "vertical_pull"],,,,,,,,,,1,,,,
201,29,2026-02-17,5,FULL_BODY,["squat", "vertical_push", "horizontal_pull"],,,,,,,,,,1,,,,
202,29,2026-02-18,6,RECOVERY,[],,,,,,,,,,1,,,,
203,29,2026-02-19,7,FULL_BODY,["squat", "horizontal_push", "horizontal_pull"],,,,,,,,,,1,,,,
7161,861,2026-04-10,7,RECOVERY,[],,,,,,,,,,1,0,0,0,{}
3167,453,2026-02-19,3,RECOVERY,[],,,,,,,,,,1,,,,
3168,453,2026-02-20,4,UPPER,["vertical_push", "vertical_pull"],,,,,,,,,,1,,,,
204,30,2026-02-20,1,FULL_BODY,["squat", "horizontal_push", "horizontal_pull"],,,,,,,,,,1,,,,
205,30,2026-02-21,2,FULL_BODY,["hinge", "vertical_push", "vertical_pull"],,,,,,,,,,1,,,,
206,30,2026-02-22,3,RECOVERY,[],,,,,,,,,,1,,,,
207,30,2026-02-23,4,FULL_BODY,["lunge", "horizontal_push", "vertical_pull"],,,,,,,,,,1,,,,
208,30,2026-02-24,5,FULL_BODY,["squat", "vertical_push", "horizontal_pull"],,,,,,,,,,1,,,,
209,30,2026-02-25,6,RECOVERY,[],,,,,,,,,,1,,,,
210,30,2026-02-26,7,FULL_BODY,["squat", "horizontal_push", "horizontal_pull"],,,,,,,,,,1,,,,
211,31,2026-02-27,1,FULL_BODY,["squat", "horizontal_push", "horizontal_pull"],,,,,,,,,,1,,,,
212,31,2026-02-28,2,FULL_BODY,["hinge", "vertical_push", "vertical_pull"],,,,,,,,,,1,,,,
213,31,2026-03-01,3,RECOVERY,[],,,,,,,,,,1,,,,
214,31,2026-03-02,4,FULL_BODY,["lunge", "horizontal_push", "vertical_pull"],,,,,,,,,,1,,,,
215,31,2026-03-03,5,FULL_BODY,["squat", "vertical_push", "horizontal_pull"],,,,,,,,,,1,,,,
216,31,2026-03-04,6,RECOVERY,[],,,,,,,,,,1,,,,
217,31,2026-03-05,7,FULL_BODY,["squat", "horizontal_push", "horizontal_pull"],,,,,,,,,,1,,,,
218,32,2026-03-06,1,FULL_BODY,["squat", "horizontal_push", "horizontal_pull"],,,,,,,,,,1,,,,
219,32,2026-03-07,2,FULL_BODY,["hinge", "vertical_push", "vertical_pull"],,,,,,,,,,1,,,,
220,32,2026-03-08,3,RECOVERY,[],,,,,,,,,,1,,,,
221,32,2026-03-09,4,FULL_BODY,["lunge", "horizontal_push", "vertical_pull"],,,,,,,,,,1,,,,
222,32,2026-03-10,5,FULL_BODY,["squat", "vertical_push", "horizontal_pull"],,,,,,,,,,1,,,,
223,32,2026-03-11,6,RECOVERY,[],,,,,,,,,,1,,,,
224,32,2026-03-12,7,FULL_BODY,["squat", "horizontal_push", "horizontal_pull"],,,,,,,,,,1,,,,
225,33,2026-03-13,1,FULL_BODY,["squat", "horizontal_push", "horizontal_pull"],,,,,,,,,,1,,,,
226,33,2026-03-14,2,FULL_BODY,["hinge", "vertical_push", "vertical_pull"],,,,,,,,,,1,,,,
227,33,2026-03-15,3,RECOVERY,[],,,,,,,,,,1,,,,
228,33,2026-03-16,4,FULL_BODY,["lunge", "horizontal_push", "vertical_pull"],,,,,,,,,,1,,,,
229,33,2026-03-17,5,FULL_BODY,["squat", "vertical_push", "horizontal_pull"],,,,,,,,,,1,,,,
230,33,2026-03-18,6,RECOVERY,[],,,,,,,,,,1,,,,
231,33,2026-03-19,7,FULL_BODY,["squat", "horizontal_push", "horizontal_pull"],,,,,,,,,,1,,,,
232,34,2026-03-20,1,FULL_BODY,["squat", "horizontal_push", "horizontal_pull"],,,,,,,,,,1,,,,
4581,655,2026-04-02,3,RECOVERY,[],10,,,,,,,,,1,,,,
233,34,2026-03-21,2,FULL_BODY,["hinge", "vertical_push", "vertical_pull"],,,,,,,,,,1,,,,
234,34,2026-03-22,3,RECOVERY,[],,,,,,,,,,1,,,,
235,34,2026-03-23,4,FULL_BODY,["lunge", "horizontal_push", "vertical_pull"],,,,,,,,,,1,,,,
236,34,2026-03-24,5,FULL_BODY,["squat", "vertical_push", "horizontal_pull"],,,,,,,,,,1,,,,
237,34,2026-03-25,6,RECOVERY,[],,,,,,,,,,1,,,,
238,34,2026-03-26,7,FULL_BODY,["squat", "horizontal_push", "horizontal_pull"],,,,,,,,,,1,,,,
239,35,2026-03-27,1,FULL_BODY,["squat", "horizontal_push", "horizontal_pull"],,,,,,,,,,1,,,,
240,35,2026-03-28,2,FULL_BODY,["hinge", "vertical_push", "vertical_pull"],,,,,,,,,,1,,,,
241,35,2026-03-29,3,RECOVERY,[],,,,,,,,,,1,,,,
507,73,2026-01-18,3,RECOVERY,[],,,,,,,,,,1,,,,
246,36,2026-04-03,1,FULL_BODY,["squat", "horizontal_push", "horizontal_pull"],,,,,,,,,,1,,,,
247,36,2026-04-04,2,FULL_BODY,["hinge", "vertical_push", "vertical_pull"],,,,,,,,,,1,,,,
248,36,2026-04-05,3,RECOVERY,[],,,,,,,,,,1,,,,
249,36,2026-04-06,4,FULL_BODY,["lunge", "horizontal_push", "vertical_pull"],,,,,,,,,,1,,,,
250,36,2026-04-07,5,FULL_BODY,["squat", "vertical_push", "horizontal_pull"],,,,,,,,,,1,,,,
251,36,2026-04-08,6,RECOVERY,[],,,,,,,,,,1,,,,
252,36,2026-04-09,7,FULL_BODY,["squat", "horizontal_push", "horizontal_pull"],,,,,,,,,,1,,,,
253,37,2026-01-16,1,FULL_BODY,["squat", "horizontal_push", "horizontal_pull"],,,,,,,,,,1,,,,
254,37,2026-01-17,2,FULL_BODY,["hinge", "vertical_push", "vertical_pull"],,,,,,,,,,1,,,,
255,37,2026-01-18,3,RECOVERY,[],,,,,,,,,,1,,,,
256,37,2026-01-19,4,FULL_BODY,["lunge", "horizontal_push", "vertical_pull"],,,,,,,,,,1,,,,
257,37,2026-01-20,5,FULL_BODY,["squat", "vertical_push", "horizontal_pull"],,,,,,,,,,1,,,,
258,37,2026-01-21,6,RECOVERY,[],,,,,,,,,,1,,,,
259,37,2026-01-22,7,FULL_BODY,["squat", "horizontal_push", "horizontal_pull"],,,,,,,,,,1,,,,
260,38,2026-01-23,1,FULL_BODY,["squat", "horizontal_push", "horizontal_pull"],,,,,,,,,,1,,,,
261,38,2026-01-24,2,FULL_BODY,["hinge", "vertical_push", "vertical_pull"],,,,,,,,,,1,,,,
262,38,2026-01-25,3,RECOVERY,[],,,,,,,,,,1,,,,
263,38,2026-01-26,4,FULL_BODY,["lunge", "horizontal_push", "vertical_pull"],,,,,,,,,,1,,,,
264,38,2026-01-27,5,FULL_BODY,["squat", "vertical_push", "horizontal_pull"],,,,,,,,,,1,,,,
265,38,2026-01-28,6,RECOVERY,[],,,,,,,,,,1,,,,
266,38,2026-01-29,7,FULL_BODY,["squat", "horizontal_push", "horizontal_pull"],,,,,,,,,,1,,,,
267,39,2026-01-30,1,FULL_BODY,["squat", "horizontal_push", "horizontal_pull"],,,,,,,,,,1,,,,
268,39,2026-01-31,2,FULL_BODY,["hinge", "vertical_push", "vertical_pull"],,,,,,,,,,1,,,,
269,39,2026-02-01,3,RECOVERY,[],,,,,,,,,,1,,,,
270,39,2026-02-02,4,FULL_BODY,["lunge", "horizontal_push", "vertical_pull"],,,,,,,,,,1,,,,
271,39,2026-02-03,5,FULL_BODY,["squat", "vertical_push", "horizontal_pull"],,,,,,,,,,1,,,,
272,39,2026-02-04,6,RECOVERY,[],,,,,,,,,,1,,,,
273,39,2026-02-05,7,FULL_BODY,["squat", "horizontal_push", "horizontal_pull"],,,,,,,,,,1,,,,
274,40,2026-02-06,1,FULL_BODY,["squat", "horizontal_push", "horizontal_pull"],,,,,,,,,,1,,,,
275,40,2026-02-07,2,FULL_BODY,["hinge", "vertical_push", "vertical_pull"],,,,,,,,,,1,,,,
276,40,2026-02-08,3,RECOVERY,[],,,,,,,,,,1,,,,
3169,453,2026-02-21,5,LOWER,["squat", "hinge"],,,,,,,,,,1,,,,
277,40,2026-02-09,4,FULL_BODY,["lunge", "horizontal_push", "vertical_pull"],,,,,,,,,,1,,,,
278,40,2026-02-10,5,FULL_BODY,["squat", "vertical_push", "horizontal_pull"],,,,,,,,,,1,,,,
8381,948,2026-03-29,9,LOWER,["squat", "hinge", "prefer_finisher"],,,,,,,,,,1,0,0,0,{}
8382,948,2026-03-30,10,FULL_BODY,["hinge", "horizontal_push", "horizontal_pull", "prefer_accessory"],,,,,,,,,,1,0,0,0,{}
8383,948,2026-03-31,11,RECOVERY,[],,,,,,,,,,1,0,0,0,{}
8384,948,2026-04-01,12,CARDIO,["cardio", "fat_loss"],,,,,,,,,,1,0,0,0,{}
8385,948,2026-04-02,13,CARDIO,["cardio", "fat_loss"],,,,,,,,,,1,0,0,0,{}
8386,948,2026-04-03,14,RECOVERY,[],,,,,,,,,,1,0,0,0,{}
8387,949,2026-04-04,1,UPPER,["horizontal_push", "horizontal_pull", "prefer_finisher"],,,,,,,,,,1,0,0,0,{}
8388,949,2026-04-05,2,LOWER,["squat", "hinge", "prefer_finisher"],,,,,,,,,,1,0,0,0,{}
8389,949,2026-04-06,3,RECOVERY,[],,,,,,,,,,1,0,0,0,{}
8390,949,2026-04-07,4,FULL_BODY,["hinge", "vertical_push", "vertical_pull", "prefer_finisher"],,,,,,,,,,1,0,0,0,{}
8391,949,2026-04-08,5,UPPER,["horizontal_push", "horizontal_pull", "prefer_finisher"],,,,,,,,,,1,0,0,0,{}
8392,949,2026-04-09,6,LOWER,["lunge", "squat", "prefer_finisher"],,,,,,,,,,1,0,0,0,{}
8393,949,2026-04-10,7,RECOVERY,[],,,,,,,,,,1,0,0,0,{}
8394,949,2026-04-11,8,UPPER,["vertical_push", "vertical_pull", "prefer_finisher"],,,,,,,,,,1,0,0,0,{}
8395,949,2026-04-12,9,LOWER,["squat", "hinge", "prefer_finisher"],,,,,,,,,,1,0,0,0,{}
8396,949,2026-04-13,10,FULL_BODY,["hinge", "horizontal_push", "horizontal_pull", "prefer_accessory"],,,,,,,,,,1,0,0,0,{}
8397,949,2026-04-14,11,RECOVERY,[],,,,,,,,,,1,0,0,0,{}
8398,949,2026-04-15,12,CARDIO,["cardio", "fat_loss"],,,,,,,,,,1,0,0,0,{}
8399,949,2026-04-16,13,CARDIO,["cardio", "fat_loss"],,,,,,,,,,1,0,0,0,{}
8400,949,2026-04-17,14,RECOVERY,[],,,,,,,,,,1,0,0,0,{}
279,40,2026-02-11,6,RECOVERY,[],,,,,,,,,,1,,,,
280,40,2026-02-12,7,FULL_BODY,["squat", "horizontal_push", "horizontal_pull"],,,,,,,,,,1,,,,
281,41,2026-02-13,1,FULL_BODY,["squat", "horizontal_push", "horizontal_pull"],,,,,,,,,,1,,,,
282,41,2026-02-14,2,FULL_BODY,["hinge", "vertical_push", "vertical_pull"],,,,,,,,,,1,,,,
283,41,2026-02-15,3,RECOVERY,[],,,,,,,,,,1,,,,
284,41,2026-02-16,4,FULL_BODY,["lunge", "horizontal_push", "vertical_pull"],,,,,,,,,,1,,,,
285,41,2026-02-17,5,FULL_BODY,["squat", "vertical_push", "horizontal_pull"],,,,,,,,,,1,,,,
286,41,2026-02-18,6,RECOVERY,[],,,,,,,,,,1,,,,
287,41,2026-02-19,7,FULL_BODY,["squat", "horizontal_push", "horizontal_pull"],,,,,,,,,,1,,,,
288,42,2026-02-20,1,FULL_BODY,["squat", "horizontal_push", "horizontal_pull"],,,,,,,,,,1,,,,
289,42,2026-02-21,2,FULL_BODY,["hinge", "vertical_push", "vertical_pull"],,,,,,,,,,1,,,,
290,42,2026-02-22,3,RECOVERY,[],,,,,,,,,,1,,,,
291,42,2026-02-23,4,FULL_BODY,["lunge", "horizontal_push", "vertical_pull"],,,,,,,,,,1,,,,
292,42,2026-02-24,5,FULL_BODY,["squat", "vertical_push", "horizontal_pull"],,,,,,,,,,1,,,,
293,42,2026-02-25,6,RECOVERY,[],,,,,,,,,,1,,,,
294,42,2026-02-26,7,FULL_BODY,["squat", "horizontal_push", "horizontal_pull"],,,,,,,,,,1,,,,
295,43,2026-02-27,1,FULL_BODY,["squat", "horizontal_push", "horizontal_pull"],,,,,,,,,,1,,,,
3170,453,2026-02-22,6,RECOVERY,[],,,,,,,,,,1,,,,
296,43,2026-02-28,2,FULL_BODY,["hinge", "vertical_push", "vertical_pull"],,,,,,,,,,1,,,,
297,43,2026-03-01,3,RECOVERY,[],,,,,,,,,,1,,,,
298,43,2026-03-02,4,FULL_BODY,["lunge", "horizontal_push", "vertical_pull"],,,,,,,,,,1,,,,
299,43,2026-03-03,5,FULL_BODY,["squat", "vertical_push", "horizontal_pull"],,,,,,,,,,1,,,,
300,43,2026-03-04,6,RECOVERY,[],,,,,,,,,,1,,,,
301,43,2026-03-05,7,FULL_BODY,["squat", "horizontal_push", "horizontal_pull"],,,,,,,,,,1,,,,
302,44,2026-03-06,1,FULL_BODY,["squat", "horizontal_push", "horizontal_pull"],,,,,,,,,,1,,,,
303,44,2026-03-07,2,FULL_BODY,["hinge", "vertical_push", "vertical_pull"],,,,,,,,,,1,,,,
304,44,2026-03-08,3,RECOVERY,[],,,,,,,,,,1,,,,
305,44,2026-03-09,4,FULL_BODY,["lunge", "horizontal_push", "vertical_pull"],,,,,,,,,,1,,,,
306,44,2026-03-10,5,FULL_BODY,["squat", "vertical_push", "horizontal_pull"],,,,,,,,,,1,,,,
307,44,2026-03-11,6,RECOVERY,[],,,,,,,,,,1,,,,
308,44,2026-03-12,7,FULL_BODY,["squat", "horizontal_push", "horizontal_pull"],,,,,,,,,,1,,,,
3171,453,2026-02-23,7,RECOVERY,[],,,,,,,,,,1,,,,
3172,454,2026-02-24,1,UPPER,["horizontal_push", "horizontal_pull"],,,,,,,,,,1,,,,
309,45,2026-03-13,1,FULL_BODY,["squat", "horizontal_push", "horizontal_pull"],,,,,,,,,,1,,,,
310,45,2026-03-14,2,FULL_BODY,["hinge", "vertical_push", "vertical_pull"],,,,,,,,,,1,,,,
311,45,2026-03-15,3,RECOVERY,[],,,,,,,,,,1,,,,
312,45,2026-03-16,4,FULL_BODY,["lunge", "horizontal_push", "vertical_pull"],,,,,,,,,,1,,,,
313,45,2026-03-17,5,FULL_BODY,["squat", "vertical_push", "horizontal_pull"],,,,,,,,,,1,,,,
314,45,2026-03-18,6,RECOVERY,[],,,,,,,,,,1,,,,
315,45,2026-03-19,7,FULL_BODY,["squat", "horizontal_push", "horizontal_pull"],,,,,,,,,,1,,,,
316,46,2026-03-20,1,FULL_BODY,["squat", "horizontal_push", "horizontal_pull"],,,,,,,,,,1,,,,
317,46,2026-03-21,2,FULL_BODY,["hinge", "vertical_push", "vertical_pull"],,,,,,,,,,1,,,,
318,46,2026-03-22,3,RECOVERY,[],,,,,,,,,,1,,,,
319,46,2026-03-23,4,FULL_BODY,["lunge", "horizontal_push", "vertical_pull"],,,,,,,,,,1,,,,
320,46,2026-03-24,5,FULL_BODY,["squat", "vertical_push", "horizontal_pull"],,,,,,,,,,1,,,,
321,46,2026-03-25,6,RECOVERY,[],,,,,,,,,,1,,,,
322,46,2026-03-26,7,FULL_BODY,["squat", "horizontal_push", "horizontal_pull"],,,,,,,,,,1,,,,
323,47,2026-03-27,1,FULL_BODY,["squat", "horizontal_push", "horizontal_pull"],,,,,,,,,,1,,,,
324,47,2026-03-28,2,FULL_BODY,["hinge", "vertical_push", "vertical_pull"],,,,,,,,,,1,,,,
325,47,2026-03-29,3,RECOVERY,[],,,,,,,,,,1,,,,
326,47,2026-03-30,4,FULL_BODY,["lunge", "horizontal_push", "vertical_pull"],,,,,,,,,,1,,,,
327,47,2026-03-31,5,FULL_BODY,["squat", "vertical_push", "horizontal_pull"],,,,,,,,,,1,,,,
328,47,2026-04-01,6,RECOVERY,[],,,,,,,,,,1,,,,
329,47,2026-04-02,7,FULL_BODY,["squat", "horizontal_push", "horizontal_pull"],,,,,,,,,,1,,,,
330,48,2026-04-03,1,FULL_BODY,["squat", "horizontal_push", "horizontal_pull"],,,,,,,,,,1,,,,
331,48,2026-04-04,2,FULL_BODY,["hinge", "vertical_push", "vertical_pull"],,,,,,,,,,1,,,,
332,48,2026-04-05,3,RECOVERY,[],,,,,,,,,,1,,,,
682,98,2026-01-25,3,RECOVERY,[],,,,,,,,,,1,,,,
333,48,2026-04-06,4,FULL_BODY,["lunge", "horizontal_push", "vertical_pull"],,,,,,,,,,1,,,,
334,48,2026-04-07,5,FULL_BODY,["squat", "vertical_push", "horizontal_pull"],,,,,,,,,,1,,,,
335,48,2026-04-08,6,RECOVERY,[],,,,,,,,,,1,,,,
336,48,2026-04-09,7,FULL_BODY,["squat", "horizontal_push", "horizontal_pull"],,,,,,,,,,1,,,,
337,49,2026-01-16,1,FULL_BODY,["squat", "horizontal_push", "horizontal_pull"],,,,,,,,,,1,,,,
338,49,2026-01-17,2,FULL_BODY,["hinge", "vertical_push", "vertical_pull"],,,,,,,,,,1,,,,
339,49,2026-01-18,3,RECOVERY,[],,,,,,,,,,1,,,,
340,49,2026-01-19,4,FULL_BODY,["lunge", "horizontal_push", "vertical_pull"],,,,,,,,,,1,,,,
341,49,2026-01-20,5,FULL_BODY,["squat", "vertical_push", "horizontal_pull"],,,,,,,,,,1,,,,
342,49,2026-01-21,6,RECOVERY,[],,,,,,,,,,1,,,,
343,49,2026-01-22,7,FULL_BODY,["squat", "horizontal_push", "horizontal_pull"],,,,,,,,,,1,,,,
344,50,2026-01-23,1,FULL_BODY,["squat", "horizontal_push", "horizontal_pull"],,,,,,,,,,1,,,,
345,50,2026-01-24,2,FULL_BODY,["hinge", "vertical_push", "vertical_pull"],,,,,,,,,,1,,,,
346,50,2026-01-25,3,RECOVERY,[],,,,,,,,,,1,,,,
347,50,2026-01-26,4,FULL_BODY,["lunge", "horizontal_push", "vertical_pull"],,,,,,,,,,1,,,,
348,50,2026-01-27,5,FULL_BODY,["squat", "vertical_push", "horizontal_pull"],,,,,,,,,,1,,,,
349,50,2026-01-28,6,RECOVERY,[],,,,,,,,,,1,,,,
350,50,2026-01-29,7,FULL_BODY,["squat", "horizontal_push", "horizontal_pull"],,,,,,,,,,1,,,,
351,51,2026-01-30,1,FULL_BODY,["squat", "horizontal_push", "horizontal_pull"],,,,,,,,,,1,,,,
352,51,2026-01-31,2,FULL_BODY,["hinge", "vertical_push", "vertical_pull"],,,,,,,,,,1,,,,
353,51,2026-02-01,3,RECOVERY,[],,,,,,,,,,1,,,,
354,51,2026-02-02,4,FULL_BODY,["lunge", "horizontal_push", "vertical_pull"],,,,,,,,,,1,,,,
355,51,2026-02-03,5,FULL_BODY,["squat", "vertical_push", "horizontal_pull"],,,,,,,,,,1,,,,
356,51,2026-02-04,6,RECOVERY,[],,,,,,,,,,1,,,,
357,51,2026-02-05,7,FULL_BODY,["squat", "horizontal_push", "horizontal_pull"],,,,,,,,,,1,,,,
358,52,2026-02-06,1,FULL_BODY,["squat", "horizontal_push", "horizontal_pull"],,,,,,,,,,1,,,,
359,52,2026-02-07,2,FULL_BODY,["hinge", "vertical_push", "vertical_pull"],,,,,,,,,,1,,,,
360,52,2026-02-08,3,RECOVERY,[],,,,,,,,,,1,,,,
361,52,2026-02-09,4,FULL_BODY,["lunge", "horizontal_push", "vertical_pull"],,,,,,,,,,1,,,,
362,52,2026-02-10,5,FULL_BODY,["squat", "vertical_push", "horizontal_pull"],,,,,,,,,,1,,,,
363,52,2026-02-11,6,RECOVERY,[],,,,,,,,,,1,,,,
364,52,2026-02-12,7,FULL_BODY,["squat", "horizontal_push", "horizontal_pull"],,,,,,,,,,1,,,,
365,53,2026-02-13,1,FULL_BODY,["squat", "horizontal_push", "horizontal_pull"],,,,,,,,,,1,,,,
366,53,2026-02-14,2,FULL_BODY,["hinge", "vertical_push", "vertical_pull"],,,,,,,,,,1,,,,
367,53,2026-02-15,3,RECOVERY,[],,,,,,,,,,1,,,,
368,53,2026-02-16,4,FULL_BODY,["lunge", "horizontal_push", "vertical_pull"],,,,,,,,,,1,,,,
369,53,2026-02-17,5,FULL_BODY,["squat", "vertical_push", "horizontal_pull"],,,,,,,,,,1,,,,
370,53,2026-02-18,6,RECOVERY,[],,,,,,,,,,1,,,,
371,53,2026-02-19,7,FULL_BODY,["squat", "horizontal_push", "horizontal_pull"],,,,,,,,,,1,,,,
372,54,2026-02-20,1,FULL_BODY,["squat", "horizontal_push", "horizontal_pull"],,,,,,,,,,1,,,,
373,54,2026-02-21,2,FULL_BODY,["hinge", "vertical_push", "vertical_pull"],,,,,,,,,,1,,,,
374,54,2026-02-22,3,RECOVERY,[],,,,,,,,,,1,,,,
375,54,2026-02-23,4,FULL_BODY,["lunge", "horizontal_push", "vertical_pull"],,,,,,,,,,1,,,,
376,54,2026-02-24,5,FULL_BODY,["squat", "vertical_push", "horizontal_pull"],,,,,,,,,,1,,,,
377,54,2026-02-25,6,RECOVERY,[],,,,,,,,,,1,,,,
378,54,2026-02-26,7,FULL_BODY,["squat", "horizontal_push", "horizontal_pull"],,,,,,,,,,1,,,,
3173,454,2026-02-25,2,LOWER,["squat", "hinge"],,,,,,,,,,1,,,,
3174,454,2026-02-26,3,RECOVERY,[],,,,,,,,,,1,,,,
3175,454,2026-02-27,4,UPPER,["vertical_push", "vertical_pull"],,,,,,,,,,1,,,,
3176,454,2026-02-28,5,LOWER,["squat", "hinge"],,,,,,,,,,1,,,,
3177,454,2026-03-01,6,RECOVERY,[],,,,,,,,,,1,,,,
3178,454,2026-03-02,7,RECOVERY,[],,,,,,,,,,1,,,,
3179,455,2026-03-03,1,UPPER,["horizontal_push", "horizontal_pull"],,,,,,,,,,1,,,,
3180,455,2026-03-04,2,LOWER,["squat", "hinge"],,,,,,,,,,1,,,,
3181,455,2026-03-05,3,RECOVERY,[],,,,,,,,,,1,,,,
3182,455,2026-03-06,4,UPPER,["vertical_push", "vertical_pull"],,,,,,,,,,1,,,,
3183,455,2026-03-07,5,LOWER,["squat", "hinge"],,,,,,,,,,1,,,,
3184,455,2026-03-08,6,RECOVERY,[],,,,,,,,,,1,,,,
3185,455,2026-03-09,7,RECOVERY,[],,,,,,,,,,1,,,,
3186,456,2026-03-10,1,UPPER,["horizontal_push", "horizontal_pull"],,,,,,,,,,1,,,,
3187,456,2026-03-11,2,LOWER,["squat", "hinge"],,,,,,,,,,1,,,,
3188,456,2026-03-12,3,RECOVERY,[],,,,,,,,,,1,,,,
3189,456,2026-03-13,4,UPPER,["vertical_push", "vertical_pull"],,,,,,,,,,1,,,,
3190,456,2026-03-14,5,LOWER,["squat", "hinge"],,,,,,,,,,1,,,,
3191,456,2026-03-15,6,RECOVERY,[],,,,,,,,,,1,,,,
3192,456,2026-03-16,7,RECOVERY,[],,,,,,,,,,1,,,,
3140,449,2026-01-23,4,UPPER,["vertical_push", "vertical_pull"],,,,,,,Generation failed: SessionGeneratorService.populate_session_by_id() got an unexpected keyword argument 'used_main_patterns'. Please regenerate.,,,1,,,,
3141,449,2026-01-24,5,LOWER,["squat", "hinge"],,,,,,,Generation failed: SessionGeneratorService.populate_session_by_id() got an unexpected keyword argument 'used_main_patterns'. Please regenerate.,,,1,,,,
3337,477,2026-01-24,5,LOWER,["squat", "hinge"],,,,,,,,,,1,,,,
3338,477,2026-01-25,6,RECOVERY,[],,,,,,,,,,1,,,,
3339,477,2026-01-26,7,RECOVERY,[],,,,,,,,,,1,,,,
3340,478,2026-01-27,1,UPPER,["horizontal_push", "horizontal_pull"],,,,,,,,,,1,,,,
3341,478,2026-01-28,2,LOWER,["squat", "hinge"],,,,,,,,,,1,,,,
3342,478,2026-01-29,3,RECOVERY,[],,,,,,,,,,1,,,,
3343,478,2026-01-30,4,UPPER,["vertical_push", "vertical_pull"],,,,,,,,,,1,,,,
3344,478,2026-01-31,5,LOWER,["squat", "hinge"],,,,,,,,,,1,,,,
3345,478,2026-02-01,6,RECOVERY,[],,,,,,,,,,1,,,,
3346,478,2026-02-02,7,RECOVERY,[],,,,,,,,,,1,,,,
3347,479,2026-02-03,1,UPPER,["horizontal_push", "horizontal_pull"],,,,,,,,,,1,,,,
3348,479,2026-02-04,2,LOWER,["squat", "hinge"],,,,,,,,,,1,,,,
3349,479,2026-02-05,3,RECOVERY,[],,,,,,,,,,1,,,,
3350,479,2026-02-06,4,UPPER,["vertical_push", "vertical_pull"],,,,,,,,,,1,,,,
3351,479,2026-02-07,5,LOWER,["squat", "hinge"],,,,,,,,,,1,,,,
3352,479,2026-02-08,6,RECOVERY,[],,,,,,,,,,1,,,,
3353,479,2026-02-09,7,RECOVERY,[],,,,,,,,,,1,,,,
3354,480,2026-02-10,1,UPPER,["horizontal_push", "horizontal_pull"],,,,,,,,,,1,,,,
3355,480,2026-02-11,2,LOWER,["squat", "hinge"],,,,,,,,,,1,,,,
3356,480,2026-02-12,3,RECOVERY,[],,,,,,,,,,1,,,,
3357,480,2026-02-13,4,UPPER,["vertical_push", "vertical_pull"],,,,,,,,,,1,,,,
379,55,2026-02-27,1,FULL_BODY,["squat", "horizontal_push", "horizontal_pull"],,,,,,,,,,1,,,,
380,55,2026-02-28,2,FULL_BODY,["hinge", "vertical_push", "vertical_pull"],,,,,,,,,,1,,,,
381,55,2026-03-01,3,RECOVERY,[],,,,,,,,,,1,,,,
382,55,2026-03-02,4,FULL_BODY,["lunge", "horizontal_push", "vertical_pull"],,,,,,,,,,1,,,,
383,55,2026-03-03,5,FULL_BODY,["squat", "vertical_push", "horizontal_pull"],,,,,,,,,,1,,,,
384,55,2026-03-04,6,RECOVERY,[],,,,,,,,,,1,,,,
385,55,2026-03-05,7,FULL_BODY,["squat", "horizontal_push", "horizontal_pull"],,,,,,,,,,1,,,,
386,56,2026-03-06,1,FULL_BODY,["squat", "horizontal_push", "horizontal_pull"],,,,,,,,,,1,,,,
387,56,2026-03-07,2,FULL_BODY,["hinge", "vertical_push", "vertical_pull"],,,,,,,,,,1,,,,
388,56,2026-03-08,3,RECOVERY,[],,,,,,,,,,1,,,,
389,56,2026-03-09,4,FULL_BODY,["lunge", "horizontal_push", "vertical_pull"],,,,,,,,,,1,,,,
390,56,2026-03-10,5,FULL_BODY,["squat", "vertical_push", "horizontal_pull"],,,,,,,,,,1,,,,
391,56,2026-03-11,6,RECOVERY,[],,,,,,,,,,1,,,,
392,56,2026-03-12,7,FULL_BODY,["squat", "horizontal_push", "horizontal_pull"],,,,,,,,,,1,,,,
393,57,2026-03-13,1,FULL_BODY,["squat", "horizontal_push", "horizontal_pull"],,,,,,,,,,1,,,,
394,57,2026-03-14,2,FULL_BODY,["hinge", "vertical_push", "vertical_pull"],,,,,,,,,,1,,,,
395,57,2026-03-15,3,RECOVERY,[],,,,,,,,,,1,,,,
396,57,2026-03-16,4,FULL_BODY,["lunge", "horizontal_push", "vertical_pull"],,,,,,,,,,1,,,,
397,57,2026-03-17,5,FULL_BODY,["squat", "vertical_push", "horizontal_pull"],,,,,,,,,,1,,,,
398,57,2026-03-18,6,RECOVERY,[],,,,,,,,,,1,,,,
399,57,2026-03-19,7,FULL_BODY,["squat", "horizontal_push", "horizontal_pull"],,,,,,,,,,1,,,,
400,58,2026-03-20,1,FULL_BODY,["squat", "horizontal_push", "horizontal_pull"],,,,,,,,,,1,,,,
401,58,2026-03-21,2,FULL_BODY,["hinge", "vertical_push", "vertical_pull"],,,,,,,,,,1,,,,
402,58,2026-03-22,3,RECOVERY,[],,,,,,,,,,1,,,,
403,58,2026-03-23,4,FULL_BODY,["lunge", "horizontal_push", "vertical_pull"],,,,,,,,,,1,,,,
404,58,2026-03-24,5,FULL_BODY,["squat", "vertical_push", "horizontal_pull"],,,,,,,,,,1,,,,
405,58,2026-03-25,6,RECOVERY,[],,,,,,,,,,1,,,,
406,58,2026-03-26,7,FULL_BODY,["squat", "horizontal_push", "horizontal_pull"],,,,,,,,,,1,,,,
407,59,2026-03-27,1,FULL_BODY,["squat", "horizontal_push", "horizontal_pull"],,,,,,,,,,1,,,,
408,59,2026-03-28,2,FULL_BODY,["hinge", "vertical_push", "vertical_pull"],,,,,,,,,,1,,,,
409,59,2026-03-29,3,RECOVERY,[],,,,,,,,,,1,,,,
410,59,2026-03-30,4,FULL_BODY,["lunge", "horizontal_push", "vertical_pull"],,,,,,,,,,1,,,,
411,59,2026-03-31,5,FULL_BODY,["squat", "vertical_push", "horizontal_pull"],,,,,,,,,,1,,,,
412,59,2026-04-01,6,RECOVERY,[],,,,,,,,,,1,,,,
413,59,2026-04-02,7,FULL_BODY,["squat", "horizontal_push", "horizontal_pull"],,,,,,,,,,1,,,,
414,60,2026-04-03,1,FULL_BODY,["squat", "horizontal_push", "horizontal_pull"],,,,,,,,,,1,,,,
415,60,2026-04-04,2,FULL_BODY,["hinge", "vertical_push", "vertical_pull"],,,,,,,,,,1,,,,
416,60,2026-04-05,3,RECOVERY,[],,,,,,,,,,1,,,,
417,60,2026-04-06,4,FULL_BODY,["lunge", "horizontal_push", "vertical_pull"],,,,,,,,,,1,,,,
418,60,2026-04-07,5,FULL_BODY,["squat", "vertical_push", "horizontal_pull"],,,,,,,,,,1,,,,
419,60,2026-04-08,6,RECOVERY,[],,,,,,,,,,1,,,,
420,60,2026-04-09,7,FULL_BODY,["squat", "horizontal_push", "horizontal_pull"],,,,,,,,,,1,,,,
421,61,2026-01-16,1,FULL_BODY,["squat", "horizontal_push", "horizontal_pull"],,,,,,,,,,1,,,,
422,61,2026-01-17,2,FULL_BODY,["hinge", "vertical_push", "vertical_pull"],,,,,,,,,,1,,,,
423,61,2026-01-18,3,RECOVERY,[],,,,,,,,,,1,,,,
424,61,2026-01-19,4,FULL_BODY,["lunge", "horizontal_push", "vertical_pull"],,,,,,,,,,1,,,,
425,61,2026-01-20,5,FULL_BODY,["squat", "vertical_push", "horizontal_pull"],,,,,,,,,,1,,,,
426,61,2026-01-21,6,RECOVERY,[],,,,,,,,,,1,,,,
427,61,2026-01-22,7,FULL_BODY,["squat", "horizontal_push", "horizontal_pull"],,,,,,,,,,1,,,,
428,62,2026-01-23,1,FULL_BODY,["squat", "horizontal_push", "horizontal_pull"],,,,,,,,,,1,,,,
429,62,2026-01-24,2,FULL_BODY,["hinge", "vertical_push", "vertical_pull"],,,,,,,,,,1,,,,
430,62,2026-01-25,3,RECOVERY,[],,,,,,,,,,1,,,,
431,62,2026-01-26,4,FULL_BODY,["lunge", "horizontal_push", "vertical_pull"],,,,,,,,,,1,,,,
432,62,2026-01-27,5,FULL_BODY,["squat", "vertical_push", "horizontal_pull"],,,,,,,,,,1,,,,
433,62,2026-01-28,6,RECOVERY,[],,,,,,,,,,1,,,,
434,62,2026-01-29,7,FULL_BODY,["squat", "horizontal_push", "horizontal_pull"],,,,,,,,,,1,,,,
435,63,2026-01-30,1,FULL_BODY,["squat", "horizontal_push", "horizontal_pull"],,,,,,,,,,1,,,,
436,63,2026-01-31,2,FULL_BODY,["hinge", "vertical_push", "vertical_pull"],,,,,,,,,,1,,,,
437,63,2026-02-01,3,RECOVERY,[],,,,,,,,,,1,,,,
438,63,2026-02-02,4,FULL_BODY,["lunge", "horizontal_push", "vertical_pull"],,,,,,,,,,1,,,,
439,63,2026-02-03,5,FULL_BODY,["squat", "vertical_push", "horizontal_pull"],,,,,,,,,,1,,,,
440,63,2026-02-04,6,RECOVERY,[],,,,,,,,,,1,,,,
441,63,2026-02-05,7,FULL_BODY,["squat", "horizontal_push", "horizontal_pull"],,,,,,,,,,1,,,,
8492,956,2026-02-02,8,FULL_BODY,["lunge", "horizontal_push", "horizontal_pull"],55,5,0,0,0,5,Optimization-first session aligned to your goals and recovery.,,,1,0,0,0,{}
8495,956,2026-02-05,11,LOWER,["squat", "hinge"],45,5,0,0,0,5,Optimization-first session aligned to your goals and recovery.,,,1,0,0,0,{}
442,64,2026-02-06,1,FULL_BODY,["squat", "horizontal_push", "horizontal_pull"],,,,,,,,,,1,,,,
443,64,2026-02-07,2,FULL_BODY,["hinge", "vertical_push", "vertical_pull"],,,,,,,,,,1,,,,
444,64,2026-02-08,3,RECOVERY,[],,,,,,,,,,1,,,,
445,64,2026-02-09,4,FULL_BODY,["lunge", "horizontal_push", "vertical_pull"],,,,,,,,,,1,,,,
446,64,2026-02-10,5,FULL_BODY,["squat", "vertical_push", "horizontal_pull"],,,,,,,,,,1,,,,
447,64,2026-02-11,6,RECOVERY,[],,,,,,,,,,1,,,,
448,64,2026-02-12,7,FULL_BODY,["squat", "horizontal_push", "horizontal_pull"],,,,,,,,,,1,,,,
449,65,2026-02-13,1,FULL_BODY,["squat", "horizontal_push", "horizontal_pull"],,,,,,,,,,1,,,,
450,65,2026-02-14,2,FULL_BODY,["hinge", "vertical_push", "vertical_pull"],,,,,,,,,,1,,,,
451,65,2026-02-15,3,RECOVERY,[],,,,,,,,,,1,,,,
452,65,2026-02-16,4,FULL_BODY,["lunge", "horizontal_push", "vertical_pull"],,,,,,,,,,1,,,,
453,65,2026-02-17,5,FULL_BODY,["squat", "vertical_push", "horizontal_pull"],,,,,,,,,,1,,,,
454,65,2026-02-18,6,RECOVERY,[],,,,,,,,,,1,,,,
455,65,2026-02-19,7,FULL_BODY,["squat", "horizontal_push", "horizontal_pull"],,,,,,,,,,1,,,,
456,66,2026-02-20,1,FULL_BODY,["squat", "horizontal_push", "horizontal_pull"],,,,,,,,,,1,,,,
457,66,2026-02-21,2,FULL_BODY,["hinge", "vertical_push", "vertical_pull"],,,,,,,,,,1,,,,
458,66,2026-02-22,3,RECOVERY,[],,,,,,,,,,1,,,,
459,66,2026-02-23,4,FULL_BODY,["lunge", "horizontal_push", "vertical_pull"],,,,,,,,,,1,,,,
460,66,2026-02-24,5,FULL_BODY,["squat", "vertical_push", "horizontal_pull"],,,,,,,,,,1,,,,
461,66,2026-02-25,6,RECOVERY,[],,,,,,,,,,1,,,,
462,66,2026-02-26,7,FULL_BODY,["squat", "horizontal_push", "horizontal_pull"],,,,,,,,,,1,,,,
463,67,2026-02-27,1,FULL_BODY,["squat", "horizontal_push", "horizontal_pull"],,,,,,,,,,1,,,,
464,67,2026-02-28,2,FULL_BODY,["hinge", "vertical_push", "vertical_pull"],,,,,,,,,,1,,,,
465,67,2026-03-01,3,RECOVERY,[],,,,,,,,,,1,,,,
466,67,2026-03-02,4,FULL_BODY,["lunge", "horizontal_push", "vertical_pull"],,,,,,,,,,1,,,,
467,67,2026-03-03,5,FULL_BODY,["squat", "vertical_push", "horizontal_pull"],,,,,,,,,,1,,,,
468,67,2026-03-04,6,RECOVERY,[],,,,,,,,,,1,,,,
469,67,2026-03-05,7,FULL_BODY,["squat", "horizontal_push", "horizontal_pull"],,,,,,,,,,1,,,,
470,68,2026-03-06,1,FULL_BODY,["squat", "horizontal_push", "horizontal_pull"],,,,,,,,,,1,,,,
471,68,2026-03-07,2,FULL_BODY,["hinge", "vertical_push", "vertical_pull"],,,,,,,,,,1,,,,
472,68,2026-03-08,3,RECOVERY,[],,,,,,,,,,1,,,,
473,68,2026-03-09,4,FULL_BODY,["lunge", "horizontal_push", "vertical_pull"],,,,,,,,,,1,,,,
474,68,2026-03-10,5,FULL_BODY,["squat", "vertical_push", "horizontal_pull"],,,,,,,,,,1,,,,
475,68,2026-03-11,6,RECOVERY,[],,,,,,,,,,1,,,,
476,68,2026-03-12,7,FULL_BODY,["squat", "horizontal_push", "horizontal_pull"],,,,,,,,,,1,,,,
477,69,2026-03-13,1,FULL_BODY,["squat", "horizontal_push", "horizontal_pull"],,,,,,,,,,1,,,,
478,69,2026-03-14,2,FULL_BODY,["hinge", "vertical_push", "vertical_pull"],,,,,,,,,,1,,,,
479,69,2026-03-15,3,RECOVERY,[],,,,,,,,,,1,,,,
480,69,2026-03-16,4,FULL_BODY,["lunge", "horizontal_push", "vertical_pull"],,,,,,,,,,1,,,,
481,69,2026-03-17,5,FULL_BODY,["squat", "vertical_push", "horizontal_pull"],,,,,,,,,,1,,,,
482,69,2026-03-18,6,RECOVERY,[],,,,,,,,,,1,,,,
483,69,2026-03-19,7,FULL_BODY,["squat", "horizontal_push", "horizontal_pull"],,,,,,,,,,1,,,,
484,70,2026-03-20,1,FULL_BODY,["squat", "horizontal_push", "horizontal_pull"],,,,,,,,,,1,,,,
485,70,2026-03-21,2,FULL_BODY,["hinge", "vertical_push", "vertical_pull"],,,,,,,,,,1,,,,
486,70,2026-03-22,3,RECOVERY,[],,,,,,,,,,1,,,,
487,70,2026-03-23,4,FULL_BODY,["lunge", "horizontal_push", "vertical_pull"],,,,,,,,,,1,,,,
488,70,2026-03-24,5,FULL_BODY,["squat", "vertical_push", "horizontal_pull"],,,,,,,,,,1,,,,
489,70,2026-03-25,6,RECOVERY,[],,,,,,,,,,1,,,,
490,70,2026-03-26,7,FULL_BODY,["squat", "horizontal_push", "horizontal_pull"],,,,,,,,,,1,,,,
491,71,2026-03-27,1,FULL_BODY,["squat", "horizontal_push", "horizontal_pull"],,,,,,,,,,1,,,,
492,71,2026-03-28,2,FULL_BODY,["hinge", "vertical_push", "vertical_pull"],,,,,,,,,,1,,,,
493,71,2026-03-29,3,RECOVERY,[],,,,,,,,,,1,,,,
494,71,2026-03-30,4,FULL_BODY,["lunge", "horizontal_push", "vertical_pull"],,,,,,,,,,1,,,,
495,71,2026-03-31,5,FULL_BODY,["squat", "vertical_push", "horizontal_pull"],,,,,,,,,,1,,,,
496,71,2026-04-01,6,RECOVERY,[],,,,,,,,,,1,,,,
497,71,2026-04-02,7,FULL_BODY,["squat", "horizontal_push", "horizontal_pull"],,,,,,,,,,1,,,,
498,72,2026-04-03,1,FULL_BODY,["squat", "horizontal_push", "horizontal_pull"],,,,,,,,,,1,,,,
499,72,2026-04-04,2,FULL_BODY,["hinge", "vertical_push", "vertical_pull"],,,,,,,,,,1,,,,
500,72,2026-04-05,3,RECOVERY,[],,,,,,,,,,1,,,,
501,72,2026-04-06,4,FULL_BODY,["lunge", "horizontal_push", "vertical_pull"],,,,,,,,,,1,,,,
502,72,2026-04-07,5,FULL_BODY,["squat", "vertical_push", "horizontal_pull"],,,,,,,,,,1,,,,
503,72,2026-04-08,6,RECOVERY,[],,,,,,,,,,1,,,,
504,72,2026-04-09,7,FULL_BODY,["squat", "horizontal_push", "horizontal_pull"],,,,,,,,,,1,,,,
505,73,2026-01-16,1,FULL_BODY,["squat", "horizontal_push", "horizontal_pull"],,,,,,,,,,1,,,,
506,73,2026-01-17,2,FULL_BODY,["hinge", "vertical_push", "vertical_pull"],,,,,,,,,,1,,,,
508,73,2026-01-19,4,FULL_BODY,["lunge", "horizontal_push", "vertical_pull"],,,,,,,,,,1,,,,
509,73,2026-01-20,5,FULL_BODY,["squat", "vertical_push", "horizontal_pull"],,,,,,,,,,1,,,,
510,73,2026-01-21,6,RECOVERY,[],,,,,,,,,,1,,,,
511,73,2026-01-22,7,FULL_BODY,["squat", "horizontal_push", "horizontal_pull"],,,,,,,,,,1,,,,
512,74,2026-01-23,1,FULL_BODY,["squat", "horizontal_push", "horizontal_pull"],,,,,,,,,,1,,,,
513,74,2026-01-24,2,FULL_BODY,["hinge", "vertical_push", "vertical_pull"],,,,,,,,,,1,,,,
6849,839,2026-02-09,3,RECOVERY,[],10,,,,,,,,,1,0,0,0,{}
553,79,2026-03-05,7,FULL_BODY,["squat", "horizontal_push", "horizontal_pull"],,,,,,,,,,1,,,,
554,80,2026-03-06,1,FULL_BODY,["squat", "horizontal_push", "horizontal_pull"],,,,,,,,,,1,,,,
555,80,2026-03-07,2,FULL_BODY,["hinge", "vertical_push", "vertical_pull"],,,,,,,,,,1,,,,
556,80,2026-03-08,3,RECOVERY,[],,,,,,,,,,1,,,,
557,80,2026-03-09,4,FULL_BODY,["lunge", "horizontal_push", "vertical_pull"],,,,,,,,,,1,,,,
558,80,2026-03-10,5,FULL_BODY,["squat", "vertical_push", "horizontal_pull"],,,,,,,,,,1,,,,
559,80,2026-03-11,6,RECOVERY,[],,,,,,,,,,1,,,,
560,80,2026-03-12,7,FULL_BODY,["squat", "horizontal_push", "horizontal_pull"],,,,,,,,,,1,,,,
561,81,2026-03-13,1,FULL_BODY,["squat", "horizontal_push", "horizontal_pull"],,,,,,,,,,1,,,,
562,81,2026-03-14,2,FULL_BODY,["hinge", "vertical_push", "vertical_pull"],,,,,,,,,,1,,,,
563,81,2026-03-15,3,RECOVERY,[],,,,,,,,,,1,,,,
564,81,2026-03-16,4,FULL_BODY,["lunge", "horizontal_push", "vertical_pull"],,,,,,,,,,1,,,,
565,81,2026-03-17,5,FULL_BODY,["squat", "vertical_push", "horizontal_pull"],,,,,,,,,,1,,,,
566,81,2026-03-18,6,RECOVERY,[],,,,,,,,,,1,,,,
567,81,2026-03-19,7,FULL_BODY,["squat", "horizontal_push", "horizontal_pull"],,,,,,,,,,1,,,,
568,82,2026-03-20,1,FULL_BODY,["squat", "horizontal_push", "horizontal_pull"],,,,,,,,,,1,,,,
569,82,2026-03-21,2,FULL_BODY,["hinge", "vertical_push", "vertical_pull"],,,,,,,,,,1,,,,
570,82,2026-03-22,3,RECOVERY,[],,,,,,,,,,1,,,,
571,82,2026-03-23,4,FULL_BODY,["lunge", "horizontal_push", "vertical_pull"],,,,,,,,,,1,,,,
572,82,2026-03-24,5,FULL_BODY,["squat", "vertical_push", "horizontal_pull"],,,,,,,,,,1,,,,
573,82,2026-03-25,6,RECOVERY,[],,,,,,,,,,1,,,,
574,82,2026-03-26,7,FULL_BODY,["squat", "horizontal_push", "horizontal_pull"],,,,,,,,,,1,,,,
575,83,2026-03-27,1,FULL_BODY,["squat", "horizontal_push", "horizontal_pull"],,,,,,,,,,1,,,,
576,83,2026-03-28,2,FULL_BODY,["hinge", "vertical_push", "vertical_pull"],,,,,,,,,,1,,,,
577,83,2026-03-29,3,RECOVERY,[],,,,,,,,,,1,,,,
578,83,2026-03-30,4,FULL_BODY,["lunge", "horizontal_push", "vertical_pull"],,,,,,,,,,1,,,,
579,83,2026-03-31,5,FULL_BODY,["squat", "vertical_push", "horizontal_pull"],,,,,,,,,,1,,,,
580,83,2026-04-01,6,RECOVERY,[],,,,,,,,,,1,,,,
581,83,2026-04-02,7,FULL_BODY,["squat", "horizontal_push", "horizontal_pull"],,,,,,,,,,1,,,,
582,84,2026-04-03,1,FULL_BODY,["squat", "horizontal_push", "horizontal_pull"],,,,,,,,,,1,,,,
583,84,2026-04-04,2,FULL_BODY,["hinge", "vertical_push", "vertical_pull"],,,,,,,,,,1,,,,
584,84,2026-04-05,3,RECOVERY,[],,,,,,,,,,1,,,,
585,84,2026-04-06,4,FULL_BODY,["lunge", "horizontal_push", "vertical_pull"],,,,,,,,,,1,,,,
586,84,2026-04-07,5,FULL_BODY,["squat", "vertical_push", "horizontal_pull"],,,,,,,,,,1,,,,
587,84,2026-04-08,6,RECOVERY,[],,,,,,,,,,1,,,,
588,84,2026-04-09,7,FULL_BODY,["squat", "horizontal_push", "horizontal_pull"],,,,,,,,,,1,,,,
589,85,2026-01-16,1,FULL_BODY,["squat", "horizontal_push", "horizontal_pull"],,,,,,,,,,1,,,,
590,85,2026-01-17,2,FULL_BODY,["hinge", "vertical_push", "vertical_pull"],,,,,,,,,,1,,,,
591,85,2026-01-18,3,RECOVERY,[],,,,,,,,,,1,,,,
592,85,2026-01-19,4,FULL_BODY,["lunge", "horizontal_push", "vertical_pull"],,,,,,,,,,1,,,,
593,85,2026-01-20,5,FULL_BODY,["squat", "vertical_push", "horizontal_pull"],,,,,,,,,,1,,,,
594,85,2026-01-21,6,RECOVERY,[],,,,,,,,,,1,,,,
595,85,2026-01-22,7,FULL_BODY,["squat", "horizontal_push", "horizontal_pull"],,,,,,,,,,1,,,,
596,86,2026-01-23,1,FULL_BODY,["squat", "horizontal_push", "horizontal_pull"],,,,,,,,,,1,,,,
597,86,2026-01-24,2,FULL_BODY,["hinge", "vertical_push", "vertical_pull"],,,,,,,,,,1,,,,
598,86,2026-01-25,3,RECOVERY,[],,,,,,,,,,1,,,,
599,86,2026-01-26,4,FULL_BODY,["lunge", "horizontal_push", "vertical_pull"],,,,,,,,,,1,,,,
600,86,2026-01-27,5,FULL_BODY,["squat", "vertical_push", "horizontal_pull"],,,,,,,,,,1,,,,
601,86,2026-01-28,6,RECOVERY,[],,,,,,,,,,1,,,,
602,86,2026-01-29,7,FULL_BODY,["squat", "horizontal_push", "horizontal_pull"],,,,,,,,,,1,,,,
603,87,2026-01-30,1,FULL_BODY,["squat", "horizontal_push", "horizontal_pull"],,,,,,,,,,1,,,,
604,87,2026-01-31,2,FULL_BODY,["hinge", "vertical_push", "vertical_pull"],,,,,,,,,,1,,,,
605,87,2026-02-01,3,RECOVERY,[],,,,,,,,,,1,,,,
606,87,2026-02-02,4,FULL_BODY,["lunge", "horizontal_push", "vertical_pull"],,,,,,,,,,1,,,,
607,87,2026-02-03,5,FULL_BODY,["squat", "vertical_push", "horizontal_pull"],,,,,,,,,,1,,,,
608,87,2026-02-04,6,RECOVERY,[],,,,,,,,,,1,,,,
609,87,2026-02-05,7,FULL_BODY,["squat", "horizontal_push", "horizontal_pull"],,,,,,,,,,1,,,,
610,88,2026-02-06,1,FULL_BODY,["squat", "horizontal_push", "horizontal_pull"],,,,,,,,,,1,,,,
611,88,2026-02-07,2,FULL_BODY,["hinge", "vertical_push", "vertical_pull"],,,,,,,,,,1,,,,
612,88,2026-02-08,3,RECOVERY,[],,,,,,,,,,1,,,,
613,88,2026-02-09,4,FULL_BODY,["lunge", "horizontal_push", "vertical_pull"],,,,,,,,,,1,,,,
614,88,2026-02-10,5,FULL_BODY,["squat", "vertical_push", "horizontal_pull"],,,,,,,,,,1,,,,
615,88,2026-02-11,6,RECOVERY,[],,,,,,,,,,1,,,,
616,88,2026-02-12,7,FULL_BODY,["squat", "horizontal_push", "horizontal_pull"],,,,,,,,,,1,,,,
617,89,2026-02-13,1,FULL_BODY,["squat", "horizontal_push", "horizontal_pull"],,,,,,,,,,1,,,,
618,89,2026-02-14,2,FULL_BODY,["hinge", "vertical_push", "vertical_pull"],,,,,,,,,,1,,,,
619,89,2026-02-15,3,RECOVERY,[],,,,,,,,,,1,,,,
620,89,2026-02-16,4,FULL_BODY,["lunge", "horizontal_push", "vertical_pull"],,,,,,,,,,1,,,,
621,89,2026-02-17,5,FULL_BODY,["squat", "vertical_push", "horizontal_pull"],,,,,,,,,,1,,,,
622,89,2026-02-18,6,RECOVERY,[],,,,,,,,,,1,,,,
623,89,2026-02-19,7,FULL_BODY,["squat", "horizontal_push", "horizontal_pull"],,,,,,,,,,1,,,,
624,90,2026-02-20,1,FULL_BODY,["squat", "horizontal_push", "horizontal_pull"],,,,,,,,,,1,,,,
625,90,2026-02-21,2,FULL_BODY,["hinge", "vertical_push", "vertical_pull"],,,,,,,,,,1,,,,
626,90,2026-02-22,3,RECOVERY,[],,,,,,,,,,1,,,,
627,90,2026-02-23,4,FULL_BODY,["lunge", "horizontal_push", "vertical_pull"],,,,,,,,,,1,,,,
628,90,2026-02-24,5,FULL_BODY,["squat", "vertical_push", "horizontal_pull"],,,,,,,,,,1,,,,
629,90,2026-02-25,6,RECOVERY,[],,,,,,,,,,1,,,,
630,90,2026-02-26,7,FULL_BODY,["squat", "horizontal_push", "horizontal_pull"],,,,,,,,,,1,,,,
631,91,2026-02-27,1,FULL_BODY,["squat", "horizontal_push", "horizontal_pull"],,,,,,,,,,1,,,,
632,91,2026-02-28,2,FULL_BODY,["hinge", "vertical_push", "vertical_pull"],,,,,,,,,,1,,,,
633,91,2026-03-01,3,RECOVERY,[],,,,,,,,,,1,,,,
634,91,2026-03-02,4,FULL_BODY,["lunge", "horizontal_push", "vertical_pull"],,,,,,,,,,1,,,,
635,91,2026-03-03,5,FULL_BODY,["squat", "vertical_push", "horizontal_pull"],,,,,,,,,,1,,,,
636,91,2026-03-04,6,RECOVERY,[],,,,,,,,,,1,,,,
637,91,2026-03-05,7,FULL_BODY,["squat", "horizontal_push", "horizontal_pull"],,,,,,,,,,1,,,,
638,92,2026-03-06,1,FULL_BODY,["squat", "horizontal_push", "horizontal_pull"],,,,,,,,,,1,,,,
639,92,2026-03-07,2,FULL_BODY,["hinge", "vertical_push", "vertical_pull"],,,,,,,,,,1,,,,
640,92,2026-03-08,3,RECOVERY,[],,,,,,,,,,1,,,,
641,92,2026-03-09,4,FULL_BODY,["lunge", "horizontal_push", "vertical_pull"],,,,,,,,,,1,,,,
642,92,2026-03-10,5,FULL_BODY,["squat", "vertical_push", "horizontal_pull"],,,,,,,,,,1,,,,
643,92,2026-03-11,6,RECOVERY,[],,,,,,,,,,1,,,,
644,92,2026-03-12,7,FULL_BODY,["squat", "horizontal_push", "horizontal_pull"],,,,,,,,,,1,,,,
645,93,2026-03-13,1,FULL_BODY,["squat", "horizontal_push", "horizontal_pull"],,,,,,,,,,1,,,,
646,93,2026-03-14,2,FULL_BODY,["hinge", "vertical_push", "vertical_pull"],,,,,,,,,,1,,,,
647,93,2026-03-15,3,RECOVERY,[],,,,,,,,,,1,,,,
648,93,2026-03-16,4,FULL_BODY,["lunge", "horizontal_push", "vertical_pull"],,,,,,,,,,1,,,,
649,93,2026-03-17,5,FULL_BODY,["squat", "vertical_push", "horizontal_pull"],,,,,,,,,,1,,,,
650,93,2026-03-18,6,RECOVERY,[],,,,,,,,,,1,,,,
651,93,2026-03-19,7,FULL_BODY,["squat", "horizontal_push", "horizontal_pull"],,,,,,,,,,1,,,,
652,94,2026-03-20,1,FULL_BODY,["squat", "horizontal_push", "horizontal_pull"],,,,,,,,,,1,,,,
653,94,2026-03-21,2,FULL_BODY,["hinge", "vertical_push", "vertical_pull"],,,,,,,,,,1,,,,
654,94,2026-03-22,3,RECOVERY,[],,,,,,,,,,1,,,,
655,94,2026-03-23,4,FULL_BODY,["lunge", "horizontal_push", "vertical_pull"],,,,,,,,,,1,,,,
656,94,2026-03-24,5,FULL_BODY,["squat", "vertical_push", "horizontal_pull"],,,,,,,,,,1,,,,
657,94,2026-03-25,6,RECOVERY,[],,,,,,,,,,1,,,,
658,94,2026-03-26,7,FULL_BODY,["squat", "horizontal_push", "horizontal_pull"],,,,,,,,,,1,,,,
659,95,2026-03-27,1,FULL_BODY,["squat", "horizontal_push", "horizontal_pull"],,,,,,,,,,1,,,,
660,95,2026-03-28,2,FULL_BODY,["hinge", "vertical_push", "vertical_pull"],,,,,,,,,,1,,,,
661,95,2026-03-29,3,RECOVERY,[],,,,,,,,,,1,,,,
662,95,2026-03-30,4,FULL_BODY,["lunge", "horizontal_push", "vertical_pull"],,,,,,,,,,1,,,,
663,95,2026-03-31,5,FULL_BODY,["squat", "vertical_push", "horizontal_pull"],,,,,,,,,,1,,,,
664,95,2026-04-01,6,RECOVERY,[],,,,,,,,,,1,,,,
665,95,2026-04-02,7,FULL_BODY,["squat", "horizontal_push", "horizontal_pull"],,,,,,,,,,1,,,,
666,96,2026-04-03,1,FULL_BODY,["squat", "horizontal_push", "horizontal_pull"],,,,,,,,,,1,,,,
667,96,2026-04-04,2,FULL_BODY,["hinge", "vertical_push", "vertical_pull"],,,,,,,,,,1,,,,
668,96,2026-04-05,3,RECOVERY,[],,,,,,,,,,1,,,,
669,96,2026-04-06,4,FULL_BODY,["lunge", "horizontal_push", "vertical_pull"],,,,,,,,,,1,,,,
670,96,2026-04-07,5,FULL_BODY,["squat", "vertical_push", "horizontal_pull"],,,,,,,,,,1,,,,
671,96,2026-04-08,6,RECOVERY,[],,,,,,,,,,1,,,,
672,96,2026-04-09,7,FULL_BODY,["squat", "horizontal_push", "horizontal_pull"],,,,,,,,,,1,,,,
673,97,2026-01-16,1,FULL_BODY,["squat", "horizontal_push", "horizontal_pull"],,,,,,,,,,1,,,,
674,97,2026-01-17,2,FULL_BODY,["hinge", "vertical_push", "vertical_pull"],,,,,,,,,,1,,,,
675,97,2026-01-18,3,RECOVERY,[],,,,,,,,,,1,,,,
676,97,2026-01-19,4,FULL_BODY,["lunge", "horizontal_push", "vertical_pull"],,,,,,,,,,1,,,,
677,97,2026-01-20,5,FULL_BODY,["squat", "vertical_push", "horizontal_pull"],,,,,,,,,,1,,,,
678,97,2026-01-21,6,RECOVERY,[],,,,,,,,,,1,,,,
679,97,2026-01-22,7,FULL_BODY,["squat", "horizontal_push", "horizontal_pull"],,,,,,,,,,1,,,,
680,98,2026-01-23,1,FULL_BODY,["squat", "horizontal_push", "horizontal_pull"],,,,,,,,,,1,,,,
681,98,2026-01-24,2,FULL_BODY,["hinge", "vertical_push", "vertical_pull"],,,,,,,,,,1,,,,
683,98,2026-01-26,4,FULL_BODY,["lunge", "horizontal_push", "vertical_pull"],,,,,,,,,,1,,,,
684,98,2026-01-27,5,FULL_BODY,["squat", "vertical_push", "horizontal_pull"],,,,,,,,,,1,,,,
685,98,2026-01-28,6,RECOVERY,[],,,,,,,,,,1,,,,
686,98,2026-01-29,7,FULL_BODY,["squat", "horizontal_push", "horizontal_pull"],,,,,,,,,,1,,,,
687,99,2026-01-30,1,FULL_BODY,["squat", "horizontal_push", "horizontal_pull"],,,,,,,,,,1,,,,
688,99,2026-01-31,2,FULL_BODY,["hinge", "vertical_push", "vertical_pull"],,,,,,,,,,1,,,,
689,99,2026-02-01,3,RECOVERY,[],,,,,,,,,,1,,,,
690,99,2026-02-02,4,FULL_BODY,["lunge", "horizontal_push", "vertical_pull"],,,,,,,,,,1,,,,
691,99,2026-02-03,5,FULL_BODY,["squat", "vertical_push", "horizontal_pull"],,,,,,,,,,1,,,,
692,99,2026-02-04,6,RECOVERY,[],,,,,,,,,,1,,,,
693,99,2026-02-05,7,FULL_BODY,["squat", "horizontal_push", "horizontal_pull"],,,,,,,,,,1,,,,
694,100,2026-02-06,1,FULL_BODY,["squat", "horizontal_push", "horizontal_pull"],,,,,,,,,,1,,,,
695,100,2026-02-07,2,FULL_BODY,["hinge", "vertical_push", "vertical_pull"],,,,,,,,,,1,,,,
696,100,2026-02-08,3,RECOVERY,[],,,,,,,,,,1,,,,
697,100,2026-02-09,4,FULL_BODY,["lunge", "horizontal_push", "vertical_pull"],,,,,,,,,,1,,,,
698,100,2026-02-10,5,FULL_BODY,["squat", "vertical_push", "horizontal_pull"],,,,,,,,,,1,,,,
699,100,2026-02-11,6,RECOVERY,[],,,,,,,,,,1,,,,
700,100,2026-02-12,7,FULL_BODY,["squat", "horizontal_push", "horizontal_pull"],,,,,,,,,,1,,,,
701,101,2026-02-13,1,FULL_BODY,["squat", "horizontal_push", "horizontal_pull"],,,,,,,,,,1,,,,
702,101,2026-02-14,2,FULL_BODY,["hinge", "vertical_push", "vertical_pull"],,,,,,,,,,1,,,,
703,101,2026-02-15,3,RECOVERY,[],,,,,,,,,,1,,,,
704,101,2026-02-16,4,FULL_BODY,["lunge", "horizontal_push", "vertical_pull"],,,,,,,,,,1,,,,
705,101,2026-02-17,5,FULL_BODY,["squat", "vertical_push", "horizontal_pull"],,,,,,,,,,1,,,,
706,101,2026-02-18,6,RECOVERY,[],,,,,,,,,,1,,,,
707,101,2026-02-19,7,FULL_BODY,["squat", "horizontal_push", "horizontal_pull"],,,,,,,,,,1,,,,
708,102,2026-02-20,1,FULL_BODY,["squat", "horizontal_push", "horizontal_pull"],,,,,,,,,,1,,,,
709,102,2026-02-21,2,FULL_BODY,["hinge", "vertical_push", "vertical_pull"],,,,,,,,,,1,,,,
710,102,2026-02-22,3,RECOVERY,[],,,,,,,,,,1,,,,
711,102,2026-02-23,4,FULL_BODY,["lunge", "horizontal_push", "vertical_pull"],,,,,,,,,,1,,,,
712,102,2026-02-24,5,FULL_BODY,["squat", "vertical_push", "horizontal_pull"],,,,,,,,,,1,,,,
713,102,2026-02-25,6,RECOVERY,[],,,,,,,,,,1,,,,
714,102,2026-02-26,7,FULL_BODY,["squat", "horizontal_push", "horizontal_pull"],,,,,,,,,,1,,,,
715,103,2026-02-27,1,FULL_BODY,["squat", "horizontal_push", "horizontal_pull"],,,,,,,,,,1,,,,
716,103,2026-02-28,2,FULL_BODY,["hinge", "vertical_push", "vertical_pull"],,,,,,,,,,1,,,,
717,103,2026-03-01,3,RECOVERY,[],,,,,,,,,,1,,,,
718,103,2026-03-02,4,FULL_BODY,["lunge", "horizontal_push", "vertical_pull"],,,,,,,,,,1,,,,
719,103,2026-03-03,5,FULL_BODY,["squat", "vertical_push", "horizontal_pull"],,,,,,,,,,1,,,,
720,103,2026-03-04,6,RECOVERY,[],,,,,,,,,,1,,,,
721,103,2026-03-05,7,FULL_BODY,["squat", "horizontal_push", "horizontal_pull"],,,,,,,,,,1,,,,
722,104,2026-03-06,1,FULL_BODY,["squat", "horizontal_push", "horizontal_pull"],,,,,,,,,,1,,,,
723,104,2026-03-07,2,FULL_BODY,["hinge", "vertical_push", "vertical_pull"],,,,,,,,,,1,,,,
724,104,2026-03-08,3,RECOVERY,[],,,,,,,,,,1,,,,
725,104,2026-03-09,4,FULL_BODY,["lunge", "horizontal_push", "vertical_pull"],,,,,,,,,,1,,,,
726,104,2026-03-10,5,FULL_BODY,["squat", "vertical_push", "horizontal_pull"],,,,,,,,,,1,,,,
727,104,2026-03-11,6,RECOVERY,[],,,,,,,,,,1,,,,
728,104,2026-03-12,7,FULL_BODY,["squat", "horizontal_push", "horizontal_pull"],,,,,,,,,,1,,,,
729,105,2026-03-13,1,FULL_BODY,["squat", "horizontal_push", "horizontal_pull"],,,,,,,,,,1,,,,
730,105,2026-03-14,2,FULL_BODY,["hinge", "vertical_push", "vertical_pull"],,,,,,,,,,1,,,,
731,105,2026-03-15,3,RECOVERY,[],,,,,,,,,,1,,,,
732,105,2026-03-16,4,FULL_BODY,["lunge", "horizontal_push", "vertical_pull"],,,,,,,,,,1,,,,
733,105,2026-03-17,5,FULL_BODY,["squat", "vertical_push", "horizontal_pull"],,,,,,,,,,1,,,,
734,105,2026-03-18,6,RECOVERY,[],,,,,,,,,,1,,,,
735,105,2026-03-19,7,FULL_BODY,["squat", "horizontal_push", "horizontal_pull"],,,,,,,,,,1,,,,
736,106,2026-03-20,1,FULL_BODY,["squat", "horizontal_push", "horizontal_pull"],,,,,,,,,,1,,,,
737,106,2026-03-21,2,FULL_BODY,["hinge", "vertical_push", "vertical_pull"],,,,,,,,,,1,,,,
738,106,2026-03-22,3,RECOVERY,[],,,,,,,,,,1,,,,
739,106,2026-03-23,4,FULL_BODY,["lunge", "horizontal_push", "vertical_pull"],,,,,,,,,,1,,,,
740,106,2026-03-24,5,FULL_BODY,["squat", "vertical_push", "horizontal_pull"],,,,,,,,,,1,,,,
741,106,2026-03-25,6,RECOVERY,[],,,,,,,,,,1,,,,
742,106,2026-03-26,7,FULL_BODY,["squat", "horizontal_push", "horizontal_pull"],,,,,,,,,,1,,,,
743,107,2026-03-27,1,FULL_BODY,["squat", "horizontal_push", "horizontal_pull"],,,,,,,,,,1,,,,
744,107,2026-03-28,2,FULL_BODY,["hinge", "vertical_push", "vertical_pull"],,,,,,,,,,1,,,,
745,107,2026-03-29,3,RECOVERY,[],,,,,,,,,,1,,,,
746,107,2026-03-30,4,FULL_BODY,["lunge", "horizontal_push", "vertical_pull"],,,,,,,,,,1,,,,
747,107,2026-03-31,5,FULL_BODY,["squat", "vertical_push", "horizontal_pull"],,,,,,,,,,1,,,,
748,107,2026-04-01,6,RECOVERY,[],,,,,,,,,,1,,,,
749,107,2026-04-02,7,FULL_BODY,["squat", "horizontal_push", "horizontal_pull"],,,,,,,,,,1,,,,
750,108,2026-04-03,1,FULL_BODY,["squat", "horizontal_push", "horizontal_pull"],,,,,,,,,,1,,,,
751,108,2026-04-04,2,FULL_BODY,["hinge", "vertical_push", "vertical_pull"],,,,,,,,,,1,,,,
752,108,2026-04-05,3,RECOVERY,[],,,,,,,,,,1,,,,
753,108,2026-04-06,4,FULL_BODY,["lunge", "horizontal_push", "vertical_pull"],,,,,,,,,,1,,,,
754,108,2026-04-07,5,FULL_BODY,["squat", "vertical_push", "horizontal_pull"],,,,,,,,,,1,,,,
755,108,2026-04-08,6,RECOVERY,[],,,,,,,,,,1,,,,
756,108,2026-04-09,7,FULL_BODY,["squat", "horizontal_push", "horizontal_pull"],,,,,,,,,,1,,,,
10,2,2026-01-24,3,RECOVERY,[],10,,,,,,,,,1,,,,
11,2,2026-01-25,4,FULL_BODY,["lunge", "horizontal_push", "vertical_pull"],10,,,,,,,,,1,,,,
12,2,2026-01-26,5,FULL_BODY,["squat", "vertical_push", "horizontal_pull"],10,,,,,,,,,1,,,,
13,2,2026-01-27,6,RECOVERY,[],10,,,,,,,,,1,,,,
14,2,2026-01-28,7,FULL_BODY,["squat", "horizontal_push", "horizontal_pull"],10,,,,,,,,,1,,,,
15,3,2026-01-29,1,FULL_BODY,["squat", "horizontal_push", "horizontal_pull"],10,,,,,,,,,1,,,,
16,3,2026-01-30,2,FULL_BODY,["hinge", "vertical_push", "vertical_pull"],10,,,,,,,,,1,,,,
17,3,2026-01-31,3,RECOVERY,[],10,,,,,,,,,1,,,,
18,3,2026-02-01,4,FULL_BODY,["lunge", "horizontal_push", "vertical_pull"],10,,,,,,,,,1,,,,
19,3,2026-02-02,5,FULL_BODY,["squat", "vertical_push", "horizontal_pull"],10,,,,,,,,,1,,,,
20,3,2026-02-03,6,RECOVERY,[],10,,,,,,,,,1,,,,
21,3,2026-02-04,7,FULL_BODY,["squat", "horizontal_push", "horizontal_pull"],10,,,,,,,,,1,,,,
22,4,2026-02-05,1,FULL_BODY,["squat", "horizontal_push", "horizontal_pull"],10,,,,,,,,,1,,,,
23,4,2026-02-06,2,FULL_BODY,["hinge", "vertical_push", "vertical_pull"],10,,,,,,,,,1,,,,
24,4,2026-02-07,3,RECOVERY,[],10,,,,,,,,,1,,,,
25,4,2026-02-08,4,FULL_BODY,["lunge", "horizontal_push", "vertical_pull"],10,,,,,,,,,1,,,,
26,4,2026-02-09,5,FULL_BODY,["squat", "vertical_push", "horizontal_pull"],10,,,,,,,,,1,,,,
27,4,2026-02-10,6,RECOVERY,[],10,,,,,,,,,1,,,,
28,4,2026-02-11,7,FULL_BODY,["squat", "horizontal_push", "horizontal_pull"],10,,,,,,,,,1,,,,
29,5,2026-02-12,1,FULL_BODY,["squat", "horizontal_push", "horizontal_pull"],10,,,,,,,,,1,,,,
30,5,2026-02-13,2,FULL_BODY,["hinge", "vertical_push", "vertical_pull"],10,,,,,,,,,1,,,,
31,5,2026-02-14,3,RECOVERY,[],10,,,,,,,,,1,,,,
32,5,2026-02-15,4,FULL_BODY,["lunge", "horizontal_push", "vertical_pull"],10,,,,,,,,,1,,,,
33,5,2026-02-16,5,FULL_BODY,["squat", "vertical_push", "horizontal_pull"],10,,,,,,,,,1,,,,
34,5,2026-02-17,6,RECOVERY,[],10,,,,,,,,,1,,,,
35,5,2026-02-18,7,FULL_BODY,["squat", "horizontal_push", "horizontal_pull"],10,,,,,,,,,1,,,,
36,6,2026-02-19,1,FULL_BODY,["squat", "horizontal_push", "horizontal_pull"],10,,,,,,,,,1,,,,
37,6,2026-02-20,2,FULL_BODY,["hinge", "vertical_push", "vertical_pull"],10,,,,,,,,,1,,,,
38,6,2026-02-21,3,RECOVERY,[],10,,,,,,,,,1,,,,
39,6,2026-02-22,4,FULL_BODY,["lunge", "horizontal_push", "vertical_pull"],10,,,,,,,,,1,,,,
40,6,2026-02-23,5,FULL_BODY,["squat", "vertical_push", "horizontal_pull"],10,,,,,,,,,1,,,,
41,6,2026-02-24,6,RECOVERY,[],10,,,,,,,,,1,,,,
42,6,2026-02-25,7,FULL_BODY,["squat", "horizontal_push", "horizontal_pull"],10,,,,,,,,,1,,,,
43,7,2026-02-26,1,FULL_BODY,["squat", "horizontal_push", "horizontal_pull"],10,,,,,,,,,1,,,,
44,7,2026-02-27,2,FULL_BODY,["hinge", "vertical_push", "vertical_pull"],10,,,,,,,,,1,,,,
45,7,2026-02-28,3,RECOVERY,[],10,,,,,,,,,1,,,,
46,7,2026-03-01,4,FULL_BODY,["lunge", "horizontal_push", "vertical_pull"],10,,,,,,,,,1,,,,
47,7,2026-03-02,5,FULL_BODY,["squat", "vertical_push", "horizontal_pull"],10,,,,,,,,,1,,,,
48,7,2026-03-03,6,RECOVERY,[],10,,,,,,,,,1,,,,
49,7,2026-03-04,7,FULL_BODY,["squat", "horizontal_push", "horizontal_pull"],10,,,,,,,,,1,,,,
50,8,2026-03-05,1,FULL_BODY,["squat", "horizontal_push", "horizontal_pull"],10,,,,,,,,,1,,,,
51,8,2026-03-06,2,FULL_BODY,["hinge", "vertical_push", "vertical_pull"],10,,,,,,,,,1,,,,
52,8,2026-03-07,3,RECOVERY,[],10,,,,,,,,,1,,,,
53,8,2026-03-08,4,FULL_BODY,["lunge", "horizontal_push", "vertical_pull"],10,,,,,,,,,1,,,,
813,117,2026-01-16,1,FULL_BODY,["squat", "horizontal_push", "horizontal_pull"],,,,,,,,,,1,,,,
814,117,2026-01-17,2,FULL_BODY,["hinge", "vertical_push", "vertical_pull"],,,,,,,,,,1,,,,
815,117,2026-01-18,3,RECOVERY,[],,,,,,,,,,1,,,,
816,117,2026-01-19,4,FULL_BODY,["lunge", "horizontal_push", "vertical_pull"],,,,,,,,,,1,,,,
817,117,2026-01-20,5,FULL_BODY,["squat", "vertical_push", "horizontal_pull"],,,,,,,,,,1,,,,
818,117,2026-01-21,6,RECOVERY,[],,,,,,,,,,1,,,,
819,117,2026-01-22,7,FULL_BODY,["squat", "horizontal_push", "horizontal_pull"],,,,,,,,,,1,,,,
820,118,2026-01-23,1,FULL_BODY,["squat", "horizontal_push", "horizontal_pull"],,,,,,,,,,1,,,,
821,118,2026-01-24,2,FULL_BODY,["hinge", "vertical_push", "vertical_pull"],,,,,,,,,,1,,,,
822,118,2026-01-25,3,RECOVERY,[],,,,,,,,,,1,,,,
823,118,2026-01-26,4,FULL_BODY,["lunge", "horizontal_push", "vertical_pull"],,,,,,,,,,1,,,,
824,118,2026-01-27,5,FULL_BODY,["squat", "vertical_push", "horizontal_pull"],,,,,,,,,,1,,,,
825,118,2026-01-28,6,RECOVERY,[],,,,,,,,,,1,,,,
826,118,2026-01-29,7,FULL_BODY,["squat", "horizontal_push", "horizontal_pull"],,,,,,,,,,1,,,,
827,119,2026-01-30,1,FULL_BODY,["squat", "horizontal_push", "horizontal_pull"],,,,,,,,,,1,,,,
828,119,2026-01-31,2,FULL_BODY,["hinge", "vertical_push", "vertical_pull"],,,,,,,,,,1,,,,
829,119,2026-02-01,3,RECOVERY,[],,,,,,,,,,1,,,,
830,119,2026-02-02,4,FULL_BODY,["lunge", "horizontal_push", "vertical_pull"],,,,,,,,,,1,,,,
831,119,2026-02-03,5,FULL_BODY,["squat", "vertical_push", "horizontal_pull"],,,,,,,,,,1,,,,
832,119,2026-02-04,6,RECOVERY,[],,,,,,,,,,1,,,,
833,119,2026-02-05,7,FULL_BODY,["squat", "horizontal_push", "horizontal_pull"],,,,,,,,,,1,,,,
834,120,2026-02-06,1,FULL_BODY,["squat", "horizontal_push", "horizontal_pull"],,,,,,,,,,1,,,,
835,120,2026-02-07,2,FULL_BODY,["hinge", "vertical_push", "vertical_pull"],,,,,,,,,,1,,,,
836,120,2026-02-08,3,RECOVERY,[],,,,,,,,,,1,,,,
837,120,2026-02-09,4,FULL_BODY,["lunge", "horizontal_push", "vertical_pull"],,,,,,,,,,1,,,,
838,120,2026-02-10,5,FULL_BODY,["squat", "vertical_push", "horizontal_pull"],,,,,,,,,,1,,,,
839,120,2026-02-11,6,RECOVERY,[],,,,,,,,,,1,,,,
840,120,2026-02-12,7,FULL_BODY,["squat", "horizontal_push", "horizontal_pull"],,,,,,,,,,1,,,,
841,121,2026-02-13,1,FULL_BODY,["squat", "horizontal_push", "horizontal_pull"],,,,,,,,,,1,,,,
842,121,2026-02-14,2,FULL_BODY,["hinge", "vertical_push", "vertical_pull"],,,,,,,,,,1,,,,
843,121,2026-02-15,3,RECOVERY,[],,,,,,,,,,1,,,,
844,121,2026-02-16,4,FULL_BODY,["lunge", "horizontal_push", "vertical_pull"],,,,,,,,,,1,,,,
845,121,2026-02-17,5,FULL_BODY,["squat", "vertical_push", "horizontal_pull"],,,,,,,,,,1,,,,
846,121,2026-02-18,6,RECOVERY,[],,,,,,,,,,1,,,,
847,121,2026-02-19,7,FULL_BODY,["squat", "horizontal_push", "horizontal_pull"],,,,,,,,,,1,,,,
848,122,2026-02-20,1,FULL_BODY,["squat", "horizontal_push", "horizontal_pull"],,,,,,,,,,1,,,,
849,122,2026-02-21,2,FULL_BODY,["hinge", "vertical_push", "vertical_pull"],,,,,,,,,,1,,,,
850,122,2026-02-22,3,RECOVERY,[],,,,,,,,,,1,,,,
851,122,2026-02-23,4,FULL_BODY,["lunge", "horizontal_push", "vertical_pull"],,,,,,,,,,1,,,,
852,122,2026-02-24,5,FULL_BODY,["squat", "vertical_push", "horizontal_pull"],,,,,,,,,,1,,,,
853,122,2026-02-25,6,RECOVERY,[],,,,,,,,,,1,,,,
854,122,2026-02-26,7,FULL_BODY,["squat", "horizontal_push", "horizontal_pull"],,,,,,,,,,1,,,,
855,123,2026-02-27,1,FULL_BODY,["squat", "horizontal_push", "horizontal_pull"],,,,,,,,,,1,,,,
856,123,2026-02-28,2,FULL_BODY,["hinge", "vertical_push", "vertical_pull"],,,,,,,,,,1,,,,
857,123,2026-03-01,3,RECOVERY,[],,,,,,,,,,1,,,,
858,123,2026-03-02,4,FULL_BODY,["lunge", "horizontal_push", "vertical_pull"],,,,,,,,,,1,,,,
859,123,2026-03-03,5,FULL_BODY,["squat", "vertical_push", "horizontal_pull"],,,,,,,,,,1,,,,
861,123,2026-03-05,7,FULL_BODY,["squat", "horizontal_push", "horizontal_pull"],,,,,,,,,,1,,,,
862,124,2026-03-06,1,FULL_BODY,["squat", "horizontal_push", "horizontal_pull"],,,,,,,,,,1,,,,
863,124,2026-03-07,2,FULL_BODY,["hinge", "vertical_push", "vertical_pull"],,,,,,,,,,1,,,,
864,124,2026-03-08,3,RECOVERY,[],,,,,,,,,,1,,,,
865,124,2026-03-09,4,FULL_BODY,["lunge", "horizontal_push", "vertical_pull"],,,,,,,,,,1,,,,
866,124,2026-03-10,5,FULL_BODY,["squat", "vertical_push", "horizontal_pull"],,,,,,,,,,1,,,,
867,124,2026-03-11,6,RECOVERY,[],,,,,,,,,,1,,,,
868,124,2026-03-12,7,FULL_BODY,["squat", "horizontal_push", "horizontal_pull"],,,,,,,,,,1,,,,
869,125,2026-03-13,1,FULL_BODY,["squat", "horizontal_push", "horizontal_pull"],,,,,,,,,,1,,,,
870,125,2026-03-14,2,FULL_BODY,["hinge", "vertical_push", "vertical_pull"],,,,,,,,,,1,,,,
871,125,2026-03-15,3,RECOVERY,[],,,,,,,,,,1,,,,
872,125,2026-03-16,4,FULL_BODY,["lunge", "horizontal_push", "vertical_pull"],,,,,,,,,,1,,,,
873,125,2026-03-17,5,FULL_BODY,["squat", "vertical_push", "horizontal_pull"],,,,,,,,,,1,,,,
874,125,2026-03-18,6,RECOVERY,[],,,,,,,,,,1,,,,
875,125,2026-03-19,7,FULL_BODY,["squat", "horizontal_push", "horizontal_pull"],,,,,,,,,,1,,,,
876,126,2026-03-20,1,FULL_BODY,["squat", "horizontal_push", "horizontal_pull"],,,,,,,,,,1,,,,
877,126,2026-03-21,2,FULL_BODY,["hinge", "vertical_push", "vertical_pull"],,,,,,,,,,1,,,,
878,126,2026-03-22,3,RECOVERY,[],,,,,,,,,,1,,,,
879,126,2026-03-23,4,FULL_BODY,["lunge", "horizontal_push", "vertical_pull"],,,,,,,,,,1,,,,
880,126,2026-03-24,5,FULL_BODY,["squat", "vertical_push", "horizontal_pull"],,,,,,,,,,1,,,,
881,126,2026-03-25,6,RECOVERY,[],,,,,,,,,,1,,,,
882,126,2026-03-26,7,FULL_BODY,["squat", "horizontal_push", "horizontal_pull"],,,,,,,,,,1,,,,
883,127,2026-03-27,1,FULL_BODY,["squat", "horizontal_push", "horizontal_pull"],,,,,,,,,,1,,,,
884,127,2026-03-28,2,FULL_BODY,["hinge", "vertical_push", "vertical_pull"],,,,,,,,,,1,,,,
885,127,2026-03-29,3,RECOVERY,[],,,,,,,,,,1,,,,
886,127,2026-03-30,4,FULL_BODY,["lunge", "horizontal_push", "vertical_pull"],,,,,,,,,,1,,,,
887,127,2026-03-31,5,FULL_BODY,["squat", "vertical_push", "horizontal_pull"],,,,,,,,,,1,,,,
888,127,2026-04-01,6,RECOVERY,[],,,,,,,,,,1,,,,
889,127,2026-04-02,7,FULL_BODY,["squat", "horizontal_push", "horizontal_pull"],,,,,,,,,,1,,,,
890,128,2026-04-03,1,FULL_BODY,["squat", "horizontal_push", "horizontal_pull"],,,,,,,,,,1,,,,
891,128,2026-04-04,2,FULL_BODY,["hinge", "vertical_push", "vertical_pull"],,,,,,,,,,1,,,,
892,128,2026-04-05,3,RECOVERY,[],,,,,,,,,,1,,,,
893,128,2026-04-06,4,FULL_BODY,["lunge", "horizontal_push", "vertical_pull"],,,,,,,,,,1,,,,
894,128,2026-04-07,5,FULL_BODY,["squat", "vertical_push", "horizontal_pull"],,,,,,,,,,1,,,,
895,128,2026-04-08,6,RECOVERY,[],,,,,,,,,,1,,,,
896,128,2026-04-09,7,FULL_BODY,["squat", "horizontal_push", "horizontal_pull"],,,,,,,,,,1,,,,
897,129,2026-01-16,1,FULL_BODY,["squat", "horizontal_push", "horizontal_pull"],,,,,,,,,,1,,,,
898,129,2026-01-17,2,FULL_BODY,["hinge", "vertical_push", "vertical_pull"],,,,,,,,,,1,,,,
899,129,2026-01-18,3,RECOVERY,[],,,,,,,,,,1,,,,
900,129,2026-01-19,4,FULL_BODY,["lunge", "horizontal_push", "vertical_pull"],,,,,,,,,,1,,,,
901,129,2026-01-20,5,FULL_BODY,["squat", "vertical_push", "horizontal_pull"],,,,,,,,,,1,,,,
902,129,2026-01-21,6,RECOVERY,[],,,,,,,,,,1,,,,
903,129,2026-01-22,7,FULL_BODY,["squat", "horizontal_push", "horizontal_pull"],,,,,,,,,,1,,,,
904,130,2026-01-23,1,FULL_BODY,["squat", "horizontal_push", "horizontal_pull"],,,,,,,,,,1,,,,
905,130,2026-01-24,2,FULL_BODY,["hinge", "vertical_push", "vertical_pull"],,,,,,,,,,1,,,,
906,130,2026-01-25,3,RECOVERY,[],,,,,,,,,,1,,,,
907,130,2026-01-26,4,FULL_BODY,["lunge", "horizontal_push", "vertical_pull"],,,,,,,,,,1,,,,
908,130,2026-01-27,5,FULL_BODY,["squat", "vertical_push", "horizontal_pull"],,,,,,,,,,1,,,,
909,130,2026-01-28,6,RECOVERY,[],,,,,,,,,,1,,,,
910,130,2026-01-29,7,FULL_BODY,["squat", "horizontal_push", "horizontal_pull"],,,,,,,,,,1,,,,
911,131,2026-01-30,1,FULL_BODY,["squat", "horizontal_push", "horizontal_pull"],,,,,,,,,,1,,,,
912,131,2026-01-31,2,FULL_BODY,["hinge", "vertical_push", "vertical_pull"],,,,,,,,,,1,,,,
913,131,2026-02-01,3,RECOVERY,[],,,,,,,,,,1,,,,
914,131,2026-02-02,4,FULL_BODY,["lunge", "horizontal_push", "vertical_pull"],,,,,,,,,,1,,,,
915,131,2026-02-03,5,FULL_BODY,["squat", "vertical_push", "horizontal_pull"],,,,,,,,,,1,,,,
916,131,2026-02-04,6,RECOVERY,[],,,,,,,,,,1,,,,
917,131,2026-02-05,7,FULL_BODY,["squat", "horizontal_push", "horizontal_pull"],,,,,,,,,,1,,,,
918,132,2026-02-06,1,FULL_BODY,["squat", "horizontal_push", "horizontal_pull"],,,,,,,,,,1,,,,
919,132,2026-02-07,2,FULL_BODY,["hinge", "vertical_push", "vertical_pull"],,,,,,,,,,1,,,,
920,132,2026-02-08,3,RECOVERY,[],,,,,,,,,,1,,,,
921,132,2026-02-09,4,FULL_BODY,["lunge", "horizontal_push", "vertical_pull"],,,,,,,,,,1,,,,
922,132,2026-02-10,5,FULL_BODY,["squat", "vertical_push", "horizontal_pull"],,,,,,,,,,1,,,,
923,132,2026-02-11,6,RECOVERY,[],,,,,,,,,,1,,,,
924,132,2026-02-12,7,FULL_BODY,["squat", "horizontal_push", "horizontal_pull"],,,,,,,,,,1,,,,
925,133,2026-02-13,1,FULL_BODY,["squat", "horizontal_push", "horizontal_pull"],,,,,,,,,,1,,,,
926,133,2026-02-14,2,FULL_BODY,["hinge", "vertical_push", "vertical_pull"],,,,,,,,,,1,,,,
927,133,2026-02-15,3,RECOVERY,[],,,,,,,,,,1,,,,
928,133,2026-02-16,4,FULL_BODY,["lunge", "horizontal_push", "vertical_pull"],,,,,,,,,,1,,,,
929,133,2026-02-17,5,FULL_BODY,["squat", "vertical_push", "horizontal_pull"],,,,,,,,,,1,,,,
930,133,2026-02-18,6,RECOVERY,[],,,,,,,,,,1,,,,
931,133,2026-02-19,7,FULL_BODY,["squat", "horizontal_push", "horizontal_pull"],,,,,,,,,,1,,,,
932,134,2026-02-20,1,FULL_BODY,["squat", "horizontal_push", "horizontal_pull"],,,,,,,,,,1,,,,
933,134,2026-02-21,2,FULL_BODY,["hinge", "vertical_push", "vertical_pull"],,,,,,,,,,1,,,,
934,134,2026-02-22,3,RECOVERY,[],,,,,,,,,,1,,,,
935,134,2026-02-23,4,FULL_BODY,["lunge", "horizontal_push", "vertical_pull"],,,,,,,,,,1,,,,
936,134,2026-02-24,5,FULL_BODY,["squat", "vertical_push", "horizontal_pull"],,,,,,,,,,1,,,,
937,134,2026-02-25,6,RECOVERY,[],,,,,,,,,,1,,,,
938,134,2026-02-26,7,FULL_BODY,["squat", "horizontal_push", "horizontal_pull"],,,,,,,,,,1,,,,
939,135,2026-02-27,1,FULL_BODY,["squat", "horizontal_push", "horizontal_pull"],,,,,,,,,,1,,,,
940,135,2026-02-28,2,FULL_BODY,["hinge", "vertical_push", "vertical_pull"],,,,,,,,,,1,,,,
941,135,2026-03-01,3,RECOVERY,[],,,,,,,,,,1,,,,
942,135,2026-03-02,4,FULL_BODY,["lunge", "horizontal_push", "vertical_pull"],,,,,,,,,,1,,,,
943,135,2026-03-03,5,FULL_BODY,["squat", "vertical_push", "horizontal_pull"],,,,,,,,,,1,,,,
944,135,2026-03-04,6,RECOVERY,[],,,,,,,,,,1,,,,
945,135,2026-03-05,7,FULL_BODY,["squat", "horizontal_push", "horizontal_pull"],,,,,,,,,,1,,,,
946,136,2026-03-06,1,FULL_BODY,["squat", "horizontal_push", "horizontal_pull"],,,,,,,,,,1,,,,
947,136,2026-03-07,2,FULL_BODY,["hinge", "vertical_push", "vertical_pull"],,,,,,,,,,1,,,,
949,136,2026-03-09,4,FULL_BODY,["lunge", "horizontal_push", "vertical_pull"],,,,,,,,,,1,,,,
950,136,2026-03-10,5,FULL_BODY,["squat", "vertical_push", "horizontal_pull"],,,,,,,,,,1,,,,
951,136,2026-03-11,6,RECOVERY,[],,,,,,,,,,1,,,,
952,136,2026-03-12,7,FULL_BODY,["squat", "horizontal_push", "horizontal_pull"],,,,,,,,,,1,,,,
953,137,2026-03-13,1,FULL_BODY,["squat", "horizontal_push", "horizontal_pull"],,,,,,,,,,1,,,,
954,137,2026-03-14,2,FULL_BODY,["hinge", "vertical_push", "vertical_pull"],,,,,,,,,,1,,,,
955,137,2026-03-15,3,RECOVERY,[],,,,,,,,,,1,,,,
956,137,2026-03-16,4,FULL_BODY,["lunge", "horizontal_push", "vertical_pull"],,,,,,,,,,1,,,,
957,137,2026-03-17,5,FULL_BODY,["squat", "vertical_push", "horizontal_pull"],,,,,,,,,,1,,,,
958,137,2026-03-18,6,RECOVERY,[],,,,,,,,,,1,,,,
959,137,2026-03-19,7,FULL_BODY,["squat", "horizontal_push", "horizontal_pull"],,,,,,,,,,1,,,,
960,138,2026-03-20,1,FULL_BODY,["squat", "horizontal_push", "horizontal_pull"],,,,,,,,,,1,,,,
961,138,2026-03-21,2,FULL_BODY,["hinge", "vertical_push", "vertical_pull"],,,,,,,,,,1,,,,
962,138,2026-03-22,3,RECOVERY,[],,,,,,,,,,1,,,,
963,138,2026-03-23,4,FULL_BODY,["lunge", "horizontal_push", "vertical_pull"],,,,,,,,,,1,,,,
964,138,2026-03-24,5,FULL_BODY,["squat", "vertical_push", "horizontal_pull"],,,,,,,,,,1,,,,
965,138,2026-03-25,6,RECOVERY,[],,,,,,,,,,1,,,,
966,138,2026-03-26,7,FULL_BODY,["squat", "horizontal_push", "horizontal_pull"],,,,,,,,,,1,,,,
967,139,2026-03-27,1,FULL_BODY,["squat", "horizontal_push", "horizontal_pull"],,,,,,,,,,1,,,,
968,139,2026-03-28,2,FULL_BODY,["hinge", "vertical_push", "vertical_pull"],,,,,,,,,,1,,,,
969,139,2026-03-29,3,RECOVERY,[],,,,,,,,,,1,,,,
970,139,2026-03-30,4,FULL_BODY,["lunge", "horizontal_push", "vertical_pull"],,,,,,,,,,1,,,,
971,139,2026-03-31,5,FULL_BODY,["squat", "vertical_push", "horizontal_pull"],,,,,,,,,,1,,,,
972,139,2026-04-01,6,RECOVERY,[],,,,,,,,,,1,,,,
973,139,2026-04-02,7,FULL_BODY,["squat", "horizontal_push", "horizontal_pull"],,,,,,,,,,1,,,,
974,140,2026-04-03,1,FULL_BODY,["squat", "horizontal_push", "horizontal_pull"],,,,,,,,,,1,,,,
975,140,2026-04-04,2,FULL_BODY,["hinge", "vertical_push", "vertical_pull"],,,,,,,,,,1,,,,
976,140,2026-04-05,3,RECOVERY,[],,,,,,,,,,1,,,,
977,140,2026-04-06,4,FULL_BODY,["lunge", "horizontal_push", "vertical_pull"],,,,,,,,,,1,,,,
978,140,2026-04-07,5,FULL_BODY,["squat", "vertical_push", "horizontal_pull"],,,,,,,,,,1,,,,
979,140,2026-04-08,6,RECOVERY,[],,,,,,,,,,1,,,,
980,140,2026-04-09,7,FULL_BODY,["squat", "horizontal_push", "horizontal_pull"],,,,,,,,,,1,,,,
54,8,2026-03-09,5,FULL_BODY,["squat", "vertical_push", "horizontal_pull"],10,,,,,,,,,1,,,,
55,8,2026-03-10,6,RECOVERY,[],10,,,,,,,,,1,,,,
56,8,2026-03-11,7,FULL_BODY,["squat", "horizontal_push", "horizontal_pull"],10,,,,,,,,,1,,,,
57,9,2026-03-12,1,FULL_BODY,["squat", "horizontal_push", "horizontal_pull"],10,,,,,,,,,1,,,,
3358,480,2026-02-14,5,LOWER,["squat", "hinge"],,,,,,,,,,1,,,,
58,9,2026-03-13,2,FULL_BODY,["hinge", "vertical_push", "vertical_pull"],10,,,,,,,,,1,,,,
59,9,2026-03-14,3,RECOVERY,[],10,,,,,,,,,1,,,,
60,9,2026-03-15,4,FULL_BODY,["lunge", "horizontal_push", "vertical_pull"],10,,,,,,,,,1,,,,
61,9,2026-03-16,5,FULL_BODY,["squat", "vertical_push", "horizontal_pull"],10,,,,,,,,,1,,,,
62,9,2026-03-17,6,RECOVERY,[],10,,,,,,,,,1,,,,
63,9,2026-03-18,7,FULL_BODY,["squat", "horizontal_push", "horizontal_pull"],10,,,,,,,,,1,,,,
64,10,2026-03-19,1,FULL_BODY,["squat", "horizontal_push", "horizontal_pull"],10,,,,,,,,,1,,,,
65,10,2026-03-20,2,FULL_BODY,["hinge", "vertical_push", "vertical_pull"],10,,,,,,,,,1,,,,
66,10,2026-03-21,3,RECOVERY,[],10,,,,,,,,,1,,,,
67,10,2026-03-22,4,FULL_BODY,["lunge", "horizontal_push", "vertical_pull"],10,,,,,,,,,1,,,,
68,10,2026-03-23,5,FULL_BODY,["squat", "vertical_push", "horizontal_pull"],10,,,,,,,,,1,,,,
69,10,2026-03-24,6,RECOVERY,[],10,,,,,,,,,1,,,,
70,10,2026-03-25,7,FULL_BODY,["squat", "horizontal_push", "horizontal_pull"],10,,,,,,,,,1,,,,
71,11,2026-03-26,1,FULL_BODY,["squat", "horizontal_push", "horizontal_pull"],10,,,,,,,,,1,,,,
72,11,2026-03-27,2,FULL_BODY,["hinge", "vertical_push", "vertical_pull"],10,,,,,,,,,1,,,,
73,11,2026-03-28,3,RECOVERY,[],10,,,,,,,,,1,,,,
74,11,2026-03-29,4,FULL_BODY,["lunge", "horizontal_push", "vertical_pull"],10,,,,,,,,,1,,,,
75,11,2026-03-30,5,FULL_BODY,["squat", "vertical_push", "horizontal_pull"],10,,,,,,,,,1,,,,
76,11,2026-03-31,6,RECOVERY,[],10,,,,,,,,,1,,,,
77,11,2026-04-01,7,FULL_BODY,["squat", "horizontal_push", "horizontal_pull"],10,,,,,,,,,1,,,,
78,12,2026-04-02,1,FULL_BODY,["squat", "horizontal_push", "horizontal_pull"],10,,,,,,,,,1,,,,
79,12,2026-04-03,2,FULL_BODY,["hinge", "vertical_push", "vertical_pull"],10,,,,,,,,,1,,,,
80,12,2026-04-04,3,RECOVERY,[],10,,,,,,,,,1,,,,
81,12,2026-04-05,4,FULL_BODY,["lunge", "horizontal_push", "vertical_pull"],10,,,,,,,,,1,,,,
82,12,2026-04-06,5,FULL_BODY,["squat", "vertical_push", "horizontal_pull"],10,,,,,,,,,1,,,,
83,12,2026-04-07,6,RECOVERY,[],10,,,,,,,,,1,,,,
84,12,2026-04-08,7,FULL_BODY,["squat", "horizontal_push", "horizontal_pull"],10,,,,,,,,,1,,,,
8531,959,2026-03-13,5,RECOVERY,[],10,,,,,,,,,1,0,0,0,{}
8532,959,2026-03-14,6,LOWER,["hinge", "lunge"],10,,,,,,,,,1,0,0,0,{}
8533,959,2026-03-15,7,RECOVERY,[],10,,,,,,,,,1,0,0,0,{}
8534,959,2026-03-16,8,FULL_BODY,["lunge", "horizontal_push", "horizontal_pull"],10,,,,,,,,,1,0,0,0,{}
6917,844,2026-01-24,1,UPPER,["horizontal_push", "horizontal_pull", "prefer_finisher"],,,,,,,,,,1,0,0,0,{}
6918,844,2026-01-25,2,LOWER,["squat", "hinge", "prefer_finisher"],,,,,,,,,,1,0,0,0,{}
6919,844,2026-01-26,3,RECOVERY,[],,,,,,,,,,1,0,0,0,{}
6920,844,2026-01-27,4,FULL_BODY,["hinge", "vertical_push", "vertical_pull", "prefer_finisher"],,,,,,,,,,1,0,0,0,{}
6921,844,2026-01-28,5,UPPER,["horizontal_push", "horizontal_pull", "prefer_finisher"],,,,,,,,,,1,0,0,0,{}
6922,844,2026-01-29,6,LOWER,["lunge", "squat", "prefer_finisher"],,,,,,,,,,1,0,0,0,{}
6923,844,2026-01-30,7,RECOVERY,[],,,,,,,,,,1,0,0,0,{}
6924,844,2026-01-31,8,UPPER,["vertical_push", "vertical_pull", "prefer_finisher"],,,,,,,,,,1,0,0,0,{}
6925,844,2026-02-01,9,LOWER,["squat", "hinge", "prefer_finisher"],,,,,,,,,,1,0,0,0,{}
6926,844,2026-02-02,10,FULL_BODY,["hinge", "horizontal_push", "horizontal_pull", "prefer_accessory"],,,,,,,,,,1,0,0,0,{}
6927,844,2026-02-03,11,RECOVERY,[],,,,,,,,,,1,0,0,0,{}
6928,844,2026-02-04,12,CARDIO,["cardio", "endurance"],,,,,,,,,,1,0,0,0,{}
6929,844,2026-02-05,13,CARDIO,["cardio", "endurance"],,,,,,,,,,1,0,0,0,{}
6930,844,2026-02-06,14,RECOVERY,[],,,,,,,,,,1,0,0,0,{}
6931,845,2026-02-07,1,UPPER,["horizontal_push", "horizontal_pull", "prefer_finisher"],,,,,,,,,,1,0,0,0,{}
6932,845,2026-02-08,2,LOWER,["squat", "hinge", "prefer_finisher"],,,,,,,,,,1,0,0,0,{}
6933,845,2026-02-09,3,RECOVERY,[],,,,,,,,,,1,0,0,0,{}
6934,845,2026-02-10,4,FULL_BODY,["hinge", "vertical_push", "vertical_pull", "prefer_finisher"],,,,,,,,,,1,0,0,0,{}
6935,845,2026-02-11,5,UPPER,["horizontal_push", "horizontal_pull", "prefer_finisher"],,,,,,,,,,1,0,0,0,{}
6936,845,2026-02-12,6,LOWER,["lunge", "squat", "prefer_finisher"],,,,,,,,,,1,0,0,0,{}
6937,845,2026-02-13,7,RECOVERY,[],,,,,,,,,,1,0,0,0,{}
6938,845,2026-02-14,8,UPPER,["vertical_push", "vertical_pull", "prefer_finisher"],,,,,,,,,,1,0,0,0,{}
6939,845,2026-02-15,9,LOWER,["squat", "hinge", "prefer_finisher"],,,,,,,,,,1,0,0,0,{}
6940,845,2026-02-16,10,FULL_BODY,["hinge", "horizontal_push", "horizontal_pull", "prefer_accessory"],,,,,,,,,,1,0,0,0,{}
6941,845,2026-02-17,11,RECOVERY,[],,,,,,,,,,1,0,0,0,{}
6942,845,2026-02-18,12,CARDIO,["cardio", "endurance"],,,,,,,,,,1,0,0,0,{}
6943,845,2026-02-19,13,CARDIO,["cardio", "endurance"],,,,,,,,,,1,0,0,0,{}
6944,845,2026-02-20,14,RECOVERY,[],,,,,,,,,,1,0,0,0,{}
3359,480,2026-02-15,6,RECOVERY,[],,,,,,,,,,1,,,,
8511,957,2026-02-21,13,UPPER,["horizontal_push", "horizontal_pull"],45,,,,,,Optimization-first session aligned to your goals and recovery.,,,1,0,0,0,{}
8513,958,2026-02-23,1,UPPER,["horizontal_push", "horizontal_pull", "prefer_accessory"],45,,,,,,Optimization-first session aligned to your goals and recovery.,,,1,0,0,0,{}
8515,958,2026-02-25,3,LOWER,["squat", "hinge"],45,,,,,,Optimization-first session aligned to your goals and recovery.,,,1,0,0,0,{}
8516,958,2026-02-26,4,UPPER,["vertical_push", "vertical_pull"],45,,,,,,Optimization-first session aligned to your goals and recovery.,,,1,0,0,0,{}
8518,958,2026-02-28,6,LOWER,["hinge", "lunge"],45,,,,,,Optimization-first session aligned to your goals and recovery.,,,1,0,0,0,{}
6945,846,2026-02-21,1,UPPER,["horizontal_push", "horizontal_pull", "prefer_finisher"],,,,,,,,,,1,0,0,0,{}
6946,846,2026-02-22,2,LOWER,["squat", "hinge", "prefer_finisher"],,,,,,,,,,1,0,0,0,{}
6947,846,2026-02-23,3,RECOVERY,[],,,,,,,,,,1,0,0,0,{}
6948,846,2026-02-24,4,FULL_BODY,["hinge", "vertical_push", "vertical_pull", "prefer_finisher"],,,,,,,,,,1,0,0,0,{}
6949,846,2026-02-25,5,UPPER,["horizontal_push", "horizontal_pull", "prefer_finisher"],,,,,,,,,,1,0,0,0,{}
6950,846,2026-02-26,6,LOWER,["lunge", "squat", "prefer_finisher"],,,,,,,,,,1,0,0,0,{}
6951,846,2026-02-27,7,RECOVERY,[],,,,,,,,,,1,0,0,0,{}
6952,846,2026-02-28,8,UPPER,["vertical_push", "vertical_pull", "prefer_finisher"],,,,,,,,,,1,0,0,0,{}
6953,846,2026-03-01,9,LOWER,["squat", "hinge", "prefer_finisher"],,,,,,,,,,1,0,0,0,{}
6954,846,2026-03-02,10,FULL_BODY,["hinge", "horizontal_push", "horizontal_pull", "prefer_accessory"],,,,,,,,,,1,0,0,0,{}
6955,846,2026-03-03,11,RECOVERY,[],,,,,,,,,,1,0,0,0,{}
6956,846,2026-03-04,12,CARDIO,["cardio", "endurance"],,,,,,,,,,1,0,0,0,{}
6957,846,2026-03-05,13,CARDIO,["cardio", "endurance"],,,,,,,,,,1,0,0,0,{}
6958,846,2026-03-06,14,RECOVERY,[],,,,,,,,,,1,0,0,0,{}
6959,847,2026-03-07,1,UPPER,["horizontal_push", "horizontal_pull", "prefer_finisher"],,,,,,,,,,1,0,0,0,{}
6960,847,2026-03-08,2,LOWER,["squat", "hinge", "prefer_finisher"],,,,,,,,,,1,0,0,0,{}
6961,847,2026-03-09,3,RECOVERY,[],,,,,,,,,,1,0,0,0,{}
6962,847,2026-03-10,4,FULL_BODY,["hinge", "vertical_push", "vertical_pull", "prefer_finisher"],,,,,,,,,,1,0,0,0,{}
6963,847,2026-03-11,5,UPPER,["horizontal_push", "horizontal_pull", "prefer_finisher"],,,,,,,,,,1,0,0,0,{}
6964,847,2026-03-12,6,LOWER,["lunge", "squat", "prefer_finisher"],,,,,,,,,,1,0,0,0,{}
6965,847,2026-03-13,7,RECOVERY,[],,,,,,,,,,1,0,0,0,{}
6966,847,2026-03-14,8,UPPER,["vertical_push", "vertical_pull", "prefer_finisher"],,,,,,,,,,1,0,0,0,{}
6967,847,2026-03-15,9,LOWER,["squat", "hinge", "prefer_finisher"],,,,,,,,,,1,0,0,0,{}
6968,847,2026-03-16,10,FULL_BODY,["hinge", "horizontal_push", "horizontal_pull", "prefer_accessory"],,,,,,,,,,1,0,0,0,{}
6969,847,2026-03-17,11,RECOVERY,[],,,,,,,,,,1,0,0,0,{}
6970,847,2026-03-18,12,CARDIO,["cardio", "endurance"],,,,,,,,,,1,0,0,0,{}
6971,847,2026-03-19,13,CARDIO,["cardio", "endurance"],,,,,,,,,,1,0,0,0,{}
6972,847,2026-03-20,14,RECOVERY,[],,,,,,,,,,1,0,0,0,{}
6973,848,2026-03-21,1,UPPER,["horizontal_push", "horizontal_pull", "prefer_finisher"],,,,,,,,,,1,0,0,0,{}
6974,848,2026-03-22,2,LOWER,["squat", "hinge", "prefer_finisher"],,,,,,,,,,1,0,0,0,{}
6975,848,2026-03-23,3,RECOVERY,[],,,,,,,,,,1,0,0,0,{}
6976,848,2026-03-24,4,FULL_BODY,["hinge", "vertical_push", "vertical_pull", "prefer_finisher"],,,,,,,,,,1,0,0,0,{}
6977,848,2026-03-25,5,UPPER,["horizontal_push", "horizontal_pull", "prefer_finisher"],,,,,,,,,,1,0,0,0,{}
6978,848,2026-03-26,6,LOWER,["lunge", "squat", "prefer_finisher"],,,,,,,,,,1,0,0,0,{}
6979,848,2026-03-27,7,RECOVERY,[],,,,,,,,,,1,0,0,0,{}
6980,848,2026-03-28,8,UPPER,["vertical_push", "vertical_pull", "prefer_finisher"],,,,,,,,,,1,0,0,0,{}
8535,959,2026-03-17,9,RECOVERY,[],10,,,,,,,,,1,0,0,0,{}
6981,848,2026-03-29,9,LOWER,["squat", "hinge", "prefer_finisher"],,,,,,,,,,1,0,0,0,{}
6982,848,2026-03-30,10,FULL_BODY,["hinge", "horizontal_push", "horizontal_pull", "prefer_accessory"],,,,,,,,,,1,0,0,0,{}
6983,848,2026-03-31,11,RECOVERY,[],,,,,,,,,,1,0,0,0,{}
6984,848,2026-04-01,12,CARDIO,["cardio", "endurance"],,,,,,,,,,1,0,0,0,{}
6985,848,2026-04-02,13,CARDIO,["cardio", "endurance"],,,,,,,,,,1,0,0,0,{}
6986,848,2026-04-03,14,RECOVERY,[],,,,,,,,,,1,0,0,0,{}
6987,849,2026-04-04,1,UPPER,["horizontal_push", "horizontal_pull", "prefer_finisher"],,,,,,,,,,1,0,0,0,{}
6988,849,2026-04-05,2,LOWER,["squat", "hinge", "prefer_finisher"],,,,,,,,,,1,0,0,0,{}
6989,849,2026-04-06,3,RECOVERY,[],,,,,,,,,,1,0,0,0,{}
6990,849,2026-04-07,4,FULL_BODY,["hinge", "vertical_push", "vertical_pull", "prefer_finisher"],,,,,,,,,,1,0,0,0,{}
6991,849,2026-04-08,5,UPPER,["horizontal_push", "horizontal_pull", "prefer_finisher"],,,,,,,,,,1,0,0,0,{}
6992,849,2026-04-09,6,LOWER,["lunge", "squat", "prefer_finisher"],,,,,,,,,,1,0,0,0,{}
6993,849,2026-04-10,7,RECOVERY,[],,,,,,,,,,1,0,0,0,{}
6994,849,2026-04-11,8,UPPER,["vertical_push", "vertical_pull", "prefer_finisher"],,,,,,,,,,1,0,0,0,{}
6995,849,2026-04-12,9,LOWER,["squat", "hinge", "prefer_finisher"],,,,,,,,,,1,0,0,0,{}
6996,849,2026-04-13,10,FULL_BODY,["hinge", "horizontal_push", "horizontal_pull", "prefer_accessory"],,,,,,,,,,1,0,0,0,{}
6997,849,2026-04-14,11,RECOVERY,[],,,,,,,,,,1,0,0,0,{}
6998,849,2026-04-15,12,CARDIO,["cardio", "endurance"],,,,,,,,,,1,0,0,0,{}
6999,849,2026-04-16,13,CARDIO,["cardio", "endurance"],,,,,,,,,,1,0,0,0,{}
7000,849,2026-04-17,14,RECOVERY,[],,,,,,,,,,1,0,0,0,{}
7001,850,2026-01-24,1,UPPER,["horizontal_push", "horizontal_pull", "prefer_finisher"],,,,,,,,,,1,0,0,0,{}
7002,850,2026-01-25,2,LOWER,["squat", "hinge", "prefer_finisher"],,,,,,,,,,1,0,0,0,{}
7003,850,2026-01-26,3,RECOVERY,[],,,,,,,,,,1,0,0,0,{}
7004,850,2026-01-27,4,FULL_BODY,["hinge", "vertical_push", "vertical_pull", "prefer_finisher"],,,,,,,,,,1,0,0,0,{}
7005,850,2026-01-28,5,UPPER,["horizontal_push", "horizontal_pull", "prefer_finisher"],,,,,,,,,,1,0,0,0,{}
7006,850,2026-01-29,6,LOWER,["lunge", "squat", "prefer_finisher"],,,,,,,,,,1,0,0,0,{}
7008,850,2026-01-31,8,UPPER,["vertical_push", "vertical_pull", "prefer_finisher"],,,,,,,,,,1,0,0,0,{}
7009,850,2026-02-01,9,LOWER,["squat", "hinge", "prefer_finisher"],,,,,,,,,,1,0,0,0,{}
7010,850,2026-02-02,10,FULL_BODY,["hinge", "horizontal_push", "horizontal_pull", "prefer_accessory"],,,,,,,,,,1,0,0,0,{}
7011,850,2026-02-03,11,RECOVERY,[],,,,,,,,,,1,0,0,0,{}
7012,850,2026-02-04,12,CARDIO,["cardio", "endurance"],,,,,,,,,,1,0,0,0,{}
7013,850,2026-02-05,13,CARDIO,["cardio", "endurance"],,,,,,,,,,1,0,0,0,{}
7014,850,2026-02-06,14,RECOVERY,[],,,,,,,,,,1,0,0,0,{}
7015,851,2026-02-07,1,UPPER,["horizontal_push", "horizontal_pull", "prefer_finisher"],,,,,,,,,,1,0,0,0,{}
7016,851,2026-02-08,2,LOWER,["squat", "hinge", "prefer_finisher"],,,,,,,,,,1,0,0,0,{}
7017,851,2026-02-09,3,RECOVERY,[],,,,,,,,,,1,0,0,0,{}
7018,851,2026-02-10,4,FULL_BODY,["hinge", "vertical_push", "vertical_pull", "prefer_finisher"],,,,,,,,,,1,0,0,0,{}
7019,851,2026-02-11,5,UPPER,["horizontal_push", "horizontal_pull", "prefer_finisher"],,,,,,,,,,1,0,0,0,{}
7020,851,2026-02-12,6,LOWER,["lunge", "squat", "prefer_finisher"],,,,,,,,,,1,0,0,0,{}
7021,851,2026-02-13,7,RECOVERY,[],,,,,,,,,,1,0,0,0,{}
7022,851,2026-02-14,8,UPPER,["vertical_push", "vertical_pull", "prefer_finisher"],,,,,,,,,,1,0,0,0,{}
7023,851,2026-02-15,9,LOWER,["squat", "hinge", "prefer_finisher"],,,,,,,,,,1,0,0,0,{}
7024,851,2026-02-16,10,FULL_BODY,["hinge", "horizontal_push", "horizontal_pull", "prefer_accessory"],,,,,,,,,,1,0,0,0,{}
4736,677,2026-03-21,4,RECOVERY,[],10,,,,,,,,,1,,,,
7025,851,2026-02-17,11,RECOVERY,[],,,,,,,,,,1,0,0,0,{}
7026,851,2026-02-18,12,CARDIO,["cardio", "endurance"],,,,,,,,,,1,0,0,0,{}
7027,851,2026-02-19,13,CARDIO,["cardio", "endurance"],,,,,,,,,,1,0,0,0,{}
7028,851,2026-02-20,14,RECOVERY,[],,,,,,,,,,1,0,0,0,{}
7029,852,2026-02-21,1,UPPER,["horizontal_push", "horizontal_pull", "prefer_finisher"],,,,,,,,,,1,0,0,0,{}
7030,852,2026-02-22,2,LOWER,["squat", "hinge", "prefer_finisher"],,,,,,,,,,1,0,0,0,{}
5294,728,2026-01-22,2,RECOVERY,[],,,,,,,,,,1,,,,
5297,728,2026-01-25,5,RECOVERY,[],,,,,,,,,,1,,,,
5299,728,2026-01-27,7,RECOVERY,[],,,,,,,,,,1,,,,
5301,728,2026-01-29,9,RECOVERY,[],,,,,,,,,,1,,,,
5304,728,2026-02-01,12,RECOVERY,[],,,,,,,,,,1,,,,
5300,728,2026-01-28,8,CARDIO,["cardio", "endurance"],60,,,,,,Optimization-first session aligned to your goals and recovery.,,,1,,,,
7031,852,2026-02-23,3,RECOVERY,[],,,,,,,,,,1,0,0,0,{}
7032,852,2026-02-24,4,FULL_BODY,["hinge", "vertical_push", "vertical_pull", "prefer_finisher"],,,,,,,,,,1,0,0,0,{}
7033,852,2026-02-25,5,UPPER,["horizontal_push", "horizontal_pull", "prefer_finisher"],,,,,,,,,,1,0,0,0,{}
7034,852,2026-02-26,6,LOWER,["lunge", "squat", "prefer_finisher"],,,,,,,,,,1,0,0,0,{}
7035,852,2026-02-27,7,RECOVERY,[],,,,,,,,,,1,0,0,0,{}
7036,852,2026-02-28,8,UPPER,["vertical_push", "vertical_pull", "prefer_finisher"],,,,,,,,,,1,0,0,0,{}
7037,852,2026-03-01,9,LOWER,["squat", "hinge", "prefer_finisher"],,,,,,,,,,1,0,0,0,{}
7038,852,2026-03-02,10,FULL_BODY,["hinge", "horizontal_push", "horizontal_pull", "prefer_accessory"],,,,,,,,,,1,0,0,0,{}
7039,852,2026-03-03,11,RECOVERY,[],,,,,,,,,,1,0,0,0,{}
7040,852,2026-03-04,12,CARDIO,["cardio", "endurance"],,,,,,,,,,1,0,0,0,{}
7041,852,2026-03-05,13,CARDIO,["cardio", "endurance"],,,,,,,,,,1,0,0,0,{}
7042,852,2026-03-06,14,RECOVERY,[],,,,,,,,,,1,0,0,0,{}
7043,853,2026-03-07,1,UPPER,["horizontal_push", "horizontal_pull", "prefer_finisher"],,,,,,,,,,1,0,0,0,{}
7044,853,2026-03-08,2,LOWER,["squat", "hinge", "prefer_finisher"],,,,,,,,,,1,0,0,0,{}
7045,853,2026-03-09,3,RECOVERY,[],,,,,,,,,,1,0,0,0,{}
7046,853,2026-03-10,4,FULL_BODY,["hinge", "vertical_push", "vertical_pull", "prefer_finisher"],,,,,,,,,,1,0,0,0,{}
7047,853,2026-03-11,5,UPPER,["horizontal_push", "horizontal_pull", "prefer_finisher"],,,,,,,,,,1,0,0,0,{}
7048,853,2026-03-12,6,LOWER,["lunge", "squat", "prefer_finisher"],,,,,,,,,,1,0,0,0,{}
7049,853,2026-03-13,7,RECOVERY,[],,,,,,,,,,1,0,0,0,{}
7050,853,2026-03-14,8,UPPER,["vertical_push", "vertical_pull", "prefer_finisher"],,,,,,,,,,1,0,0,0,{}
7051,853,2026-03-15,9,LOWER,["squat", "hinge", "prefer_finisher"],,,,,,,,,,1,0,0,0,{}
7052,853,2026-03-16,10,FULL_BODY,["hinge", "horizontal_push", "horizontal_pull", "prefer_accessory"],,,,,,,,,,1,0,0,0,{}
7053,853,2026-03-17,11,RECOVERY,[],,,,,,,,,,1,0,0,0,{}
7054,853,2026-03-18,12,CARDIO,["cardio", "endurance"],,,,,,,,,,1,0,0,0,{}
7055,853,2026-03-19,13,CARDIO,["cardio", "endurance"],,,,,,,,,,1,0,0,0,{}
7056,853,2026-03-20,14,RECOVERY,[],,,,,,,,,,1,0,0,0,{}
7057,854,2026-03-21,1,UPPER,["horizontal_push", "horizontal_pull", "prefer_finisher"],,,,,,,,,,1,0,0,0,{}
7058,854,2026-03-22,2,LOWER,["squat", "hinge", "prefer_finisher"],,,,,,,,,,1,0,0,0,{}
7059,854,2026-03-23,3,RECOVERY,[],,,,,,,,,,1,0,0,0,{}
7060,854,2026-03-24,4,FULL_BODY,["hinge", "vertical_push", "vertical_pull", "prefer_finisher"],,,,,,,,,,1,0,0,0,{}
7061,854,2026-03-25,5,UPPER,["horizontal_push", "horizontal_pull", "prefer_finisher"],,,,,,,,,,1,0,0,0,{}
7062,854,2026-03-26,6,LOWER,["lunge", "squat", "prefer_finisher"],,,,,,,,,,1,0,0,0,{}
7063,854,2026-03-27,7,RECOVERY,[],,,,,,,,,,1,0,0,0,{}
7064,854,2026-03-28,8,UPPER,["vertical_push", "vertical_pull", "prefer_finisher"],,,,,,,,,,1,0,0,0,{}
7065,854,2026-03-29,9,LOWER,["squat", "hinge", "prefer_finisher"],,,,,,,,,,1,0,0,0,{}
3360,480,2026-02-16,7,RECOVERY,[],,,,,,,,,,1,,,,
7066,854,2026-03-30,10,FULL_BODY,["hinge", "horizontal_push", "horizontal_pull", "prefer_accessory"],,,,,,,,,,1,0,0,0,{}
7067,854,2026-03-31,11,RECOVERY,[],,,,,,,,,,1,0,0,0,{}
7068,854,2026-04-01,12,CARDIO,["cardio", "endurance"],,,,,,,,,,1,0,0,0,{}
7069,854,2026-04-02,13,CARDIO,["cardio", "endurance"],,,,,,,,,,1,0,0,0,{}
7070,854,2026-04-03,14,RECOVERY,[],,,,,,,,,,1,0,0,0,{}
7071,855,2026-04-04,1,UPPER,["horizontal_push", "horizontal_pull", "prefer_finisher"],,,,,,,,,,1,0,0,0,{}
7072,855,2026-04-05,2,LOWER,["squat", "hinge", "prefer_finisher"],,,,,,,,,,1,0,0,0,{}
7073,855,2026-04-06,3,RECOVERY,[],,,,,,,,,,1,0,0,0,{}
7074,855,2026-04-07,4,FULL_BODY,["hinge", "vertical_push", "vertical_pull", "prefer_finisher"],,,,,,,,,,1,0,0,0,{}
7075,855,2026-04-08,5,UPPER,["horizontal_push", "horizontal_pull", "prefer_finisher"],,,,,,,,,,1,0,0,0,{}
7076,855,2026-04-09,6,LOWER,["lunge", "squat", "prefer_finisher"],,,,,,,,,,1,0,0,0,{}
7077,855,2026-04-10,7,RECOVERY,[],,,,,,,,,,1,0,0,0,{}
7078,855,2026-04-11,8,UPPER,["vertical_push", "vertical_pull", "prefer_finisher"],,,,,,,,,,1,0,0,0,{}
7079,855,2026-04-12,9,LOWER,["squat", "hinge", "prefer_finisher"],,,,,,,,,,1,0,0,0,{}
7080,855,2026-04-13,10,FULL_BODY,["hinge", "horizontal_push", "horizontal_pull", "prefer_accessory"],,,,,,,,,,1,0,0,0,{}
7081,855,2026-04-14,11,RECOVERY,[],,,,,,,,,,1,0,0,0,{}
7082,855,2026-04-15,12,CARDIO,["cardio", "endurance"],,,,,,,,,,1,0,0,0,{}
7083,855,2026-04-16,13,CARDIO,["cardio", "endurance"],,,,,,,,,,1,0,0,0,{}
7084,855,2026-04-17,14,RECOVERY,[],,,,,,,,,,1,0,0,0,{}
7085,856,2026-01-24,1,UPPER,["horizontal_push", "horizontal_pull", "prefer_accessory"],70,,,,,,Optimization-first session aligned to your goals and recovery.,,,1,0,0,0,{}
7090,856,2026-01-29,6,LOWER,["hinge", "lunge"],70,,,,,,"“Alright, let’s get you moving with a focus on building that lower body strength – we’re really dialing in those calves and glutes with the stretch and squat variations, while the snatch balance and deficit deadlift will challenge your power and stability. This session is designed to build a solid foundation for your goals, focusing on a strong hinge and lunge movement pattern.”",,,1,0,0,0,{}
7169,862,2026-01-24,1,UPPER,["horizontal_push", "horizontal_pull", "prefer_finisher"],,,,,,,,,,1,0,0,0,{}
7170,862,2026-01-25,2,LOWER,["squat", "hinge", "prefer_finisher"],,,,,,,,,,1,0,0,0,{}
7171,862,2026-01-26,3,RECOVERY,[],,,,,,,,,,1,0,0,0,{}
7172,862,2026-01-27,4,FULL_BODY,["hinge", "vertical_push", "vertical_pull", "prefer_finisher"],,,,,,,,,,1,0,0,0,{}
7173,862,2026-01-28,5,UPPER,["horizontal_push", "horizontal_pull", "prefer_finisher"],,,,,,,,,,1,0,0,0,{}
7174,862,2026-01-29,6,LOWER,["lunge", "squat", "prefer_finisher"],,,,,,,,,,1,0,0,0,{}
7175,862,2026-01-30,7,RECOVERY,[],,,,,,,,,,1,0,0,0,{}
7176,862,2026-01-31,8,UPPER,["vertical_push", "vertical_pull", "prefer_finisher"],,,,,,,,,,1,0,0,0,{}
7177,862,2026-02-01,9,LOWER,["squat", "hinge", "prefer_finisher"],,,,,,,,,,1,0,0,0,{}
7178,862,2026-02-02,10,FULL_BODY,["hinge", "horizontal_push", "horizontal_pull", "prefer_finisher"],,,,,,,,,,1,0,0,0,{}
7179,862,2026-02-03,11,RECOVERY,[],,,,,,,,,,1,0,0,0,{}
7180,862,2026-02-04,12,CARDIO,["cardio", "endurance"],,,,,,,,,,1,0,0,0,{}
7181,862,2026-02-05,13,CARDIO,["cardio", "endurance"],,,,,,,,,,1,0,0,0,{}
7182,862,2026-02-06,14,RECOVERY,[],,,,,,,,,,1,0,0,0,{}
7183,863,2026-02-07,1,UPPER,["horizontal_push", "horizontal_pull", "prefer_finisher"],,,,,,,,,,1,0,0,0,{}
7184,863,2026-02-08,2,LOWER,["squat", "hinge", "prefer_finisher"],,,,,,,,,,1,0,0,0,{}
7096,856,2026-02-04,12,RECOVERY,[],,,,,,,,,,1,0,0,0,{}
7098,856,2026-02-06,14,RECOVERY,[],,,,,,,,,,1,0,0,0,{}
7099,857,2026-02-07,1,UPPER,["horizontal_push", "horizontal_pull", "prefer_accessory"],,,,,,,,,,1,0,0,0,{}
7100,857,2026-02-08,2,RECOVERY,[],,,,,,,,,,1,0,0,0,{}
7101,857,2026-02-09,3,LOWER,["squat", "hinge"],,,,,,,,,,1,0,0,0,{}
7102,857,2026-02-10,4,UPPER,["vertical_push", "vertical_pull"],,,,,,,,,,1,0,0,0,{}
7103,857,2026-02-11,5,RECOVERY,[],,,,,,,,,,1,0,0,0,{}
7104,857,2026-02-12,6,LOWER,["hinge", "lunge"],,,,,,,,,,1,0,0,0,{}
7105,857,2026-02-13,7,RECOVERY,[],,,,,,,,,,1,0,0,0,{}
7106,857,2026-02-14,8,FULL_BODY,["lunge", "horizontal_push", "horizontal_pull"],,,,,,,,,,1,0,0,0,{}
7107,857,2026-02-15,9,RECOVERY,[],,,,,,,,,,1,0,0,0,{}
7108,857,2026-02-16,10,UPPER,["vertical_push", "vertical_pull"],,,,,,,,,,1,0,0,0,{}
7109,857,2026-02-17,11,LOWER,["squat", "hinge"],,,,,,,,,,1,0,0,0,{}
7110,857,2026-02-18,12,RECOVERY,[],,,,,,,,,,1,0,0,0,{}
7111,857,2026-02-19,13,UPPER,["horizontal_push", "horizontal_pull"],,,,,,,,,,1,0,0,0,{}
7112,857,2026-02-20,14,RECOVERY,[],,,,,,,,,,1,0,0,0,{}
7113,858,2026-02-21,1,UPPER,["horizontal_push", "horizontal_pull", "prefer_accessory"],,,,,,,,,,1,0,0,0,{}
7114,858,2026-02-22,2,RECOVERY,[],,,,,,,,,,1,0,0,0,{}
7115,858,2026-02-23,3,LOWER,["squat", "hinge"],,,,,,,,,,1,0,0,0,{}
7116,858,2026-02-24,4,UPPER,["vertical_push", "vertical_pull"],,,,,,,,,,1,0,0,0,{}
7117,858,2026-02-25,5,RECOVERY,[],,,,,,,,,,1,0,0,0,{}
7118,858,2026-02-26,6,LOWER,["hinge", "lunge"],,,,,,,,,,1,0,0,0,{}
7119,858,2026-02-27,7,RECOVERY,[],,,,,,,,,,1,0,0,0,{}
7120,858,2026-02-28,8,FULL_BODY,["lunge", "horizontal_push", "horizontal_pull"],,,,,,,,,,1,0,0,0,{}
7121,858,2026-03-01,9,RECOVERY,[],,,,,,,,,,1,0,0,0,{}
7122,858,2026-03-02,10,UPPER,["vertical_push", "vertical_pull"],,,,,,,,,,1,0,0,0,{}
7123,858,2026-03-03,11,LOWER,["squat", "hinge"],,,,,,,,,,1,0,0,0,{}
7124,858,2026-03-04,12,RECOVERY,[],,,,,,,,,,1,0,0,0,{}
7125,858,2026-03-05,13,UPPER,["horizontal_push", "horizontal_pull"],,,,,,,,,,1,0,0,0,{}
7126,858,2026-03-06,14,RECOVERY,[],,,,,,,,,,1,0,0,0,{}
7127,859,2026-03-07,1,UPPER,["horizontal_push", "horizontal_pull", "prefer_accessory"],,,,,,,,,,1,0,0,0,{}
7128,859,2026-03-08,2,RECOVERY,[],,,,,,,,,,1,0,0,0,{}
7129,859,2026-03-09,3,LOWER,["squat", "hinge"],,,,,,,,,,1,0,0,0,{}
7130,859,2026-03-10,4,UPPER,["vertical_push", "vertical_pull"],,,,,,,,,,1,0,0,0,{}
7131,859,2026-03-11,5,RECOVERY,[],,,,,,,,,,1,0,0,0,{}
7132,859,2026-03-12,6,LOWER,["hinge", "lunge"],,,,,,,,,,1,0,0,0,{}
7133,859,2026-03-13,7,RECOVERY,[],,,,,,,,,,1,0,0,0,{}
7134,859,2026-03-14,8,FULL_BODY,["lunge", "horizontal_push", "horizontal_pull"],,,,,,,,,,1,0,0,0,{}
5306,728,2026-02-03,14,RECOVERY,[],,,,,,,,,,1,,,,
5307,729,2026-02-04,1,UPPER,["horizontal_push", "horizontal_pull", "prefer_finisher"],,,,,,,,,,1,,,,
5308,729,2026-02-05,2,RECOVERY,[],,,,,,,,,,1,,,,
5309,729,2026-02-06,3,LOWER,["squat", "hinge", "prefer_finisher"],,,,,,,,,,1,,,,
5310,729,2026-02-07,4,UPPER,["vertical_push", "vertical_pull", "prefer_finisher"],,,,,,,,,,1,,,,
4563,652,2026-03-15,6,LOWER,["hinge", "lunge", "prefer_accessory"],10,,,,,,,,,1,,,,
4564,652,2026-03-16,7,RECOVERY,[],10,,,,,,,,,1,,,,
4565,653,2026-03-17,1,UPPER,["horizontal_push", "horizontal_pull", "prefer_finisher"],10,,,,,,,,,1,,,,
4566,653,2026-03-18,2,LOWER,["squat", "hinge", "prefer_finisher"],10,,,,,,,,,1,,,,
4567,653,2026-03-19,3,RECOVERY,[],10,,,,,,,,,1,,,,
4568,653,2026-03-20,4,FULL_BODY,["vertical_push", "vertical_pull", "lunge", "prefer_finisher"],10,,,,,,,,,1,,,,
4569,653,2026-03-21,5,UPPER,["horizontal_push", "horizontal_pull", "prefer_finisher"],10,,,,,,,,,1,,,,
4570,653,2026-03-22,6,LOWER,["hinge", "lunge", "prefer_accessory"],10,,,,,,,,,1,,,,
4571,653,2026-03-23,7,RECOVERY,[],10,,,,,,,,,1,,,,
4572,654,2026-03-24,1,UPPER,["horizontal_push", "horizontal_pull", "prefer_finisher"],10,,,,,,,,,1,,,,
4573,654,2026-03-25,2,LOWER,["squat", "hinge", "prefer_finisher"],10,,,,,,,,,1,,,,
4574,654,2026-03-26,3,RECOVERY,[],10,,,,,,,,,1,,,,
4575,654,2026-03-27,4,FULL_BODY,["vertical_push", "vertical_pull", "lunge", "prefer_finisher"],10,,,,,,,,,1,,,,
4576,654,2026-03-28,5,UPPER,["horizontal_push", "horizontal_pull", "prefer_finisher"],10,,,,,,,,,1,,,,
4577,654,2026-03-29,6,LOWER,["hinge", "lunge", "prefer_accessory"],10,,,,,,,,,1,,,,
4578,654,2026-03-30,7,RECOVERY,[],10,,,,,,,,,1,,,,
4579,655,2026-03-31,1,UPPER,["horizontal_push", "horizontal_pull", "prefer_finisher"],10,,,,,,,,,1,,,,
4580,655,2026-04-01,2,LOWER,["squat", "hinge", "prefer_finisher"],10,,,,,,,,,1,,,,
7135,859,2026-03-15,9,RECOVERY,[],,,,,,,,,,1,0,0,0,{}
7136,859,2026-03-16,10,UPPER,["vertical_push", "vertical_pull"],,,,,,,,,,1,0,0,0,{}
7137,859,2026-03-17,11,LOWER,["squat", "hinge"],,,,,,,,,,1,0,0,0,{}
7094,856,2026-02-02,10,UPPER,["vertical_push", "vertical_pull"],70,,,,,,"“Alright, let’s get you building a solid foundation – this session is laser-focused on strengthening your upper back and chest, particularly that incline push-up we’ll be working on, while simultaneously reinforcing your thoracic spine for better posture and movement. We’re layering in some key accessory work to really drive that strength gain and ensure you’re building a robust, resilient physique.”",,,1,0,0,0,{}
4582,655,2026-04-03,4,FULL_BODY,["vertical_push", "vertical_pull", "lunge", "prefer_finisher"],10,,,,,,,,,1,,,,
4583,655,2026-04-04,5,UPPER,["horizontal_push", "horizontal_pull", "prefer_finisher"],10,,,,,,,,,1,,,,
4584,655,2026-04-05,6,LOWER,["hinge", "lunge", "prefer_accessory"],10,,,,,,,,,1,,,,
4585,655,2026-04-06,7,RECOVERY,[],10,,,,,,,,,1,,,,
4586,656,2026-04-07,1,UPPER,["horizontal_push", "horizontal_pull", "prefer_finisher"],10,,,,,,,,,1,,,,
5311,729,2026-02-08,5,RECOVERY,[],,,,,,,,,,1,,,,
7138,859,2026-03-18,12,RECOVERY,[],,,,,,,,,,1,0,0,0,{}
7139,859,2026-03-19,13,UPPER,["horizontal_push", "horizontal_pull"],,,,,,,,,,1,0,0,0,{}
7140,859,2026-03-20,14,RECOVERY,[],,,,,,,,,,1,0,0,0,{}
7141,860,2026-03-21,1,UPPER,["horizontal_push", "horizontal_pull", "prefer_accessory"],,,,,,,,,,1,0,0,0,{}
7142,860,2026-03-22,2,RECOVERY,[],,,,,,,,,,1,0,0,0,{}
7143,860,2026-03-23,3,LOWER,["squat", "hinge"],,,,,,,,,,1,0,0,0,{}
7144,860,2026-03-24,4,UPPER,["vertical_push", "vertical_pull"],,,,,,,,,,1,0,0,0,{}
7145,860,2026-03-25,5,RECOVERY,[],,,,,,,,,,1,0,0,0,{}
7146,860,2026-03-26,6,LOWER,["hinge", "lunge"],,,,,,,,,,1,0,0,0,{}
7147,860,2026-03-27,7,RECOVERY,[],,,,,,,,,,1,0,0,0,{}
7148,860,2026-03-28,8,FULL_BODY,["lunge", "horizontal_push", "horizontal_pull"],,,,,,,,,,1,0,0,0,{}
7149,860,2026-03-29,9,RECOVERY,[],,,,,,,,,,1,0,0,0,{}
7150,860,2026-03-30,10,UPPER,["vertical_push", "vertical_pull"],,,,,,,,,,1,0,0,0,{}
7151,860,2026-03-31,11,LOWER,["squat", "hinge"],,,,,,,,,,1,0,0,0,{}
7152,860,2026-04-01,12,RECOVERY,[],,,,,,,,,,1,0,0,0,{}
7153,860,2026-04-02,13,UPPER,["horizontal_push", "horizontal_pull"],,,,,,,,,,1,0,0,0,{}
7154,860,2026-04-03,14,RECOVERY,[],,,,,,,,,,1,0,0,0,{}
7155,861,2026-04-04,1,UPPER,["horizontal_push", "horizontal_pull", "prefer_accessory"],,,,,,,,,,1,0,0,0,{}
7156,861,2026-04-05,2,RECOVERY,[],,,,,,,,,,1,0,0,0,{}
7157,861,2026-04-06,3,LOWER,["squat", "hinge"],,,,,,,,,,1,0,0,0,{}
7158,861,2026-04-07,4,UPPER,["vertical_push", "vertical_pull"],,,,,,,,,,1,0,0,0,{}
7159,861,2026-04-08,5,RECOVERY,[],,,,,,,,,,1,0,0,0,{}
7160,861,2026-04-09,6,LOWER,["hinge", "lunge"],,,,,,,,,,1,0,0,0,{}
7162,861,2026-04-11,8,FULL_BODY,["lunge", "horizontal_push", "horizontal_pull"],,,,,,,,,,1,0,0,0,{}
1,1,2026-01-15,1,FULL_BODY,["squat", "horizontal_push", "horizontal_pull"],45,,,,,,Primary focus on strength and horizontal push patterns to align with goals,,,1,,,,
4,1,2026-01-18,4,FULL_BODY,["lunge", "horizontal_push", "vertical_pull"],45,,,,,,Focused on compound movements for strength and hypertrophy goals,,,1,,,,
5312,729,2026-02-09,6,LOWER,["hinge", "lunge", "prefer_accessory"],,,,,,,,,,1,,,,
7163,861,2026-04-12,9,RECOVERY,[],,,,,,,,,,1,0,0,0,{}
7164,861,2026-04-13,10,UPPER,["vertical_push", "vertical_pull"],,,,,,,,,,1,0,0,0,{}
7165,861,2026-04-14,11,LOWER,["squat", "hinge"],,,,,,,,,,1,0,0,0,{}
7166,861,2026-04-15,12,RECOVERY,[],,,,,,,,,,1,0,0,0,{}
7167,861,2026-04-16,13,UPPER,["horizontal_push", "horizontal_pull"],,,,,,,,,,1,0,0,0,{}
7168,861,2026-04-17,14,RECOVERY,[],,,,,,,,,,1,0,0,0,{}
7087,856,2026-01-26,3,LOWER,["squat", "hinge"],70,,,,,,"“Alright, let’s get you moving – this session really focuses on building that foundational strength you’re after, particularly with those squat and hinge movements, which are key for your broad jump and deadlifts. We’ll be layering in some targeted work with the CARs and accessories to support your overall recovery and get you closer to that 10-strength goal.”",,,1,0,0,0,{}
7095,856,2026-02-03,11,LOWER,["squat", "hinge"],70,,,,,,"“Alright, let’s get you moving – this session really focuses on building that foundational strength you’re after, particularly in your quads and hamstrings with those Romanian Deadlifts and quad stretches, while the easy cardio and kettlebell swings will keep things flowing smoothly. We’re going to prioritize those hinge movements and build a solid base for your 10-point strength goal.”",,,1,0,0,0,{}
8536,959,2026-03-18,10,UPPER,["vertical_push", "vertical_pull"],10,,,,,,,,,1,0,0,0,{}
8537,959,2026-03-19,11,LOWER,["squat", "hinge"],10,,,,,,,,,1,0,0,0,{}
8538,959,2026-03-20,12,RECOVERY,[],10,,,,,,,,,1,0,0,0,{}
8539,959,2026-03-21,13,UPPER,["horizontal_push", "horizontal_pull"],10,,,,,,,,,1,0,0,0,{}
5313,729,2026-02-10,7,RECOVERY,[],,,,,,,,,,1,,,,
7,1,2026-01-21,7,FULL_BODY,["squat", "horizontal_push", "horizontal_pull"],45,,,,,,"Main lifts prioritize squat and horizontal_push patterns, with a focus on strength goals.",,,1,,,,
5314,729,2026-02-11,8,CARDIO,["cardio", "endurance"],,,,,,,,,,1,,,,
5315,729,2026-02-12,9,RECOVERY,[],,,,,,,,,,1,,,,
8540,959,2026-03-22,14,RECOVERY,[],10,,,,,,,,,1,0,0,0,{}
5316,729,2026-02-13,10,CARDIO,["cardio", "endurance"],,,,,,,,,,1,,,,
5317,729,2026-02-14,11,CUSTOM,["conditioning"],,,,,,,,,,1,,,,
8541,960,2026-03-23,1,UPPER,["horizontal_push", "horizontal_pull", "prefer_accessory"],10,,,,,,,,,1,0,0,0,{}
5318,729,2026-02-15,12,RECOVERY,[],,,,,,,,,,1,,,,
8542,960,2026-03-24,2,RECOVERY,[],10,,,,,,,,,1,0,0,0,{}
8543,960,2026-03-25,3,LOWER,["squat", "hinge"],10,,,,,,,,,1,0,0,0,{}
8544,960,2026-03-26,4,UPPER,["vertical_push", "vertical_pull"],10,,,,,,,,,1,0,0,0,{}
8545,960,2026-03-27,5,RECOVERY,[],10,,,,,,,,,1,0,0,0,{}
8546,960,2026-03-28,6,LOWER,["hinge", "lunge"],10,,,,,,,,,1,0,0,0,{}
8547,960,2026-03-29,7,RECOVERY,[],10,,,,,,,,,1,0,0,0,{}
8548,960,2026-03-30,8,FULL_BODY,["lunge", "horizontal_push", "horizontal_pull"],10,,,,,,,,,1,0,0,0,{}
8549,960,2026-03-31,9,RECOVERY,[],10,,,,,,,,,1,0,0,0,{}
8550,960,2026-04-01,10,UPPER,["vertical_push", "vertical_pull"],10,,,,,,,,,1,0,0,0,{}
8551,960,2026-04-02,11,LOWER,["squat", "hinge"],10,,,,,,,,,1,0,0,0,{}
8552,960,2026-04-03,12,RECOVERY,[],10,,,,,,,,,1,0,0,0,{}
7088,856,2026-01-27,4,UPPER,["vertical_push", "vertical_pull"],70,,,,,,"Alright, let’s get you moving towards that Muscle-Up – this session is built to really build the foundational strength you need, focusing on those key movements like the Doorway Stretch and Kettlebell Press, while also layering in some targeted accessory work to support your overall development. We’re going to be systematically building the power and control you’ll need to not just *attempt* a Muscle-Up, but to execute it with confidence and stability, steadily increasing that strength level to a solid 10.",,,1,0,0,0,{}
7092,856,2026-01-31,8,FULL_BODY,["lunge", "horizontal_push", "horizontal_pull"],70,,,,,,"“Alright, let’s get you moving towards that strength goal – this session is perfectly tailored to build a solid foundation with those high-rep push-ups and explosive lunges, while incorporating the horizontal push and pull movements to really stimulate muscle growth and support your recovery. We’re focusing on building a robust, functional strength base, and hitting those key areas with targeted exercises like the PAILs and leg curls, so you’ll feel the progress quickly.”",,,1,0,0,0,{}
7097,856,2026-02-05,13,UPPER,["horizontal_push", "horizontal_pull"],70,,,,,,"“Alright, let’s get you building a solid foundation – this session focuses on key movements like the Bench Press and Rows to really drive that strength (10!) you’re after, while incorporating some targeted accessory work to support your overall development and recovery.” We’re building a robust base, ensuring you’re getting the stimulus needed to grow and feel stronger, step-by-step.",,,1,0,0,0,{}
8553,960,2026-04-04,13,UPPER,["horizontal_push", "horizontal_pull"],10,,,,,,,,,1,0,0,0,{}
8554,960,2026-04-05,14,RECOVERY,[],10,,,,,,,,,1,0,0,0,{}
8555,961,2026-04-06,1,UPPER,["horizontal_push", "horizontal_pull", "prefer_accessory"],10,,,,,,,,,1,0,0,0,{}
8556,961,2026-04-07,2,RECOVERY,[],10,,,,,,,,,1,0,0,0,{}
8557,961,2026-04-08,3,LOWER,["squat", "hinge"],10,,,,,,,,,1,0,0,0,{}
8558,961,2026-04-09,4,UPPER,["vertical_push", "vertical_pull"],10,,,,,,,,,1,0,0,0,{}
8559,961,2026-04-10,5,RECOVERY,[],10,,,,,,,,,1,0,0,0,{}
8560,961,2026-04-11,6,LOWER,["hinge", "lunge"],10,,,,,,,,,1,0,0,0,{}
8561,961,2026-04-12,7,RECOVERY,[],10,,,,,,,,,1,0,0,0,{}
8562,961,2026-04-13,8,FULL_BODY,["lunge", "horizontal_push", "horizontal_pull"],10,,,,,,,,,1,0,0,0,{}
8563,961,2026-04-14,9,RECOVERY,[],10,,,,,,,,,1,0,0,0,{}
8564,961,2026-04-15,10,UPPER,["vertical_push", "vertical_pull"],10,,,,,,,,,1,0,0,0,{}
8565,961,2026-04-16,11,LOWER,["squat", "hinge"],10,,,,,,,,,1,0,0,0,{}
8566,961,2026-04-17,12,RECOVERY,[],10,,,,,,,,,1,0,0,0,{}
8567,961,2026-04-18,13,UPPER,["horizontal_push", "horizontal_pull"],10,,,,,,,,,1,0,0,0,{}
8568,961,2026-04-19,14,RECOVERY,[],10,,,,,,,,,1,0,0,0,{}
5319,729,2026-02-16,13,CUSTOM,["conditioning"],,,,,,,,,,1,,,,
5320,729,2026-02-17,14,RECOVERY,[],,,,,,,,,,1,,,,
5321,730,2026-02-18,1,UPPER,["horizontal_push", "horizontal_pull", "prefer_finisher"],,,,,,,,,,1,,,,
5322,730,2026-02-19,2,RECOVERY,[],,,,,,,,,,1,,,,
5323,730,2026-02-20,3,LOWER,["squat", "hinge", "prefer_finisher"],,,,,,,,,,1,,,,
5324,730,2026-02-21,4,UPPER,["vertical_push", "vertical_pull", "prefer_finisher"],,,,,,,,,,1,,,,
5325,730,2026-02-22,5,RECOVERY,[],,,,,,,,,,1,,,,
5326,730,2026-02-23,6,LOWER,["hinge", "lunge", "prefer_accessory"],,,,,,,,,,1,,,,
5327,730,2026-02-24,7,RECOVERY,[],,,,,,,,,,1,,,,
7185,863,2026-02-09,3,RECOVERY,[],,,,,,,,,,1,0,0,0,{}
7186,863,2026-02-10,4,FULL_BODY,["hinge", "vertical_push", "vertical_pull", "prefer_finisher"],,,,,,,,,,1,0,0,0,{}
7187,863,2026-02-11,5,UPPER,["horizontal_push", "horizontal_pull", "prefer_finisher"],,,,,,,,,,1,0,0,0,{}
7188,863,2026-02-12,6,LOWER,["lunge", "squat", "prefer_finisher"],,,,,,,,,,1,0,0,0,{}
7189,863,2026-02-13,7,RECOVERY,[],,,,,,,,,,1,0,0,0,{}
7190,863,2026-02-14,8,UPPER,["vertical_push", "vertical_pull", "prefer_finisher"],,,,,,,,,,1,0,0,0,{}
7191,863,2026-02-15,9,LOWER,["squat", "hinge", "prefer_finisher"],,,,,,,,,,1,0,0,0,{}
7192,863,2026-02-16,10,FULL_BODY,["hinge", "horizontal_push", "horizontal_pull", "prefer_finisher"],,,,,,,,,,1,0,0,0,{}
7193,863,2026-02-17,11,RECOVERY,[],,,,,,,,,,1,0,0,0,{}
7194,863,2026-02-18,12,CARDIO,["cardio", "endurance"],,,,,,,,,,1,0,0,0,{}
7195,863,2026-02-19,13,CARDIO,["cardio", "endurance"],,,,,,,,,,1,0,0,0,{}
7196,863,2026-02-20,14,RECOVERY,[],,,,,,,,,,1,0,0,0,{}
7197,864,2026-02-21,1,UPPER,["horizontal_push", "horizontal_pull", "prefer_finisher"],,,,,,,,,,1,0,0,0,{}
7198,864,2026-02-22,2,LOWER,["squat", "hinge", "prefer_finisher"],,,,,,,,,,1,0,0,0,{}
7199,864,2026-02-23,3,RECOVERY,[],,,,,,,,,,1,0,0,0,{}
7200,864,2026-02-24,4,FULL_BODY,["hinge", "vertical_push", "vertical_pull", "prefer_finisher"],,,,,,,,,,1,0,0,0,{}
7201,864,2026-02-25,5,UPPER,["horizontal_push", "horizontal_pull", "prefer_finisher"],,,,,,,,,,1,0,0,0,{}
7202,864,2026-02-26,6,LOWER,["lunge", "squat", "prefer_finisher"],,,,,,,,,,1,0,0,0,{}
7203,864,2026-02-27,7,RECOVERY,[],,,,,,,,,,1,0,0,0,{}
7204,864,2026-02-28,8,UPPER,["vertical_push", "vertical_pull", "prefer_finisher"],,,,,,,,,,1,0,0,0,{}
7205,864,2026-03-01,9,LOWER,["squat", "hinge", "prefer_finisher"],,,,,,,,,,1,0,0,0,{}
7206,864,2026-03-02,10,FULL_BODY,["hinge", "horizontal_push", "horizontal_pull", "prefer_finisher"],,,,,,,,,,1,0,0,0,{}
7207,864,2026-03-03,11,RECOVERY,[],,,,,,,,,,1,0,0,0,{}
7208,864,2026-03-04,12,CARDIO,["cardio", "endurance"],,,,,,,,,,1,0,0,0,{}
7209,864,2026-03-05,13,CARDIO,["cardio", "endurance"],,,,,,,,,,1,0,0,0,{}
7210,864,2026-03-06,14,RECOVERY,[],,,,,,,,,,1,0,0,0,{}
7211,865,2026-03-07,1,UPPER,["horizontal_push", "horizontal_pull", "prefer_finisher"],,,,,,,,,,1,0,0,0,{}
7212,865,2026-03-08,2,LOWER,["squat", "hinge", "prefer_finisher"],,,,,,,,,,1,0,0,0,{}
7213,865,2026-03-09,3,RECOVERY,[],,,,,,,,,,1,0,0,0,{}
7214,865,2026-03-10,4,FULL_BODY,["hinge", "vertical_push", "vertical_pull", "prefer_finisher"],,,,,,,,,,1,0,0,0,{}
7215,865,2026-03-11,5,UPPER,["horizontal_push", "horizontal_pull", "prefer_finisher"],,,,,,,,,,1,0,0,0,{}
7216,865,2026-03-12,6,LOWER,["lunge", "squat", "prefer_finisher"],,,,,,,,,,1,0,0,0,{}
7217,865,2026-03-13,7,RECOVERY,[],,,,,,,,,,1,0,0,0,{}
7218,865,2026-03-14,8,UPPER,["vertical_push", "vertical_pull", "prefer_finisher"],,,,,,,,,,1,0,0,0,{}
7219,865,2026-03-15,9,LOWER,["squat", "hinge", "prefer_finisher"],,,,,,,,,,1,0,0,0,{}
7220,865,2026-03-16,10,FULL_BODY,["hinge", "horizontal_push", "horizontal_pull", "prefer_finisher"],,,,,,,,,,1,0,0,0,{}
7221,865,2026-03-17,11,RECOVERY,[],,,,,,,,,,1,0,0,0,{}
7222,865,2026-03-18,12,CARDIO,["cardio", "endurance"],,,,,,,,,,1,0,0,0,{}
7223,865,2026-03-19,13,CARDIO,["cardio", "endurance"],,,,,,,,,,1,0,0,0,{}
1734,248,2026-03-10,5,FULL_BODY,["lunge", "horizontal_push", "vertical_pull"],,,,,,,,,,1,,,,
1735,248,2026-03-11,6,FULL_BODY,["hinge", "vertical_push", "horizontal_pull"],,,,,,,,,,1,,,,
1736,248,2026-03-12,7,RECOVERY,[],,,,,,,,,,1,,,,
1737,249,2026-03-13,1,FULL_BODY,["squat", "horizontal_push", "horizontal_pull"],,,,,,,,,,1,,,,
1738,249,2026-03-14,2,RECOVERY,[],,,,,,,,,,1,,,,
5328,730,2026-02-25,8,CARDIO,["cardio", "endurance"],,,,,,,,,,1,,,,
5329,730,2026-02-26,9,RECOVERY,[],,,,,,,,,,1,,,,
1682,241,2026-01-17,2,RECOVERY,[],,,,,,,,,,1,,,,
5330,730,2026-02-27,10,CARDIO,["cardio", "endurance"],,,,,,,,,,1,,,,
1684,241,2026-01-19,4,RECOVERY,[],,,,,,,,,,1,,,,
5331,730,2026-02-28,11,CUSTOM,["conditioning"],,,,,,,,,,1,,,,
5332,730,2026-03-01,12,RECOVERY,[],,,,,,,,,,1,,,,
1687,241,2026-01-22,7,RECOVERY,[],,,,,,,,,,1,,,,
1688,242,2026-01-23,1,FULL_BODY,["squat", "horizontal_push", "horizontal_pull"],,,,,,,,,,1,,,,
1689,242,2026-01-24,2,RECOVERY,[],,,,,,,,,,1,,,,
1690,242,2026-01-25,3,FULL_BODY,["hinge", "vertical_push", "vertical_pull"],,,,,,,,,,1,,,,
1691,242,2026-01-26,4,RECOVERY,[],,,,,,,,,,1,,,,
1692,242,2026-01-27,5,FULL_BODY,["lunge", "horizontal_push", "vertical_pull"],,,,,,,,,,1,,,,
1693,242,2026-01-28,6,FULL_BODY,["hinge", "vertical_push", "horizontal_pull"],,,,,,,,,,1,,,,
1694,242,2026-01-29,7,RECOVERY,[],,,,,,,,,,1,,,,
1695,243,2026-01-30,1,FULL_BODY,["squat", "horizontal_push", "horizontal_pull"],,,,,,,,,,1,,,,
1696,243,2026-01-31,2,RECOVERY,[],,,,,,,,,,1,,,,
1697,243,2026-02-01,3,FULL_BODY,["hinge", "vertical_push", "vertical_pull"],,,,,,,,,,1,,,,
1698,243,2026-02-02,4,RECOVERY,[],,,,,,,,,,1,,,,
1699,243,2026-02-03,5,FULL_BODY,["lunge", "horizontal_push", "vertical_pull"],,,,,,,,,,1,,,,
1700,243,2026-02-04,6,FULL_BODY,["hinge", "vertical_push", "horizontal_pull"],,,,,,,,,,1,,,,
1701,243,2026-02-05,7,RECOVERY,[],,,,,,,,,,1,,,,
1702,244,2026-02-06,1,FULL_BODY,["squat", "horizontal_push", "horizontal_pull"],,,,,,,,,,1,,,,
1703,244,2026-02-07,2,RECOVERY,[],,,,,,,,,,1,,,,
1704,244,2026-02-08,3,FULL_BODY,["hinge", "vertical_push", "vertical_pull"],,,,,,,,,,1,,,,
1705,244,2026-02-09,4,RECOVERY,[],,,,,,,,,,1,,,,
1706,244,2026-02-10,5,FULL_BODY,["lunge", "horizontal_push", "vertical_pull"],,,,,,,,,,1,,,,
1707,244,2026-02-11,6,FULL_BODY,["hinge", "vertical_push", "horizontal_pull"],,,,,,,,,,1,,,,
1708,244,2026-02-12,7,RECOVERY,[],,,,,,,,,,1,,,,
1709,245,2026-02-13,1,FULL_BODY,["squat", "horizontal_push", "horizontal_pull"],,,,,,,,,,1,,,,
1710,245,2026-02-14,2,RECOVERY,[],,,,,,,,,,1,,,,
1711,245,2026-02-15,3,FULL_BODY,["hinge", "vertical_push", "vertical_pull"],,,,,,,,,,1,,,,
1712,245,2026-02-16,4,RECOVERY,[],,,,,,,,,,1,,,,
6160,789,2026-02-19,14,RECOVERY,[],10,,,,,,,,,1,0,0,0,{}
1713,245,2026-02-17,5,FULL_BODY,["lunge", "horizontal_push", "vertical_pull"],,,,,,,,,,1,,,,
1714,245,2026-02-18,6,FULL_BODY,["hinge", "vertical_push", "horizontal_pull"],,,,,,,,,,1,,,,
1715,245,2026-02-19,7,RECOVERY,[],,,,,,,,,,1,,,,
1716,246,2026-02-20,1,FULL_BODY,["squat", "horizontal_push", "horizontal_pull"],,,,,,,,,,1,,,,
1717,246,2026-02-21,2,RECOVERY,[],,,,,,,,,,1,,,,
1718,246,2026-02-22,3,FULL_BODY,["hinge", "vertical_push", "vertical_pull"],,,,,,,,,,1,,,,
1719,246,2026-02-23,4,RECOVERY,[],,,,,,,,,,1,,,,
1720,246,2026-02-24,5,FULL_BODY,["lunge", "horizontal_push", "vertical_pull"],,,,,,,,,,1,,,,
1721,246,2026-02-25,6,FULL_BODY,["hinge", "vertical_push", "horizontal_pull"],,,,,,,,,,1,,,,
1722,246,2026-02-26,7,RECOVERY,[],,,,,,,,,,1,,,,
1723,247,2026-02-27,1,FULL_BODY,["squat", "horizontal_push", "horizontal_pull"],,,,,,,,,,1,,,,
1724,247,2026-02-28,2,RECOVERY,[],,,,,,,,,,1,,,,
1725,247,2026-03-01,3,FULL_BODY,["hinge", "vertical_push", "vertical_pull"],,,,,,,,,,1,,,,
1726,247,2026-03-02,4,RECOVERY,[],,,,,,,,,,1,,,,
1727,247,2026-03-03,5,FULL_BODY,["lunge", "horizontal_push", "vertical_pull"],,,,,,,,,,1,,,,
1728,247,2026-03-04,6,FULL_BODY,["hinge", "vertical_push", "horizontal_pull"],,,,,,,,,,1,,,,
1729,247,2026-03-05,7,RECOVERY,[],,,,,,,,,,1,,,,
1730,248,2026-03-06,1,FULL_BODY,["squat", "horizontal_push", "horizontal_pull"],,,,,,,,,,1,,,,
1731,248,2026-03-07,2,RECOVERY,[],,,,,,,,,,1,,,,
1732,248,2026-03-08,3,FULL_BODY,["hinge", "vertical_push", "vertical_pull"],,,,,,,,,,1,,,,
1733,248,2026-03-09,4,RECOVERY,[],,,,,,,,,,1,,,,
5333,730,2026-03-02,13,CUSTOM,["conditioning"],,,,,,,,,,1,,,,
5334,730,2026-03-03,14,RECOVERY,[],,,,,,,,,,1,,,,
5335,731,2026-03-04,1,UPPER,["horizontal_push", "horizontal_pull", "prefer_finisher"],,,,,,,,,,1,,,,
1739,249,2026-03-15,3,FULL_BODY,["hinge", "vertical_push", "vertical_pull"],,,,,,,,,,1,,,,
1740,249,2026-03-16,4,RECOVERY,[],,,,,,,,,,1,,,,
1741,249,2026-03-17,5,FULL_BODY,["lunge", "horizontal_push", "vertical_pull"],,,,,,,,,,1,,,,
1742,249,2026-03-18,6,FULL_BODY,["hinge", "vertical_push", "horizontal_pull"],,,,,,,,,,1,,,,
1743,249,2026-03-19,7,RECOVERY,[],,,,,,,,,,1,,,,
1744,250,2026-03-20,1,FULL_BODY,["squat", "horizontal_push", "horizontal_pull"],,,,,,,,,,1,,,,
1745,250,2026-03-21,2,RECOVERY,[],,,,,,,,,,1,,,,
1746,250,2026-03-22,3,FULL_BODY,["hinge", "vertical_push", "vertical_pull"],,,,,,,,,,1,,,,
1747,250,2026-03-23,4,RECOVERY,[],,,,,,,,,,1,,,,
1748,250,2026-03-24,5,FULL_BODY,["lunge", "horizontal_push", "vertical_pull"],,,,,,,,,,1,,,,
1749,250,2026-03-25,6,FULL_BODY,["hinge", "vertical_push", "horizontal_pull"],,,,,,,,,,1,,,,
1750,250,2026-03-26,7,RECOVERY,[],,,,,,,,,,1,,,,
1751,251,2026-03-27,1,FULL_BODY,["squat", "horizontal_push", "horizontal_pull"],,,,,,,,,,1,,,,
1752,251,2026-03-28,2,RECOVERY,[],,,,,,,,,,1,,,,
1753,251,2026-03-29,3,FULL_BODY,["hinge", "vertical_push", "vertical_pull"],,,,,,,,,,1,,,,
1754,251,2026-03-30,4,RECOVERY,[],,,,,,,,,,1,,,,
1755,251,2026-03-31,5,FULL_BODY,["lunge", "horizontal_push", "vertical_pull"],,,,,,,,,,1,,,,
1756,251,2026-04-01,6,FULL_BODY,["hinge", "vertical_push", "horizontal_pull"],,,,,,,,,,1,,,,
1757,251,2026-04-02,7,RECOVERY,[],,,,,,,,,,1,,,,
1758,252,2026-04-03,1,FULL_BODY,["squat", "horizontal_push", "horizontal_pull"],,,,,,,,,,1,,,,
1759,252,2026-04-04,2,RECOVERY,[],,,,,,,,,,1,,,,
1760,252,2026-04-05,3,FULL_BODY,["hinge", "vertical_push", "vertical_pull"],,,,,,,,,,1,,,,
1761,252,2026-04-06,4,RECOVERY,[],,,,,,,,,,1,,,,
1762,252,2026-04-07,5,FULL_BODY,["lunge", "horizontal_push", "vertical_pull"],,,,,,,,,,1,,,,
1763,252,2026-04-08,6,FULL_BODY,["hinge", "vertical_push", "horizontal_pull"],,,,,,,,,,1,,,,
1764,252,2026-04-09,7,RECOVERY,[],,,,,,,,,,1,,,,
5336,731,2026-03-05,2,RECOVERY,[],,,,,,,,,,1,,,,
5337,731,2026-03-06,3,LOWER,["squat", "hinge", "prefer_finisher"],,,,,,,,,,1,,,,
7224,865,2026-03-20,14,RECOVERY,[],,,,,,,,,,1,0,0,0,{}
7225,866,2026-03-21,1,UPPER,["horizontal_push", "horizontal_pull", "prefer_finisher"],,,,,,,,,,1,0,0,0,{}
7226,866,2026-03-22,2,LOWER,["squat", "hinge", "prefer_finisher"],,,,,,,,,,1,0,0,0,{}
7227,866,2026-03-23,3,RECOVERY,[],,,,,,,,,,1,0,0,0,{}
7228,866,2026-03-24,4,FULL_BODY,["hinge", "vertical_push", "vertical_pull", "prefer_finisher"],,,,,,,,,,1,0,0,0,{}
7229,866,2026-03-25,5,UPPER,["horizontal_push", "horizontal_pull", "prefer_finisher"],,,,,,,,,,1,0,0,0,{}
7230,866,2026-03-26,6,LOWER,["lunge", "squat", "prefer_finisher"],,,,,,,,,,1,0,0,0,{}
7231,866,2026-03-27,7,RECOVERY,[],,,,,,,,,,1,0,0,0,{}
7232,866,2026-03-28,8,UPPER,["vertical_push", "vertical_pull", "prefer_finisher"],,,,,,,,,,1,0,0,0,{}
7233,866,2026-03-29,9,LOWER,["squat", "hinge", "prefer_finisher"],,,,,,,,,,1,0,0,0,{}
7234,866,2026-03-30,10,FULL_BODY,["hinge", "horizontal_push", "horizontal_pull", "prefer_finisher"],,,,,,,,,,1,0,0,0,{}
7235,866,2026-03-31,11,RECOVERY,[],,,,,,,,,,1,0,0,0,{}
7236,866,2026-04-01,12,CARDIO,["cardio", "endurance"],,,,,,,,,,1,0,0,0,{}
7237,866,2026-04-02,13,CARDIO,["cardio", "endurance"],,,,,,,,,,1,0,0,0,{}
7238,866,2026-04-03,14,RECOVERY,[],,,,,,,,,,1,0,0,0,{}
7239,867,2026-04-04,1,UPPER,["horizontal_push", "horizontal_pull", "prefer_finisher"],,,,,,,,,,1,0,0,0,{}
7240,867,2026-04-05,2,LOWER,["squat", "hinge", "prefer_finisher"],,,,,,,,,,1,0,0,0,{}
7241,867,2026-04-06,3,RECOVERY,[],,,,,,,,,,1,0,0,0,{}
7242,867,2026-04-07,4,FULL_BODY,["hinge", "vertical_push", "vertical_pull", "prefer_finisher"],,,,,,,,,,1,0,0,0,{}
7243,867,2026-04-08,5,UPPER,["horizontal_push", "horizontal_pull", "prefer_finisher"],,,,,,,,,,1,0,0,0,{}
7244,867,2026-04-09,6,LOWER,["lunge", "squat", "prefer_finisher"],,,,,,,,,,1,0,0,0,{}
7245,867,2026-04-10,7,RECOVERY,[],,,,,,,,,,1,0,0,0,{}
7246,867,2026-04-11,8,UPPER,["vertical_push", "vertical_pull", "prefer_finisher"],,,,,,,,,,1,0,0,0,{}
7247,867,2026-04-12,9,LOWER,["squat", "hinge", "prefer_finisher"],,,,,,,,,,1,0,0,0,{}
7248,867,2026-04-13,10,FULL_BODY,["hinge", "horizontal_push", "horizontal_pull", "prefer_finisher"],,,,,,,,,,1,0,0,0,{}
7249,867,2026-04-14,11,RECOVERY,[],,,,,,,,,,1,0,0,0,{}
7250,867,2026-04-15,12,CARDIO,["cardio", "endurance"],,,,,,,,,,1,0,0,0,{}
7251,867,2026-04-16,13,CARDIO,["cardio", "endurance"],,,,,,,,,,1,0,0,0,{}
7252,867,2026-04-17,14,RECOVERY,[],,,,,,,,,,1,0,0,0,{}
3020,432,2026-02-12,3,FULL_BODY,["hinge", "vertical_push", "vertical_pull"],10,5,0,,,5,,,,1,,,,
3022,432,2026-02-14,5,FULL_BODY,["lunge", "horizontal_push", "vertical_pull"],10,5,0,,,5,,,,1,,,,
3023,432,2026-02-15,6,FULL_BODY,["hinge", "vertical_push", "horizontal_pull"],10,5,0,,,5,,,,1,,,,
3024,432,2026-02-16,7,RECOVERY,[],10,5,0,,,5,,,,1,,,,
3025,433,2026-02-17,1,FULL_BODY,["squat", "horizontal_push", "horizontal_pull"],10,5,0,,,5,,,,1,,,,
3026,433,2026-02-18,2,RECOVERY,[],10,5,0,,,5,,,,1,,,,
3027,433,2026-02-19,3,FULL_BODY,["hinge", "vertical_push", "vertical_pull"],10,5,0,,,5,,,,1,,,,
3028,433,2026-02-20,4,RECOVERY,[],10,5,0,,,5,,,,1,,,,
3029,433,2026-02-21,5,FULL_BODY,["lunge", "horizontal_push", "vertical_pull"],10,5,0,,,5,,,,1,,,,
3030,433,2026-02-22,6,FULL_BODY,["hinge", "vertical_push", "horizontal_pull"],10,5,0,,,5,,,,1,,,,
3031,433,2026-02-23,7,RECOVERY,[],10,5,0,,,5,,,,1,,,,
3032,434,2026-02-24,1,FULL_BODY,["squat", "horizontal_push", "horizontal_pull"],10,5,0,,,5,,,,1,,,,
3033,434,2026-02-25,2,RECOVERY,[],10,5,0,,,5,,,,1,,,,
3034,434,2026-02-26,3,FULL_BODY,["hinge", "vertical_push", "vertical_pull"],10,5,0,,,5,,,,1,,,,
3035,434,2026-02-27,4,RECOVERY,[],10,5,0,,,5,,,,1,,,,
3036,434,2026-02-28,5,FULL_BODY,["lunge", "horizontal_push", "vertical_pull"],10,5,0,,,5,,,,1,,,,
3037,434,2026-03-01,6,FULL_BODY,["hinge", "vertical_push", "horizontal_pull"],10,5,0,,,5,,,,1,,,,
3038,434,2026-03-02,7,RECOVERY,[],10,5,0,,,5,,,,1,,,,
3039,435,2026-03-03,1,FULL_BODY,["squat", "horizontal_push", "horizontal_pull"],10,5,0,,,5,,,,1,,,,
3040,435,2026-03-04,2,RECOVERY,[],10,5,0,,,5,,,,1,,,,
3041,435,2026-03-05,3,FULL_BODY,["hinge", "vertical_push", "vertical_pull"],10,5,0,,,5,,,,1,,,,
3042,435,2026-03-06,4,RECOVERY,[],10,5,0,,,5,,,,1,,,,
3043,435,2026-03-07,5,FULL_BODY,["lunge", "horizontal_push", "vertical_pull"],10,5,0,,,5,,,,1,,,,
3044,435,2026-03-08,6,FULL_BODY,["hinge", "vertical_push", "horizontal_pull"],10,5,0,,,5,,,,1,,,,
3045,435,2026-03-09,7,RECOVERY,[],10,5,0,,,5,,,,1,,,,
3046,436,2026-03-10,1,FULL_BODY,["squat", "horizontal_push", "horizontal_pull"],10,5,0,,,5,,,,1,,,,
3047,436,2026-03-11,2,RECOVERY,[],10,5,0,,,5,,,,1,,,,
3048,436,2026-03-12,3,FULL_BODY,["hinge", "vertical_push", "vertical_pull"],10,5,0,,,5,,,,1,,,,
3049,436,2026-03-13,4,RECOVERY,[],10,5,0,,,5,,,,1,,,,
3050,436,2026-03-14,5,FULL_BODY,["lunge", "horizontal_push", "vertical_pull"],10,5,0,,,5,,,,1,,,,
3051,436,2026-03-15,6,FULL_BODY,["hinge", "vertical_push", "horizontal_pull"],10,5,0,,,5,,,,1,,,,
3052,436,2026-03-16,7,RECOVERY,[],10,5,0,,,5,,,,1,,,,
3053,437,2026-03-17,1,FULL_BODY,["squat", "horizontal_push", "horizontal_pull"],10,5,0,,,5,,,,1,,,,
3054,437,2026-03-18,2,RECOVERY,[],10,5,0,,,5,,,,1,,,,
3055,437,2026-03-19,3,FULL_BODY,["hinge", "vertical_push", "vertical_pull"],10,5,0,,,5,,,,1,,,,
3056,437,2026-03-20,4,RECOVERY,[],10,5,0,,,5,,,,1,,,,
3057,437,2026-03-21,5,FULL_BODY,["lunge", "horizontal_push", "vertical_pull"],10,5,0,,,5,,,,1,,,,
3058,437,2026-03-22,6,FULL_BODY,["hinge", "vertical_push", "horizontal_pull"],10,5,0,,,5,,,,1,,,,
3059,437,2026-03-23,7,RECOVERY,[],10,5,0,,,5,,,,1,,,,
3060,438,2026-03-24,1,FULL_BODY,["squat", "horizontal_push", "horizontal_pull"],10,5,0,,,5,,,,1,,,,
3061,438,2026-03-25,2,RECOVERY,[],10,5,0,,,5,,,,1,,,,
1686,241,2026-01-21,6,FULL_BODY,["hinge", "vertical_push", "horizontal_pull"],48,,,,,,"Main lifts prioritize hinge and vertical_push patterns, with focus on strength goals.",,,1,,,,
2663,381,2026-01-21,3,RECOVERY,[],10,5,0,,,5,,,,1,,,,
3062,438,2026-03-26,3,FULL_BODY,["hinge", "vertical_push", "vertical_pull"],10,5,0,,,5,,,,1,,,,
2666,381,2026-01-24,6,RECOVERY,[],10,5,0,,,5,,,,1,,,,
3063,438,2026-03-27,4,RECOVERY,[],10,5,0,,,5,,,,1,,,,
2668,382,2026-01-26,1,FULL_BODY,["squat", "horizontal_push", "horizontal_pull"],10,5,0,,,5,,,,1,,,,
2669,382,2026-01-27,2,FULL_BODY,["hinge", "vertical_push", "vertical_pull"],10,5,0,,,5,,,,1,,,,
2670,382,2026-01-28,3,RECOVERY,[],10,5,0,,,5,,,,1,,,,
2671,382,2026-01-29,4,FULL_BODY,["lunge", "horizontal_push", "vertical_pull"],10,5,0,,,5,,,,1,,,,
2672,382,2026-01-30,5,FULL_BODY,["hinge", "vertical_push", "horizontal_pull"],10,5,0,,,5,,,,1,,,,
2673,382,2026-01-31,6,RECOVERY,[],10,5,0,,,5,,,,1,,,,
2674,382,2026-02-01,7,FULL_BODY,["lunge", "horizontal_push", "vertical_pull"],10,5,0,,,5,,,,1,,,,
2675,383,2026-02-02,1,FULL_BODY,["squat", "horizontal_push", "horizontal_pull"],10,5,0,,,5,,,,1,,,,
2676,383,2026-02-03,2,FULL_BODY,["hinge", "vertical_push", "vertical_pull"],10,5,0,,,5,,,,1,,,,
2677,383,2026-02-04,3,RECOVERY,[],10,5,0,,,5,,,,1,,,,
2678,383,2026-02-05,4,FULL_BODY,["lunge", "horizontal_push", "vertical_pull"],10,5,0,,,5,,,,1,,,,
2679,383,2026-02-06,5,FULL_BODY,["hinge", "vertical_push", "horizontal_pull"],10,5,0,,,5,,,,1,,,,
2680,383,2026-02-07,6,RECOVERY,[],10,5,0,,,5,,,,1,,,,
2681,383,2026-02-08,7,FULL_BODY,["lunge", "horizontal_push", "vertical_pull"],10,5,0,,,5,,,,1,,,,
2682,384,2026-02-09,1,FULL_BODY,["squat", "horizontal_push", "horizontal_pull"],10,5,0,,,5,,,,1,,,,
2683,384,2026-02-10,2,FULL_BODY,["hinge", "vertical_push", "vertical_pull"],10,5,0,,,5,,,,1,,,,
2684,384,2026-02-11,3,RECOVERY,[],10,5,0,,,5,,,,1,,,,
2685,384,2026-02-12,4,FULL_BODY,["lunge", "horizontal_push", "vertical_pull"],10,5,0,,,5,,,,1,,,,
2686,384,2026-02-13,5,FULL_BODY,["hinge", "vertical_push", "horizontal_pull"],10,5,0,,,5,,,,1,,,,
2687,384,2026-02-14,6,RECOVERY,[],10,5,0,,,5,,,,1,,,,
2688,384,2026-02-15,7,FULL_BODY,["lunge", "horizontal_push", "vertical_pull"],10,5,0,,,5,,,,1,,,,
2689,385,2026-02-16,1,FULL_BODY,["squat", "horizontal_push", "horizontal_pull"],10,5,0,,,5,,,,1,,,,
2690,385,2026-02-17,2,FULL_BODY,["hinge", "vertical_push", "vertical_pull"],10,5,0,,,5,,,,1,,,,
2691,385,2026-02-18,3,RECOVERY,[],10,5,0,,,5,,,,1,,,,
2692,385,2026-02-19,4,FULL_BODY,["lunge", "horizontal_push", "vertical_pull"],10,5,0,,,5,,,,1,,,,
2693,385,2026-02-20,5,FULL_BODY,["hinge", "vertical_push", "horizontal_pull"],10,5,0,,,5,,,,1,,,,
2694,385,2026-02-21,6,RECOVERY,[],10,5,0,,,5,,,,1,,,,
2695,385,2026-02-22,7,FULL_BODY,["lunge", "horizontal_push", "vertical_pull"],10,5,0,,,5,,,,1,,,,
2696,386,2026-02-23,1,FULL_BODY,["squat", "horizontal_push", "horizontal_pull"],10,5,0,,,5,,,,1,,,,
2697,386,2026-02-24,2,FULL_BODY,["hinge", "vertical_push", "vertical_pull"],10,5,0,,,5,,,,1,,,,
2698,386,2026-02-25,3,RECOVERY,[],10,5,0,,,5,,,,1,,,,
2699,386,2026-02-26,4,FULL_BODY,["lunge", "horizontal_push", "vertical_pull"],10,5,0,,,5,,,,1,,,,
2700,386,2026-02-27,5,FULL_BODY,["hinge", "vertical_push", "horizontal_pull"],10,5,0,,,5,,,,1,,,,
2701,386,2026-02-28,6,RECOVERY,[],10,5,0,,,5,,,,1,,,,
2702,386,2026-03-01,7,FULL_BODY,["lunge", "horizontal_push", "vertical_pull"],10,5,0,,,5,,,,1,,,,
2703,387,2026-03-02,1,FULL_BODY,["squat", "horizontal_push", "horizontal_pull"],10,5,0,,,5,,,,1,,,,
2704,387,2026-03-03,2,FULL_BODY,["hinge", "vertical_push", "vertical_pull"],10,5,0,,,5,,,,1,,,,
2705,387,2026-03-04,3,RECOVERY,[],10,5,0,,,5,,,,1,,,,
2706,387,2026-03-05,4,FULL_BODY,["lunge", "horizontal_push", "vertical_pull"],10,5,0,,,5,,,,1,,,,
2707,387,2026-03-06,5,FULL_BODY,["hinge", "vertical_push", "horizontal_pull"],10,5,0,,,5,,,,1,,,,
2708,387,2026-03-07,6,RECOVERY,[],10,5,0,,,5,,,,1,,,,
2709,387,2026-03-08,7,FULL_BODY,["lunge", "horizontal_push", "vertical_pull"],10,5,0,,,5,,,,1,,,,
2710,388,2026-03-09,1,FULL_BODY,["squat", "horizontal_push", "horizontal_pull"],10,5,0,,,5,,,,1,,,,
2711,388,2026-03-10,2,FULL_BODY,["hinge", "vertical_push", "vertical_pull"],10,5,0,,,5,,,,1,,,,
2712,388,2026-03-11,3,RECOVERY,[],10,5,0,,,5,,,,1,,,,
2713,388,2026-03-12,4,FULL_BODY,["lunge", "horizontal_push", "vertical_pull"],10,5,0,,,5,,,,1,,,,
2714,388,2026-03-13,5,FULL_BODY,["hinge", "vertical_push", "horizontal_pull"],10,5,0,,,5,,,,1,,,,
2715,388,2026-03-14,6,RECOVERY,[],10,5,0,,,5,,,,1,,,,
2716,388,2026-03-15,7,FULL_BODY,["lunge", "horizontal_push", "vertical_pull"],10,5,0,,,5,,,,1,,,,
2717,389,2026-03-16,1,FULL_BODY,["squat", "horizontal_push", "horizontal_pull"],10,5,0,,,5,,,,1,,,,
2718,389,2026-03-17,2,FULL_BODY,["hinge", "vertical_push", "vertical_pull"],10,5,0,,,5,,,,1,,,,
2719,389,2026-03-18,3,RECOVERY,[],10,5,0,,,5,,,,1,,,,
2720,389,2026-03-19,4,FULL_BODY,["lunge", "horizontal_push", "vertical_pull"],10,5,0,,,5,,,,1,,,,
2721,389,2026-03-20,5,FULL_BODY,["hinge", "vertical_push", "horizontal_pull"],10,5,0,,,5,,,,1,,,,
2722,389,2026-03-21,6,RECOVERY,[],10,5,0,,,5,,,,1,,,,
2723,389,2026-03-22,7,FULL_BODY,["lunge", "horizontal_push", "vertical_pull"],10,5,0,,,5,,,,1,,,,
2724,390,2026-03-23,1,FULL_BODY,["squat", "horizontal_push", "horizontal_pull"],10,5,0,,,5,,,,1,,,,
2725,390,2026-03-24,2,FULL_BODY,["hinge", "vertical_push", "vertical_pull"],10,5,0,,,5,,,,1,,,,
2726,390,2026-03-25,3,RECOVERY,[],10,5,0,,,5,,,,1,,,,
2727,390,2026-03-26,4,FULL_BODY,["lunge", "horizontal_push", "vertical_pull"],10,5,0,,,5,,,,1,,,,
2728,390,2026-03-27,5,FULL_BODY,["hinge", "vertical_push", "horizontal_pull"],10,5,0,,,5,,,,1,,,,
3064,438,2026-03-28,5,FULL_BODY,["lunge", "horizontal_push", "vertical_pull"],10,5,0,,,5,,,,1,,,,
2729,390,2026-03-28,6,RECOVERY,[],10,5,0,,,5,,,,1,,,,
2730,390,2026-03-29,7,FULL_BODY,["lunge", "horizontal_push", "vertical_pull"],10,5,0,,,5,,,,1,,,,
2731,391,2026-03-30,1,FULL_BODY,["squat", "horizontal_push", "horizontal_pull"],10,5,0,,,5,,,,1,,,,
2732,391,2026-03-31,2,FULL_BODY,["hinge", "vertical_push", "vertical_pull"],10,5,0,,,5,,,,1,,,,
2733,391,2026-04-01,3,RECOVERY,[],10,5,0,,,5,,,,1,,,,
2734,391,2026-04-02,4,FULL_BODY,["lunge", "horizontal_push", "vertical_pull"],10,5,0,,,5,,,,1,,,,
2735,391,2026-04-03,5,FULL_BODY,["hinge", "vertical_push", "horizontal_pull"],10,5,0,,,5,,,,1,,,,
2736,391,2026-04-04,6,RECOVERY,[],10,5,0,,,5,,,,1,,,,
2737,391,2026-04-05,7,FULL_BODY,["lunge", "horizontal_push", "vertical_pull"],10,5,0,,,5,,,,1,,,,
2738,392,2026-04-06,1,FULL_BODY,["squat", "horizontal_push", "horizontal_pull"],10,5,0,,,5,,,,1,,,,
2739,392,2026-04-07,2,FULL_BODY,["hinge", "vertical_push", "vertical_pull"],10,5,0,,,5,,,,1,,,,
2740,392,2026-04-08,3,RECOVERY,[],10,5,0,,,5,,,,1,,,,
2741,392,2026-04-09,4,FULL_BODY,["lunge", "horizontal_push", "vertical_pull"],10,5,0,,,5,,,,1,,,,
2742,392,2026-04-10,5,FULL_BODY,["hinge", "vertical_push", "horizontal_pull"],10,5,0,,,5,,,,1,,,,
2743,392,2026-04-11,6,RECOVERY,[],10,5,0,,,5,,,,1,,,,
2744,392,2026-04-12,7,FULL_BODY,["lunge", "horizontal_push", "vertical_pull"],10,5,0,,,5,,,,1,,,,
3065,438,2026-03-29,6,FULL_BODY,["hinge", "vertical_push", "horizontal_pull"],10,5,0,,,5,,,,1,,,,
3066,438,2026-03-30,7,RECOVERY,[],10,5,0,,,5,,,,1,,,,
3067,439,2026-03-31,1,FULL_BODY,["squat", "horizontal_push", "horizontal_pull"],10,5,0,,,5,,,,1,,,,
3068,439,2026-04-01,2,RECOVERY,[],10,5,0,,,5,,,,1,,,,
4529,647,2026-02-09,7,RECOVERY,[],10,,,,,,,,,1,,,,
3069,439,2026-04-02,3,FULL_BODY,["hinge", "vertical_push", "vertical_pull"],10,5,0,,,5,,,,1,,,,
3070,439,2026-04-03,4,RECOVERY,[],10,5,0,,,5,,,,1,,,,
3071,439,2026-04-04,5,FULL_BODY,["lunge", "horizontal_push", "vertical_pull"],10,5,0,,,5,,,,1,,,,
3072,439,2026-04-05,6,FULL_BODY,["hinge", "vertical_push", "horizontal_pull"],10,5,0,,,5,,,,1,,,,
3073,439,2026-04-06,7,RECOVERY,[],10,5,0,,,5,,,,1,,,,
3074,440,2026-04-07,1,FULL_BODY,["squat", "horizontal_push", "horizontal_pull"],10,5,0,,,5,,,,1,,,,
3075,440,2026-04-08,2,RECOVERY,[],10,5,0,,,5,,,,1,,,,
3076,440,2026-04-09,3,FULL_BODY,["hinge", "vertical_push", "vertical_pull"],10,5,0,,,5,,,,1,,,,
3077,440,2026-04-10,4,RECOVERY,[],10,5,0,,,5,,,,1,,,,
3078,440,2026-04-11,5,FULL_BODY,["lunge", "horizontal_push", "vertical_pull"],10,5,0,,,5,,,,1,,,,
3079,440,2026-04-12,6,FULL_BODY,["hinge", "vertical_push", "horizontal_pull"],10,5,0,,,5,,,,1,,,,
3080,440,2026-04-13,7,RECOVERY,[],10,5,0,,,5,,,,1,,,,
7283,870,2026-02-23,3,RECOVERY,[],10,,,,,,,,,1,0,0,0,{}
3002,429,2026-01-25,6,FULL_BODY,["hinge", "vertical_push", "horizontal_pull"],10,5,0,,,5,"Generation failed: (sqlalchemy.dialects.postgresql.asyncpg.InterfaceError) <class 'asyncpg.exceptions._base.InterfaceError'>: cannot call PreparedStatement.fetch(): the underlying connection is closed [SQL: UPDATE sessions SET warmup_json=$1::JSON, main_json=$2::JSON, accessory_json=$3::JSON, cooldown_json=$4::JSON, estimated_duration_minutes=$5::INTEGER, coach_notes=$6::VARCHAR WHERE sessions.id = $7::INTEGER] [parameters: ('[{""movement"": ""Dynamic Stretching"", ""sets"": 2, ""reps"": 10, ""notes"": ""Full body prep""}, {""movement"": ""Light Cardio"", ""duration_seconds"": 300, ""notes"": ""5 min warm-up""}]', '[{""movement"": ""Romanian Deadlift"", ""sets"": 3, ""rep_range_min"": 6, ""rep_range_max"": 8, ""target_rpe"": 7.5, ""rest_seconds"": 120}, {""movement"": ""Sled Push"", ""sets"": 3, ""rep_range_min"": 6, ""rep_range_max"": 8, ""target_rpe"": 7.5, ""rest_seconds"": 120}]', '[{""movement"": ""Upright Row"", ""notes"": ""Replacement for duplicate exercise"", ""sets"": 3, ""rep_range_min"": 12, ""rep_range_max"": 15, ""target_rpe"": 7, ""re ... (201 characters truncated) ... d Morning"", ""notes"": ""Replacement for duplicate exercise"", ""sets"": 3, ""rep_range_min"": 12, ""rep_range_max"": 15, ""target_rpe"": 7, ""rest_seconds"": 60}]', '[{""movement"": ""Static Stretching"", ""duration_seconds"": 300, ""notes"": ""Focus on trained muscles""}, {""movement"": ""Foam Rolling"", ""duration_seconds"": 180, ""notes"": ""Target tight areas""}]', 40, 'Main lifts prioritize hinge and vertical_push patterns', 3002)] (Background on this error at: https://sqlalche.me/e/20/rvf5). Please regenerate.",,,1,,,,
3097,443,2026-02-05,3,FULL_BODY,["hinge", "vertical_push", "vertical_pull"],10,,,,,,,,,1,,,,
2997,429,2026-01-20,1,FULL_BODY,["squat", "horizontal_push", "horizontal_pull"],45,5,0,,,5,Main lifts prioritize squat and horizontal_push patterns,,,1,,,,
2999,429,2026-01-22,3,FULL_BODY,["hinge", "vertical_push", "vertical_pull"],45,5,0,,,5,Prioritized main lifts from patterns: hinge and vertical_push to address strength and endurance goals.,,,1,,,,
3001,429,2026-01-24,5,FULL_BODY,["lunge", "horizontal_push", "vertical_pull"],60,5,0,,,5,Prioritizing horizontal_push pattern with Barbell Bench Press and incorporating lunge pattern with Bulgarian Split Squat for optimal strength gains.,,,1,,,,
3100,443,2026-02-08,6,RECOVERY,[],10,,,,,,,,,1,,,,
3101,443,2026-02-09,7,RECOVERY,[],10,,,,,,,,,1,,,,
3102,444,2026-02-10,1,FULL_BODY,["squat", "horizontal_push", "horizontal_pull"],10,,,,,,,,,1,,,,
3103,444,2026-02-11,2,RECOVERY,[],10,,,,,,,,,1,,,,
3104,444,2026-02-12,3,FULL_BODY,["hinge", "vertical_push", "vertical_pull"],10,,,,,,,,,1,,,,
3105,444,2026-02-13,4,RECOVERY,[],10,,,,,,,,,1,,,,
3106,444,2026-02-14,5,FULL_BODY,["lunge", "horizontal_push", "vertical_pull"],10,,,,,,,,,1,,,,
3107,444,2026-02-15,6,RECOVERY,[],10,,,,,,,,,1,,,,
3108,444,2026-02-16,7,RECOVERY,[],10,,,,,,,,,1,,,,
3109,445,2026-02-17,1,FULL_BODY,["squat", "horizontal_push", "horizontal_pull"],10,,,,,,,,,1,,,,
3110,445,2026-02-18,2,RECOVERY,[],10,,,,,,,,,1,,,,
3111,445,2026-02-19,3,FULL_BODY,["hinge", "vertical_push", "vertical_pull"],10,,,,,,,,,1,,,,
3112,445,2026-02-20,4,RECOVERY,[],10,,,,,,,,,1,,,,
3113,445,2026-02-21,5,FULL_BODY,["lunge", "horizontal_push", "vertical_pull"],10,,,,,,,,,1,,,,
3114,445,2026-02-22,6,RECOVERY,[],10,,,,,,,,,1,,,,
3115,445,2026-02-23,7,RECOVERY,[],10,,,,,,,,,1,,,,
3116,446,2026-02-24,1,FULL_BODY,["squat", "horizontal_push", "horizontal_pull"],10,,,,,,,,,1,,,,
3117,446,2026-02-25,2,RECOVERY,[],10,,,,,,,,,1,,,,
3118,446,2026-02-26,3,FULL_BODY,["hinge", "vertical_push", "vertical_pull"],10,,,,,,,,,1,,,,
3119,446,2026-02-27,4,RECOVERY,[],10,,,,,,,,,1,,,,
3120,446,2026-02-28,5,FULL_BODY,["lunge", "horizontal_push", "vertical_pull"],10,,,,,,,,,1,,,,
3121,446,2026-03-01,6,RECOVERY,[],10,,,,,,,,,1,,,,
3122,446,2026-03-02,7,RECOVERY,[],10,,,,,,,,,1,,,,
3123,447,2026-03-03,1,FULL_BODY,["squat", "horizontal_push", "horizontal_pull"],10,,,,,,,,,1,,,,
3124,447,2026-03-04,2,RECOVERY,[],10,,,,,,,,,1,,,,
3125,447,2026-03-05,3,FULL_BODY,["hinge", "vertical_push", "vertical_pull"],10,,,,,,,,,1,,,,
3126,447,2026-03-06,4,RECOVERY,[],10,,,,,,,,,1,,,,
3127,447,2026-03-07,5,FULL_BODY,["lunge", "horizontal_push", "vertical_pull"],10,,,,,,,,,1,,,,
3128,447,2026-03-08,6,RECOVERY,[],10,,,,,,,,,1,,,,
3129,447,2026-03-09,7,RECOVERY,[],10,,,,,,,,,1,,,,
3130,448,2026-03-10,1,FULL_BODY,["squat", "horizontal_push", "horizontal_pull"],10,,,,,,,,,1,,,,
3131,448,2026-03-11,2,RECOVERY,[],10,,,,,,,,,1,,,,
3132,448,2026-03-12,3,FULL_BODY,["hinge", "vertical_push", "vertical_pull"],10,,,,,,,,,1,,,,
3133,448,2026-03-13,4,RECOVERY,[],10,,,,,,,,,1,,,,
3134,448,2026-03-14,5,FULL_BODY,["lunge", "horizontal_push", "vertical_pull"],10,,,,,,,,,1,,,,
3135,448,2026-03-15,6,RECOVERY,[],10,,,,,,,,,1,,,,
3136,448,2026-03-16,7,RECOVERY,[],10,,,,,,,,,1,,,,
3333,477,2026-01-20,1,UPPER,["horizontal_push", "horizontal_pull"],,,,,,,,,,1,,,,
3334,477,2026-01-21,2,LOWER,["squat", "hinge"],,,,,,,,,,1,,,,
3335,477,2026-01-22,3,RECOVERY,[],,,,,,,,,,1,,,,
3336,477,2026-01-23,4,UPPER,["vertical_push", "vertical_pull"],,,,,,,,,,1,,,,
7335,873,2026-04-16,13,CARDIO,["cardio", "endurance"],10,,,,,,,,,1,0,0,0,{}
5351,732,2026-03-20,3,LOWER,["squat", "hinge", "prefer_finisher"],,,,,,,,,,1,,,,
7336,873,2026-04-17,14,RECOVERY,[],10,,,,,,,,,1,0,0,0,{}
7348,874,2026-02-04,12,RECOVERY,[],,,,,,,,,,1,0,0,0,{}
7350,874,2026-02-06,14,RECOVERY,[],,,,,,,,,,1,0,0,0,{}
7351,875,2026-02-07,1,UPPER,["horizontal_push", "horizontal_pull", "prefer_accessory"],,,,,,,,,,1,0,0,0,{}
7352,875,2026-02-08,2,RECOVERY,[],,,,,,,,,,1,0,0,0,{}
7353,875,2026-02-09,3,LOWER,["squat", "hinge"],,,,,,,,,,1,0,0,0,{}
7354,875,2026-02-10,4,UPPER,["vertical_push", "vertical_pull"],,,,,,,,,,1,0,0,0,{}
7355,875,2026-02-11,5,RECOVERY,[],,,,,,,,,,1,0,0,0,{}
7356,875,2026-02-12,6,LOWER,["hinge", "lunge"],,,,,,,,,,1,0,0,0,{}
7357,875,2026-02-13,7,RECOVERY,[],,,,,,,,,,1,0,0,0,{}
7358,875,2026-02-14,8,FULL_BODY,["lunge", "horizontal_push", "horizontal_pull"],,,,,,,,,,1,0,0,0,{}
7359,875,2026-02-15,9,RECOVERY,[],,,,,,,,,,1,0,0,0,{}
7360,875,2026-02-16,10,UPPER,["vertical_push", "vertical_pull"],,,,,,,,,,1,0,0,0,{}
7361,875,2026-02-17,11,LOWER,["squat", "hinge"],,,,,,,,,,1,0,0,0,{}
7362,875,2026-02-18,12,RECOVERY,[],,,,,,,,,,1,0,0,0,{}
7363,875,2026-02-19,13,UPPER,["horizontal_push", "horizontal_pull"],,,,,,,,,,1,0,0,0,{}
7364,875,2026-02-20,14,RECOVERY,[],,,,,,,,,,1,0,0,0,{}
7365,876,2026-02-21,1,UPPER,["horizontal_push", "horizontal_pull", "prefer_accessory"],,,,,,,,,,1,0,0,0,{}
7366,876,2026-02-22,2,RECOVERY,[],,,,,,,,,,1,0,0,0,{}
7367,876,2026-02-23,3,LOWER,["squat", "hinge"],,,,,,,,,,1,0,0,0,{}
7368,876,2026-02-24,4,UPPER,["vertical_push", "vertical_pull"],,,,,,,,,,1,0,0,0,{}
7369,876,2026-02-25,5,RECOVERY,[],,,,,,,,,,1,0,0,0,{}
7370,876,2026-02-26,6,LOWER,["hinge", "lunge"],,,,,,,,,,1,0,0,0,{}
7371,876,2026-02-27,7,RECOVERY,[],,,,,,,,,,1,0,0,0,{}
7372,876,2026-02-28,8,FULL_BODY,["lunge", "horizontal_push", "horizontal_pull"],,,,,,,,,,1,0,0,0,{}
7373,876,2026-03-01,9,RECOVERY,[],,,,,,,,,,1,0,0,0,{}
7374,876,2026-03-02,10,UPPER,["vertical_push", "vertical_pull"],,,,,,,,,,1,0,0,0,{}
7375,876,2026-03-03,11,LOWER,["squat", "hinge"],,,,,,,,,,1,0,0,0,{}
7376,876,2026-03-04,12,RECOVERY,[],,,,,,,,,,1,0,0,0,{}
7377,876,2026-03-05,13,UPPER,["horizontal_push", "horizontal_pull"],,,,,,,,,,1,0,0,0,{}
7378,876,2026-03-06,14,RECOVERY,[],,,,,,,,,,1,0,0,0,{}
7379,877,2026-03-07,1,UPPER,["horizontal_push", "horizontal_pull", "prefer_accessory"],,,,,,,,,,1,0,0,0,{}
7380,877,2026-03-08,2,RECOVERY,[],,,,,,,,,,1,0,0,0,{}
7381,877,2026-03-09,3,LOWER,["squat", "hinge"],,,,,,,,,,1,0,0,0,{}
7382,877,2026-03-10,4,UPPER,["vertical_push", "vertical_pull"],,,,,,,,,,1,0,0,0,{}
7383,877,2026-03-11,5,RECOVERY,[],,,,,,,,,,1,0,0,0,{}
7384,877,2026-03-12,6,LOWER,["hinge", "lunge"],,,,,,,,,,1,0,0,0,{}
7385,877,2026-03-13,7,RECOVERY,[],,,,,,,,,,1,0,0,0,{}
7386,877,2026-03-14,8,FULL_BODY,["lunge", "horizontal_push", "horizontal_pull"],,,,,,,,,,1,0,0,0,{}
7387,877,2026-03-15,9,RECOVERY,[],,,,,,,,,,1,0,0,0,{}
7388,877,2026-03-16,10,UPPER,["vertical_push", "vertical_pull"],,,,,,,,,,1,0,0,0,{}
7389,877,2026-03-17,11,LOWER,["squat", "hinge"],,,,,,,,,,1,0,0,0,{}
7390,877,2026-03-18,12,RECOVERY,[],,,,,,,,,,1,0,0,0,{}
7391,877,2026-03-19,13,UPPER,["horizontal_push", "horizontal_pull"],,,,,,,,,,1,0,0,0,{}
7392,877,2026-03-20,14,RECOVERY,[],,,,,,,,,,1,0,0,0,{}
7393,878,2026-03-21,1,UPPER,["horizontal_push", "horizontal_pull", "prefer_accessory"],,,,,,,,,,1,0,0,0,{}
3139,449,2026-01-22,3,RECOVERY,[],,,,,,,,,,1,,,,
7394,878,2026-03-22,2,RECOVERY,[],,,,,,,,,,1,0,0,0,{}
7395,878,2026-03-23,3,LOWER,["squat", "hinge"],,,,,,,,,,1,0,0,0,{}
7396,878,2026-03-24,4,UPPER,["vertical_push", "vertical_pull"],,,,,,,,,,1,0,0,0,{}
7397,878,2026-03-25,5,RECOVERY,[],,,,,,,,,,1,0,0,0,{}
7398,878,2026-03-26,6,LOWER,["hinge", "lunge"],,,,,,,,,,1,0,0,0,{}
7346,874,2026-02-02,10,UPPER,["vertical_push", "vertical_pull"],70,,,,,,"“Alright, let’s get you building a solid foundation – this session is laser-focused on boosting your upper body strength and shaping that muscle definition you’re after, particularly targeting your chest, triceps, and back with those incline push-ups and rows, while simultaneously reinforcing a strong, stable thoracic spine.” We’re going to build a powerful base for sustained progress, ensuring you’re not just getting bigger, but getting stronger and healthier overall.",,,1,0,0,0,{}
3142,449,2026-01-25,6,RECOVERY,[],,,,,,,,,,1,,,,
3143,449,2026-01-26,7,RECOVERY,[],,,,,,,,,,1,,,,
3144,450,2026-01-27,1,UPPER,["horizontal_push", "horizontal_pull"],,,,,,,,,,1,,,,
3145,450,2026-01-28,2,LOWER,["squat", "hinge"],,,,,,,,,,1,,,,
3146,450,2026-01-29,3,RECOVERY,[],,,,,,,,,,1,,,,
3147,450,2026-01-30,4,UPPER,["vertical_push", "vertical_pull"],,,,,,,,,,1,,,,
3148,450,2026-01-31,5,LOWER,["squat", "hinge"],,,,,,,,,,1,,,,
3149,450,2026-02-01,6,RECOVERY,[],,,,,,,,,,1,,,,
3150,450,2026-02-02,7,RECOVERY,[],,,,,,,,,,1,,,,
3151,451,2026-02-03,1,UPPER,["horizontal_push", "horizontal_pull"],,,,,,,,,,1,,,,
3152,451,2026-02-04,2,LOWER,["squat", "hinge"],,,,,,,,,,1,,,,
3153,451,2026-02-05,3,RECOVERY,[],,,,,,,,,,1,,,,
3154,451,2026-02-06,4,UPPER,["vertical_push", "vertical_pull"],,,,,,,,,,1,,,,
3155,451,2026-02-07,5,LOWER,["squat", "hinge"],,,,,,,,,,1,,,,
3156,451,2026-02-08,6,RECOVERY,[],,,,,,,,,,1,,,,
3157,451,2026-02-09,7,RECOVERY,[],,,,,,,,,,1,,,,
3158,452,2026-02-10,1,UPPER,["horizontal_push", "horizontal_pull"],,,,,,,,,,1,,,,
3159,452,2026-02-11,2,LOWER,["squat", "hinge"],,,,,,,,,,1,,,,
3160,452,2026-02-12,3,RECOVERY,[],,,,,,,,,,1,,,,
3161,452,2026-02-13,4,UPPER,["vertical_push", "vertical_pull"],,,,,,,,,,1,,,,
3162,452,2026-02-14,5,LOWER,["squat", "hinge"],,,,,,,,,,1,,,,
3163,452,2026-02-15,6,RECOVERY,[],,,,,,,,,,1,,,,
3164,452,2026-02-16,7,RECOVERY,[],,,,,,,,,,1,,,,
3165,453,2026-02-17,1,UPPER,["horizontal_push", "horizontal_pull"],,,,,,,,,,1,,,,
3166,453,2026-02-18,2,LOWER,["squat", "hinge"],,,,,,,,,,1,,,,
3361,481,2026-02-17,1,UPPER,["horizontal_push", "horizontal_pull"],,,,,,,,,,1,,,,
3362,481,2026-02-18,2,LOWER,["squat", "hinge"],,,,,,,,,,1,,,,
3363,481,2026-02-19,3,RECOVERY,[],,,,,,,,,,1,,,,
3364,481,2026-02-20,4,UPPER,["vertical_push", "vertical_pull"],,,,,,,,,,1,,,,
3365,481,2026-02-21,5,LOWER,["squat", "hinge"],,,,,,,,,,1,,,,
3366,481,2026-02-22,6,RECOVERY,[],,,,,,,,,,1,,,,
3367,481,2026-02-23,7,RECOVERY,[],,,,,,,,,,1,,,,
3368,482,2026-02-24,1,UPPER,["horizontal_push", "horizontal_pull"],,,,,,,,,,1,,,,
3369,482,2026-02-25,2,LOWER,["squat", "hinge"],,,,,,,,,,1,,,,
3370,482,2026-02-26,3,RECOVERY,[],,,,,,,,,,1,,,,
3371,482,2026-02-27,4,UPPER,["vertical_push", "vertical_pull"],,,,,,,,,,1,,,,
3372,482,2026-02-28,5,LOWER,["squat", "hinge"],,,,,,,,,,1,,,,
3373,482,2026-03-01,6,RECOVERY,[],,,,,,,,,,1,,,,
3374,482,2026-03-02,7,RECOVERY,[],,,,,,,,,,1,,,,
3503,501,2026-01-22,3,RECOVERY,[],10,,,,,,,,,1,,,,
3137,449,2026-01-20,1,UPPER,["horizontal_push", "horizontal_pull"],,,,,,,Generation failed: SessionGeneratorService.populate_session_by_id() got an unexpected keyword argument 'used_main_patterns'. Please regenerate.,,,1,,,,
3138,449,2026-01-21,2,LOWER,["squat", "hinge"],,,,,,,Generation failed: SessionGeneratorService.populate_session_by_id() got an unexpected keyword argument 'used_main_patterns'. Please regenerate.,,,1,,,,
3375,483,2026-03-03,1,UPPER,["horizontal_push", "horizontal_pull"],,,,,,,,,,1,,,,
3376,483,2026-03-04,2,LOWER,["squat", "hinge"],,,,,,,,,,1,,,,
3377,483,2026-03-05,3,RECOVERY,[],,,,,,,,,,1,,,,
3378,483,2026-03-06,4,UPPER,["vertical_push", "vertical_pull"],,,,,,,,,,1,,,,
3379,483,2026-03-07,5,LOWER,["squat", "hinge"],,,,,,,,,,1,,,,
3380,483,2026-03-08,6,RECOVERY,[],,,,,,,,,,1,,,,
3381,483,2026-03-09,7,RECOVERY,[],,,,,,,,,,1,,,,
3382,484,2026-03-10,1,UPPER,["horizontal_push", "horizontal_pull"],,,,,,,,,,1,,,,
3383,484,2026-03-11,2,LOWER,["squat", "hinge"],,,,,,,,,,1,,,,
3384,484,2026-03-12,3,RECOVERY,[],,,,,,,,,,1,,,,
3385,484,2026-03-13,4,UPPER,["vertical_push", "vertical_pull"],,,,,,,,,,1,,,,
3386,484,2026-03-14,5,LOWER,["squat", "hinge"],,,,,,,,,,1,,,,
3387,484,2026-03-15,6,RECOVERY,[],,,,,,,,,,1,,,,
3388,484,2026-03-16,7,RECOVERY,[],,,,,,,,,,1,,,,
3389,485,2026-03-17,1,UPPER,["horizontal_push", "horizontal_pull"],,,,,,,,,,1,,,,
3390,485,2026-03-18,2,LOWER,["squat", "hinge"],,,,,,,,,,1,,,,
3391,485,2026-03-19,3,RECOVERY,[],,,,,,,,,,1,,,,
3392,485,2026-03-20,4,UPPER,["vertical_push", "vertical_pull"],,,,,,,,,,1,,,,
3393,485,2026-03-21,5,LOWER,["squat", "hinge"],,,,,,,,,,1,,,,
3394,485,2026-03-22,6,RECOVERY,[],,,,,,,,,,1,,,,
3395,485,2026-03-23,7,RECOVERY,[],,,,,,,,,,1,,,,
3396,486,2026-03-24,1,UPPER,["horizontal_push", "horizontal_pull"],,,,,,,,,,1,,,,
3397,486,2026-03-25,2,LOWER,["squat", "hinge"],,,,,,,,,,1,,,,
3398,486,2026-03-26,3,RECOVERY,[],,,,,,,,,,1,,,,
3399,486,2026-03-27,4,UPPER,["vertical_push", "vertical_pull"],,,,,,,,,,1,,,,
3400,486,2026-03-28,5,LOWER,["squat", "hinge"],,,,,,,,,,1,,,,
3401,486,2026-03-29,6,RECOVERY,[],,,,,,,,,,1,,,,
3402,486,2026-03-30,7,RECOVERY,[],,,,,,,,,,1,,,,
3403,487,2026-03-31,1,UPPER,["horizontal_push", "horizontal_pull"],,,,,,,,,,1,,,,
3404,487,2026-04-01,2,LOWER,["squat", "hinge"],,,,,,,,,,1,,,,
3405,487,2026-04-02,3,RECOVERY,[],,,,,,,,,,1,,,,
3406,487,2026-04-03,4,UPPER,["vertical_push", "vertical_pull"],,,,,,,,,,1,,,,
3407,487,2026-04-04,5,LOWER,["squat", "hinge"],,,,,,,,,,1,,,,
3408,487,2026-04-05,6,RECOVERY,[],,,,,,,,,,1,,,,
3409,487,2026-04-06,7,RECOVERY,[],,,,,,,,,,1,,,,
3410,488,2026-04-07,1,UPPER,["horizontal_push", "horizontal_pull"],,,,,,,,,,1,,,,
3411,488,2026-04-08,2,LOWER,["squat", "hinge"],,,,,,,,,,1,,,,
3412,488,2026-04-09,3,RECOVERY,[],,,,,,,,,,1,,,,
3413,488,2026-04-10,4,UPPER,["vertical_push", "vertical_pull"],,,,,,,,,,1,,,,
3414,488,2026-04-11,5,LOWER,["squat", "hinge"],,,,,,,,,,1,,,,
3415,488,2026-04-12,6,RECOVERY,[],,,,,,,,,,1,,,,
3416,488,2026-04-13,7,RECOVERY,[],,,,,,,,,,1,,,,
3506,501,2026-01-25,6,RECOVERY,[],10,,,,,,,,,1,,,,
3507,501,2026-01-26,7,RECOVERY,[],10,,,,,,,,,1,,,,
3508,502,2026-01-27,1,UPPER,["horizontal_push", "horizontal_pull"],10,,,,,,,,,1,,,,
3509,502,2026-01-28,2,LOWER,["squat", "hinge"],10,,,,,,,,,1,,,,
3510,502,2026-01-29,3,RECOVERY,[],10,,,,,,,,,1,,,,
3511,502,2026-01-30,4,UPPER,["vertical_push", "vertical_pull"],10,,,,,,,,,1,,,,
3512,502,2026-01-31,5,LOWER,["squat", "hinge"],10,,,,,,,,,1,,,,
3513,502,2026-02-01,6,RECOVERY,[],10,,,,,,,,,1,,,,
3514,502,2026-02-02,7,RECOVERY,[],10,,,,,,,,,1,,,,
3515,503,2026-02-03,1,UPPER,["horizontal_push", "horizontal_pull"],10,,,,,,,,,1,,,,
3516,503,2026-02-04,2,LOWER,["squat", "hinge"],10,,,,,,,,,1,,,,
3517,503,2026-02-05,3,RECOVERY,[],10,,,,,,,,,1,,,,
3518,503,2026-02-06,4,UPPER,["vertical_push", "vertical_pull"],10,,,,,,,,,1,,,,
3519,503,2026-02-07,5,LOWER,["squat", "hinge"],10,,,,,,,,,1,,,,
3520,503,2026-02-08,6,RECOVERY,[],10,,,,,,,,,1,,,,
3521,503,2026-02-09,7,RECOVERY,[],10,,,,,,,,,1,,,,
3522,504,2026-02-10,1,UPPER,["horizontal_push", "horizontal_pull"],10,,,,,,,,,1,,,,
3523,504,2026-02-11,2,LOWER,["squat", "hinge"],10,,,,,,,,,1,,,,
3524,504,2026-02-12,3,RECOVERY,[],10,,,,,,,,,1,,,,
3525,504,2026-02-13,4,UPPER,["vertical_push", "vertical_pull"],10,,,,,,,,,1,,,,
3526,504,2026-02-14,5,LOWER,["squat", "hinge"],10,,,,,,,,,1,,,,
3527,504,2026-02-15,6,RECOVERY,[],10,,,,,,,,,1,,,,
3528,504,2026-02-16,7,RECOVERY,[],10,,,,,,,,,1,,,,
3529,505,2026-02-17,1,UPPER,["horizontal_push", "horizontal_pull"],10,,,,,,,,,1,,,,
3530,505,2026-02-18,2,LOWER,["squat", "hinge"],10,,,,,,,,,1,,,,
3531,505,2026-02-19,3,RECOVERY,[],10,,,,,,,,,1,,,,
3532,505,2026-02-20,4,UPPER,["vertical_push", "vertical_pull"],10,,,,,,,,,1,,,,
3533,505,2026-02-21,5,LOWER,["squat", "hinge"],10,,,,,,,,,1,,,,
3534,505,2026-02-22,6,RECOVERY,[],10,,,,,,,,,1,,,,
3535,505,2026-02-23,7,RECOVERY,[],10,,,,,,,,,1,,,,
3536,506,2026-02-24,1,UPPER,["horizontal_push", "horizontal_pull"],10,,,,,,,,,1,,,,
3537,506,2026-02-25,2,LOWER,["squat", "hinge"],10,,,,,,,,,1,,,,
3538,506,2026-02-26,3,RECOVERY,[],10,,,,,,,,,1,,,,
3539,506,2026-02-27,4,UPPER,["vertical_push", "vertical_pull"],10,,,,,,,,,1,,,,
3540,506,2026-02-28,5,LOWER,["squat", "hinge"],10,,,,,,,,,1,,,,
3541,506,2026-03-01,6,RECOVERY,[],10,,,,,,,,,1,,,,
3542,506,2026-03-02,7,RECOVERY,[],10,,,,,,,,,1,,,,
3543,507,2026-03-03,1,UPPER,["horizontal_push", "horizontal_pull"],10,,,,,,,,,1,,,,
3544,507,2026-03-04,2,LOWER,["squat", "hinge"],10,,,,,,,,,1,,,,
3545,507,2026-03-05,3,RECOVERY,[],10,,,,,,,,,1,,,,
3546,507,2026-03-06,4,UPPER,["vertical_push", "vertical_pull"],10,,,,,,,,,1,,,,
3547,507,2026-03-07,5,LOWER,["squat", "hinge"],10,,,,,,,,,1,,,,
3548,507,2026-03-08,6,RECOVERY,[],10,,,,,,,,,1,,,,
3549,507,2026-03-09,7,RECOVERY,[],10,,,,,,,,,1,,,,
3550,508,2026-03-10,1,UPPER,["horizontal_push", "horizontal_pull"],10,,,,,,,,,1,,,,
3551,508,2026-03-11,2,LOWER,["squat", "hinge"],10,,,,,,,,,1,,,,
3552,508,2026-03-12,3,RECOVERY,[],10,,,,,,,,,1,,,,
3553,508,2026-03-13,4,UPPER,["vertical_push", "vertical_pull"],10,,,,,,,,,1,,,,
3554,508,2026-03-14,5,LOWER,["squat", "hinge"],10,,,,,,,,,1,,,,
3555,508,2026-03-15,6,RECOVERY,[],10,,,,,,,,,1,,,,
3556,508,2026-03-16,7,RECOVERY,[],10,,,,,,,,,1,,,,
7399,878,2026-03-27,7,RECOVERY,[],,,,,,,,,,1,0,0,0,{}
7400,878,2026-03-28,8,FULL_BODY,["lunge", "horizontal_push", "horizontal_pull"],,,,,,,,,,1,0,0,0,{}
7401,878,2026-03-29,9,RECOVERY,[],,,,,,,,,,1,0,0,0,{}
7402,878,2026-03-30,10,UPPER,["vertical_push", "vertical_pull"],,,,,,,,,,1,0,0,0,{}
7403,878,2026-03-31,11,LOWER,["squat", "hinge"],,,,,,,,,,1,0,0,0,{}
7404,878,2026-04-01,12,RECOVERY,[],,,,,,,,,,1,0,0,0,{}
7405,878,2026-04-02,13,UPPER,["horizontal_push", "horizontal_pull"],,,,,,,,,,1,0,0,0,{}
7406,878,2026-04-03,14,RECOVERY,[],,,,,,,,,,1,0,0,0,{}
7407,879,2026-04-04,1,UPPER,["horizontal_push", "horizontal_pull", "prefer_accessory"],,,,,,,,,,1,0,0,0,{}
7408,879,2026-04-05,2,RECOVERY,[],,,,,,,,,,1,0,0,0,{}
7409,879,2026-04-06,3,LOWER,["squat", "hinge"],,,,,,,,,,1,0,0,0,{}
7410,879,2026-04-07,4,UPPER,["vertical_push", "vertical_pull"],,,,,,,,,,1,0,0,0,{}
7411,879,2026-04-08,5,RECOVERY,[],,,,,,,,,,1,0,0,0,{}
7412,879,2026-04-09,6,LOWER,["hinge", "lunge"],,,,,,,,,,1,0,0,0,{}
7413,879,2026-04-10,7,RECOVERY,[],,,,,,,,,,1,0,0,0,{}
7414,879,2026-04-11,8,FULL_BODY,["lunge", "horizontal_push", "horizontal_pull"],,,,,,,,,,1,0,0,0,{}
7415,879,2026-04-12,9,RECOVERY,[],,,,,,,,,,1,0,0,0,{}
7416,879,2026-04-13,10,UPPER,["vertical_push", "vertical_pull"],,,,,,,,,,1,0,0,0,{}
7417,879,2026-04-14,11,LOWER,["squat", "hinge"],,,,,,,,,,1,0,0,0,{}
7418,879,2026-04-15,12,RECOVERY,[],,,,,,,,,,1,0,0,0,{}
7419,879,2026-04-16,13,UPPER,["horizontal_push", "horizontal_pull"],,,,,,,,,,1,0,0,0,{}
7420,879,2026-04-17,14,RECOVERY,[],,,,,,,,,,1,0,0,0,{}
7342,874,2026-01-29,6,LOWER,["hinge", "lunge"],70,,,,,,"(Lowering himself slightly, a thoughtful pause) “This session’s built to really target that strength and size you’re after – the pause squat and deficit deadlift will build a solid foundation, while the calf stretch and snatch balance will help sculpt and refine those muscles, creating a balanced approach to your goals.” (A gentle hinge, shifting his weight) “It’s a focused plan that’ll hit all the key areas, supporting both your power and your hypertrophy development.”",,,1,0,0,0,{}
7427,880,2026-01-30,7,RECOVERY,[],,,,,,,,,,1,0,0,0,{}
7429,880,2026-02-01,9,RECOVERY,[],,,,,,,,,,1,0,0,0,{}
7432,880,2026-02-04,12,RECOVERY,[],,,,,,,,,,1,0,0,0,{}
7434,880,2026-02-06,14,RECOVERY,[],,,,,,,,,,1,0,0,0,{}
7435,881,2026-02-07,1,UPPER,["horizontal_push", "horizontal_pull", "prefer_accessory"],,,,,,,,,,1,0,0,0,{}
7436,881,2026-02-08,2,RECOVERY,[],,,,,,,,,,1,0,0,0,{}
7437,881,2026-02-09,3,LOWER,["squat", "hinge"],,,,,,,,,,1,0,0,0,{}
7438,881,2026-02-10,4,UPPER,["vertical_push", "vertical_pull"],,,,,,,,,,1,0,0,0,{}
7439,881,2026-02-11,5,RECOVERY,[],,,,,,,,,,1,0,0,0,{}
7440,881,2026-02-12,6,LOWER,["hinge", "lunge"],,,,,,,,,,1,0,0,0,{}
7441,881,2026-02-13,7,RECOVERY,[],,,,,,,,,,1,0,0,0,{}
7442,881,2026-02-14,8,FULL_BODY,["lunge", "horizontal_push", "horizontal_pull"],,,,,,,,,,1,0,0,0,{}
7443,881,2026-02-15,9,RECOVERY,[],,,,,,,,,,1,0,0,0,{}
7444,881,2026-02-16,10,UPPER,["vertical_push", "vertical_pull"],,,,,,,,,,1,0,0,0,{}
7445,881,2026-02-17,11,LOWER,["squat", "hinge"],,,,,,,,,,1,0,0,0,{}
7446,881,2026-02-18,12,RECOVERY,[],,,,,,,,,,1,0,0,0,{}
5352,732,2026-03-21,4,UPPER,["vertical_push", "vertical_pull", "prefer_finisher"],,,,,,,,,,1,,,,
5353,732,2026-03-22,5,RECOVERY,[],,,,,,,,,,1,,,,
4511,645,2026-01-22,3,RECOVERY,[],10,,,,,,,,,1,,,,
5354,732,2026-03-23,6,LOWER,["hinge", "lunge", "prefer_accessory"],,,,,,,,,,1,,,,
5355,732,2026-03-24,7,RECOVERY,[],,,,,,,,,,1,,,,
5356,732,2026-03-25,8,CARDIO,["cardio", "endurance"],,,,,,,,,,1,,,,
4515,645,2026-01-26,7,RECOVERY,[],10,,,,,,,,,1,,,,
4516,646,2026-01-27,1,UPPER,["horizontal_push", "horizontal_pull", "prefer_finisher"],10,,,,,,,,,1,,,,
4517,646,2026-01-28,2,LOWER,["squat", "hinge", "prefer_finisher"],10,,,,,,,,,1,,,,
4518,646,2026-01-29,3,RECOVERY,[],10,,,,,,,,,1,,,,
4519,646,2026-01-30,4,FULL_BODY,["vertical_push", "vertical_pull", "lunge", "prefer_finisher"],10,,,,,,,,,1,,,,
4520,646,2026-01-31,5,UPPER,["horizontal_push", "horizontal_pull", "prefer_finisher"],10,,,,,,,,,1,,,,
4521,646,2026-02-01,6,LOWER,["hinge", "lunge", "prefer_accessory"],10,,,,,,,,,1,,,,
4522,646,2026-02-02,7,RECOVERY,[],10,,,,,,,,,1,,,,
4523,647,2026-02-03,1,UPPER,["horizontal_push", "horizontal_pull", "prefer_finisher"],10,,,,,,,,,1,,,,
4524,647,2026-02-04,2,LOWER,["squat", "hinge", "prefer_finisher"],10,,,,,,,,,1,,,,
4525,647,2026-02-05,3,RECOVERY,[],10,,,,,,,,,1,,,,
4526,647,2026-02-06,4,FULL_BODY,["vertical_push", "vertical_pull", "lunge", "prefer_finisher"],10,,,,,,,,,1,,,,
4527,647,2026-02-07,5,UPPER,["horizontal_push", "horizontal_pull", "prefer_finisher"],10,,,,,,,,,1,,,,
4528,647,2026-02-08,6,LOWER,["hinge", "lunge", "prefer_accessory"],10,,,,,,,,,1,,,,
4530,648,2026-02-10,1,UPPER,["horizontal_push", "horizontal_pull", "prefer_finisher"],10,,,,,,,,,1,,,,
4531,648,2026-02-11,2,LOWER,["squat", "hinge", "prefer_finisher"],10,,,,,,,,,1,,,,
4532,648,2026-02-12,3,RECOVERY,[],10,,,,,,,,,1,,,,
4533,648,2026-02-13,4,FULL_BODY,["vertical_push", "vertical_pull", "lunge", "prefer_finisher"],10,,,,,,,,,1,,,,
4534,648,2026-02-14,5,UPPER,["horizontal_push", "horizontal_pull", "prefer_finisher"],10,,,,,,,,,1,,,,
4535,648,2026-02-15,6,LOWER,["hinge", "lunge", "prefer_accessory"],10,,,,,,,,,1,,,,
5357,732,2026-03-26,9,RECOVERY,[],,,,,,,,,,1,,,,
5358,732,2026-03-27,10,CARDIO,["cardio", "endurance"],,,,,,,,,,1,,,,
7447,881,2026-02-19,13,UPPER,["horizontal_push", "horizontal_pull"],,,,,,,,,,1,0,0,0,{}
7448,881,2026-02-20,14,RECOVERY,[],,,,,,,,,,1,0,0,0,{}
7449,882,2026-02-21,1,UPPER,["horizontal_push", "horizontal_pull", "prefer_accessory"],,,,,,,,,,1,0,0,0,{}
7450,882,2026-02-22,2,RECOVERY,[],,,,,,,,,,1,0,0,0,{}
7451,882,2026-02-23,3,LOWER,["squat", "hinge"],,,,,,,,,,1,0,0,0,{}
7452,882,2026-02-24,4,UPPER,["vertical_push", "vertical_pull"],,,,,,,,,,1,0,0,0,{}
7453,882,2026-02-25,5,RECOVERY,[],,,,,,,,,,1,0,0,0,{}
7454,882,2026-02-26,6,LOWER,["hinge", "lunge"],,,,,,,,,,1,0,0,0,{}
7455,882,2026-02-27,7,RECOVERY,[],,,,,,,,,,1,0,0,0,{}
7456,882,2026-02-28,8,FULL_BODY,["lunge", "horizontal_push", "horizontal_pull"],,,,,,,,,,1,0,0,0,{}
7457,882,2026-03-01,9,RECOVERY,[],,,,,,,,,,1,0,0,0,{}
7458,882,2026-03-02,10,UPPER,["vertical_push", "vertical_pull"],,,,,,,,,,1,0,0,0,{}
7459,882,2026-03-03,11,LOWER,["squat", "hinge"],,,,,,,,,,1,0,0,0,{}
7460,882,2026-03-04,12,RECOVERY,[],,,,,,,,,,1,0,0,0,{}
7430,880,2026-02-02,10,UPPER,["vertical_push", "vertical_pull"],70,,,,,,"“Alright, let’s get you building a solid foundation – this session is laser-focused on developing that upper body strength and the kind of muscle definition you’re after, particularly targeting the chest and triceps with those incline push-ups and presses, while simultaneously reinforcing that crucial thoracic spine stability for overall power and posture.” **(Pattern: vertical_push, vertical_pull)**",,,1,0,0,0,{}
6109,786,2026-03-24,5,RECOVERY,[],10,,,,,,,,,1,0,0,0,{}
7339,874,2026-01-26,3,LOWER,["squat", "hinge"],70,,,,,,"“Alright, let’s get you moving – this session is built to really build a solid foundation of strength and power, focusing on those key hinge and squat movements you’re after, while layering in some hypertrophy work with those accessory exercises. We’re going to build a robust base for your broad jumps and cleans, and really target those muscles for that 5/5 strength and size split.”",,,1,0,0,0,{}
7347,874,2026-02-03,11,LOWER,["squat", "hinge"],70,,,,,,"“Alright, this session is built to really target those quads and build a solid foundation for your strength and size goals – we’re focusing on movements like the Romanian Deadlift and quad stretches to build that lower body power, while the easy cardio and kettlebell swings will help with overall conditioning and recovery.”",,,1,0,0,0,{}
7424,880,2026-01-27,4,UPPER,["vertical_push", "vertical_pull"],70,,,,,,"“Alright, let’s get you moving towards those Muscle-Ups and a stronger, more sculpted physique – this session directly addresses your goals of both strength and hypertrophy, focusing on the movements we’ve been working on like the Doorway Stretch and One-Arm Kettlebell Press, while building a solid foundation for those impressive lifts.” **(Pattern: vertical_push, vertical_pull)**",,,1,0,0,0,{}
7428,880,2026-01-31,8,FULL_BODY,["lunge", "horizontal_push", "horizontal_pull"],70,,,,,,"“Alright, let’s get you moving towards those strength and hypertrophy goals with this full-body session – we’re really focusing on building a solid foundation with those high-rep pushes and lunges, while incorporating some targeted pulls and accessory work to really sculpt and shape your physique. This combination of movements, with a strong emphasis on pushing and pulling, will absolutely help you build both power and definition, exactly what we’re aiming for.”",,,1,0,0,0,{}
7433,880,2026-02-05,13,UPPER,["horizontal_push", "horizontal_pull"],70,,,,,,"“Alright, let’s get you building a solid foundation – this program focuses on maximizing your chest and back strength and size with the core lifts like the bench press and rows, while incorporating some strategic accessory work to really sculpt those muscles and drive that hypertrophy you’re after.” We’re going to build a robust, balanced approach that’ll give you the power and the shape you’re aiming for, step-by-step. **(Patterns: horizontal_push, horizontal_pull)**",,,1,0,0,0,{}
7505,886,2026-01-24,1,UPPER,["horizontal_push", "horizontal_pull", "prefer_accessory"],70,,,,,,"“Alright, let’s get you building a solid foundation – this session directly addresses your goals of strength and hypertrophy by focusing on controlled movements like the Front Lever and incline press, while also incorporating targeted work for your arms with the curls and rows. We’re building a balanced physique with a focus on both power and shape, and these exercises will absolutely help you get there.”",,,1,0,0,0,{}
7510,886,2026-01-29,6,LOWER,["hinge", "lunge"],70,,,,,,"(Lowering himself slightly, a thoughtful pause) “This session’s built to really drive that strength and muscle growth you’re after – the pause squat and deficit deadlift will be fantastic for building power, while the calf stretch and snatch balance will help sculpt and define those key areas. Let’s get to work, focusing on controlled movements and feeling the burn.”",,,1,0,0,0,{}
7591,892,2026-01-26,3,LOWER,["squat", "hinge"],70,,,,,,"“Alright, let’s get you moving – this session is built to really build a solid foundation for your strength and size goals, focusing on those powerful hinge and squat movements we need to drive growth while sharpening your jumping and lifting power.” We’re layering in those key lifts like the Tall Clean and Cable Deadlifts with targeted accessory work to ensure you’re building a robust and balanced physique.",,,1,0,0,0,{}
5359,732,2026-03-28,11,CUSTOM,["conditioning"],,,,,,,,,,1,,,,
5360,732,2026-03-29,12,RECOVERY,[],,,,,,,,,,1,,,,
7463,883,2026-03-07,1,UPPER,["horizontal_push", "horizontal_pull", "prefer_accessory"],,,,,,,,,,1,0,0,0,{}
7464,883,2026-03-08,2,RECOVERY,[],,,,,,,,,,1,0,0,0,{}
7465,883,2026-03-09,3,LOWER,["squat", "hinge"],,,,,,,,,,1,0,0,0,{}
7567,890,2026-03-27,7,RECOVERY,[],,,,,,,,,,1,0,0,0,{}
7340,874,2026-01-27,4,UPPER,["vertical_push", "vertical_pull"],70,,,,,,"Alright, let’s get you moving towards those Muscle-Ups and a stronger, more sculpted physique – this session is built to directly address your goals of strength and hypertrophy, focusing on those key movements like the Muscle-Up, Doorway Stretch, and One-Arm Kettlebell Press while supporting your overall development with targeted accessory work. We’re layering in the necessary volume and intensity to build that power and definition you’re after.",,,1,0,0,0,{}
7344,874,2026-01-31,8,FULL_BODY,["lunge", "horizontal_push", "horizontal_pull"],70,,,,,,"“Alright, let’s get you moving towards those strength and size goals with this full-body session – we’re really focusing on building a solid foundation with those high-rep pushes and lunges, while incorporating some targeted pulls and accessory work to really sculpt and shape your physique. This program’s designed to stimulate growth and boost your power, perfectly aligning with what you’re aiming for!”",,,1,0,0,0,{}
7349,874,2026-02-05,13,UPPER,["horizontal_push", "horizontal_pull"],70,,,,,,"“Alright, let’s get you building a solid foundation – this program focuses on maximizing your chest and back strength and size with the core lifts like the bench press and rows, while incorporating some strategic accessory work to really sculpt those muscles and drive that hypertrophy you’re after.” We’re going to build a powerful, balanced approach that’ll get you feeling stronger and seeing noticeable growth, step-by-step. **(Patterns: horizontal_push, horizontal_pull)**",,,1,0,0,0,{}
7421,880,2026-01-24,1,UPPER,["horizontal_push", "horizontal_pull", "prefer_accessory"],70,,,,,,"“Alright, let’s get you building a solid foundation – this session directly addresses your goals of strength and hypertrophy by focusing on controlled movements like the Front Lever and incline press, while incorporating plenty of volume to stimulate growth across your upper body.” We’re layering in accessory work to really refine your physique and ensure balanced development, so let’s get to work!",,,1,0,0,0,{}
7426,880,2026-01-29,6,LOWER,["hinge", "lunge"],70,,,,,,"(Lowering himself slightly, a thoughtful pause) “This session’s built to really target the lower body – we’re hitting that calf strength and building a solid foundation with the squat, while the deficit deadlift and snatch balance will absolutely stimulate hypertrophy where you need it most. It’s a focused approach to building both power and muscle, perfectly aligned with your goals.”",,,1,0,0,0,{}
7513,886,2026-02-01,9,RECOVERY,[],,,,,,,,,,1,0,0,0,{}
7516,886,2026-02-04,12,RECOVERY,[],,,,,,,,,,1,0,0,0,{}
7518,886,2026-02-06,14,RECOVERY,[],,,,,,,,,,1,0,0,0,{}
7519,887,2026-02-07,1,UPPER,["horizontal_push", "horizontal_pull", "prefer_accessory"],,,,,,,,,,1,0,0,0,{}
7520,887,2026-02-08,2,RECOVERY,[],,,,,,,,,,1,0,0,0,{}
7521,887,2026-02-09,3,LOWER,["squat", "hinge"],,,,,,,,,,1,0,0,0,{}
7522,887,2026-02-10,4,UPPER,["vertical_push", "vertical_pull"],,,,,,,,,,1,0,0,0,{}
7523,887,2026-02-11,5,RECOVERY,[],,,,,,,,,,1,0,0,0,{}
7524,887,2026-02-12,6,LOWER,["hinge", "lunge"],,,,,,,,,,1,0,0,0,{}
7525,887,2026-02-13,7,RECOVERY,[],,,,,,,,,,1,0,0,0,{}
7526,887,2026-02-14,8,FULL_BODY,["lunge", "horizontal_push", "horizontal_pull"],,,,,,,,,,1,0,0,0,{}
7527,887,2026-02-15,9,RECOVERY,[],,,,,,,,,,1,0,0,0,{}
7528,887,2026-02-16,10,UPPER,["vertical_push", "vertical_pull"],,,,,,,,,,1,0,0,0,{}
7529,887,2026-02-17,11,LOWER,["squat", "hinge"],,,,,,,,,,1,0,0,0,{}
7530,887,2026-02-18,12,RECOVERY,[],,,,,,,,,,1,0,0,0,{}
7531,887,2026-02-19,13,UPPER,["horizontal_push", "horizontal_pull"],,,,,,,,,,1,0,0,0,{}
7532,887,2026-02-20,14,RECOVERY,[],,,,,,,,,,1,0,0,0,{}
7533,888,2026-02-21,1,UPPER,["horizontal_push", "horizontal_pull", "prefer_accessory"],,,,,,,,,,1,0,0,0,{}
7534,888,2026-02-22,2,RECOVERY,[],,,,,,,,,,1,0,0,0,{}
7535,888,2026-02-23,3,LOWER,["squat", "hinge"],,,,,,,,,,1,0,0,0,{}
7536,888,2026-02-24,4,UPPER,["vertical_push", "vertical_pull"],,,,,,,,,,1,0,0,0,{}
7537,888,2026-02-25,5,RECOVERY,[],,,,,,,,,,1,0,0,0,{}
7538,888,2026-02-26,6,LOWER,["hinge", "lunge"],,,,,,,,,,1,0,0,0,{}
7539,888,2026-02-27,7,RECOVERY,[],,,,,,,,,,1,0,0,0,{}
7540,888,2026-02-28,8,FULL_BODY,["lunge", "horizontal_push", "horizontal_pull"],,,,,,,,,,1,0,0,0,{}
7541,888,2026-03-01,9,RECOVERY,[],,,,,,,,,,1,0,0,0,{}
7542,888,2026-03-02,10,UPPER,["vertical_push", "vertical_pull"],,,,,,,,,,1,0,0,0,{}
5361,732,2026-03-30,13,CUSTOM,["conditioning"],,,,,,,,,,1,,,,
5362,732,2026-03-31,14,RECOVERY,[],,,,,,,,,,1,,,,
7543,888,2026-03-03,11,LOWER,["squat", "hinge"],,,,,,,,,,1,0,0,0,{}
7544,888,2026-03-04,12,RECOVERY,[],,,,,,,,,,1,0,0,0,{}
7545,888,2026-03-05,13,UPPER,["horizontal_push", "horizontal_pull"],,,,,,,,,,1,0,0,0,{}
7546,888,2026-03-06,14,RECOVERY,[],,,,,,,,,,1,0,0,0,{}
7547,889,2026-03-07,1,UPPER,["horizontal_push", "horizontal_pull", "prefer_accessory"],,,,,,,,,,1,0,0,0,{}
7548,889,2026-03-08,2,RECOVERY,[],,,,,,,,,,1,0,0,0,{}
7549,889,2026-03-09,3,LOWER,["squat", "hinge"],,,,,,,,,,1,0,0,0,{}
7550,889,2026-03-10,4,UPPER,["vertical_push", "vertical_pull"],,,,,,,,,,1,0,0,0,{}
7514,886,2026-02-02,10,UPPER,["vertical_push", "vertical_pull"],70,,,,,,Optimization-first session aligned to your goals and recovery.,,,1,0,0,0,{}
7515,886,2026-02-03,11,LOWER,["squat", "hinge"],70,,,,,,"“Alright, let’s get you moving towards those strength and size goals – this session is built around solid foundations with the squat and hinge movements, while the quad stretch and RDLs will really target those key areas for hypertrophy. We’ll finish with some easy cardio and a little foot-SMR to keep the recovery flowing, ensuring you’re building a strong, balanced physique.”",,,1,0,0,0,{}
7461,882,2026-03-05,13,UPPER,["horizontal_push", "horizontal_pull"],,,,,,,,,,1,0,0,0,{}
7462,882,2026-03-06,14,RECOVERY,[],,,,,,,,,,1,0,0,0,{}
7466,883,2026-03-10,4,UPPER,["vertical_push", "vertical_pull"],,,,,,,,,,1,0,0,0,{}
7467,883,2026-03-11,5,RECOVERY,[],,,,,,,,,,1,0,0,0,{}
7468,883,2026-03-12,6,LOWER,["hinge", "lunge"],,,,,,,,,,1,0,0,0,{}
7469,883,2026-03-13,7,RECOVERY,[],,,,,,,,,,1,0,0,0,{}
7470,883,2026-03-14,8,FULL_BODY,["lunge", "horizontal_push", "horizontal_pull"],,,,,,,,,,1,0,0,0,{}
7471,883,2026-03-15,9,RECOVERY,[],,,,,,,,,,1,0,0,0,{}
7472,883,2026-03-16,10,UPPER,["vertical_push", "vertical_pull"],,,,,,,,,,1,0,0,0,{}
7473,883,2026-03-17,11,LOWER,["squat", "hinge"],,,,,,,,,,1,0,0,0,{}
7474,883,2026-03-18,12,RECOVERY,[],,,,,,,,,,1,0,0,0,{}
7475,883,2026-03-19,13,UPPER,["horizontal_push", "horizontal_pull"],,,,,,,,,,1,0,0,0,{}
7476,883,2026-03-20,14,RECOVERY,[],,,,,,,,,,1,0,0,0,{}
3557,509,2026-03-17,1,UPPER,["horizontal_push", "horizontal_pull"],10,,,,,,,,,1,,,,
3558,509,2026-03-18,2,LOWER,["squat", "hinge"],10,,,,,,,,,1,,,,
3559,509,2026-03-19,3,RECOVERY,[],10,,,,,,,,,1,,,,
7477,884,2026-03-21,1,UPPER,["horizontal_push", "horizontal_pull", "prefer_accessory"],,,,,,,,,,1,0,0,0,{}
7478,884,2026-03-22,2,RECOVERY,[],,,,,,,,,,1,0,0,0,{}
7479,884,2026-03-23,3,LOWER,["squat", "hinge"],,,,,,,,,,1,0,0,0,{}
7480,884,2026-03-24,4,UPPER,["vertical_push", "vertical_pull"],,,,,,,,,,1,0,0,0,{}
7481,884,2026-03-25,5,RECOVERY,[],,,,,,,,,,1,0,0,0,{}
7482,884,2026-03-26,6,LOWER,["hinge", "lunge"],,,,,,,,,,1,0,0,0,{}
7483,884,2026-03-27,7,RECOVERY,[],,,,,,,,,,1,0,0,0,{}
7484,884,2026-03-28,8,FULL_BODY,["lunge", "horizontal_push", "horizontal_pull"],,,,,,,,,,1,0,0,0,{}
7485,884,2026-03-29,9,RECOVERY,[],,,,,,,,,,1,0,0,0,{}
7486,884,2026-03-30,10,UPPER,["vertical_push", "vertical_pull"],,,,,,,,,,1,0,0,0,{}
7487,884,2026-03-31,11,LOWER,["squat", "hinge"],,,,,,,,,,1,0,0,0,{}
7488,884,2026-04-01,12,RECOVERY,[],,,,,,,,,,1,0,0,0,{}
7489,884,2026-04-02,13,UPPER,["horizontal_push", "horizontal_pull"],,,,,,,,,,1,0,0,0,{}
7490,884,2026-04-03,14,RECOVERY,[],,,,,,,,,,1,0,0,0,{}
7491,885,2026-04-04,1,UPPER,["horizontal_push", "horizontal_pull", "prefer_accessory"],,,,,,,,,,1,0,0,0,{}
7492,885,2026-04-05,2,RECOVERY,[],,,,,,,,,,1,0,0,0,{}
7493,885,2026-04-06,3,LOWER,["squat", "hinge"],,,,,,,,,,1,0,0,0,{}
7494,885,2026-04-07,4,UPPER,["vertical_push", "vertical_pull"],,,,,,,,,,1,0,0,0,{}
4536,648,2026-02-16,7,RECOVERY,[],10,,,,,,,,,1,,,,
4537,649,2026-02-17,1,UPPER,["horizontal_push", "horizontal_pull", "prefer_finisher"],10,,,,,,,,,1,,,,
4538,649,2026-02-18,2,LOWER,["squat", "hinge", "prefer_finisher"],10,,,,,,,,,1,,,,
4539,649,2026-02-19,3,RECOVERY,[],10,,,,,,,,,1,,,,
4540,649,2026-02-20,4,FULL_BODY,["vertical_push", "vertical_pull", "lunge", "prefer_finisher"],10,,,,,,,,,1,,,,
4541,649,2026-02-21,5,UPPER,["horizontal_push", "horizontal_pull", "prefer_finisher"],10,,,,,,,,,1,,,,
4542,649,2026-02-22,6,LOWER,["hinge", "lunge", "prefer_accessory"],10,,,,,,,,,1,,,,
4543,649,2026-02-23,7,RECOVERY,[],10,,,,,,,,,1,,,,
3501,501,2026-01-20,1,UPPER,["horizontal_push", "horizontal_pull"],70,,,,,,"Optimization Engine generated session. Status: OPTIMAL. Stimulus: 3.85, Fatigue: 2.70",,,1,,,,
3502,501,2026-01-21,2,LOWER,["squat", "hinge"],70,,,,,,"Optimization Engine generated session. Status: OPTIMAL. Stimulus: 4.50, Fatigue: 3.80",,,1,,,,
4544,650,2026-02-24,1,UPPER,["horizontal_push", "horizontal_pull", "prefer_finisher"],10,,,,,,,,,1,,,,
4545,650,2026-02-25,2,LOWER,["squat", "hinge", "prefer_finisher"],10,,,,,,,,,1,,,,
4546,650,2026-02-26,3,RECOVERY,[],10,,,,,,,,,1,,,,
4547,650,2026-02-27,4,FULL_BODY,["vertical_push", "vertical_pull", "lunge", "prefer_finisher"],10,,,,,,,,,1,,,,
4548,650,2026-02-28,5,UPPER,["horizontal_push", "horizontal_pull", "prefer_finisher"],10,,,,,,,,,1,,,,
4549,650,2026-03-01,6,LOWER,["hinge", "lunge", "prefer_accessory"],10,,,,,,,,,1,,,,
4550,650,2026-03-02,7,RECOVERY,[],10,,,,,,,,,1,,,,
4551,651,2026-03-03,1,UPPER,["horizontal_push", "horizontal_pull", "prefer_finisher"],10,,,,,,,,,1,,,,
4552,651,2026-03-04,2,LOWER,["squat", "hinge", "prefer_finisher"],10,,,,,,,,,1,,,,
4553,651,2026-03-05,3,RECOVERY,[],10,,,,,,,,,1,,,,
4554,651,2026-03-06,4,FULL_BODY,["vertical_push", "vertical_pull", "lunge", "prefer_finisher"],10,,,,,,,,,1,,,,
4555,651,2026-03-07,5,UPPER,["horizontal_push", "horizontal_pull", "prefer_finisher"],10,,,,,,,,,1,,,,
4556,651,2026-03-08,6,LOWER,["hinge", "lunge", "prefer_accessory"],10,,,,,,,,,1,,,,
4557,651,2026-03-09,7,RECOVERY,[],10,,,,,,,,,1,,,,
4558,652,2026-03-10,1,UPPER,["horizontal_push", "horizontal_pull", "prefer_finisher"],10,,,,,,,,,1,,,,
4559,652,2026-03-11,2,LOWER,["squat", "hinge", "prefer_finisher"],10,,,,,,,,,1,,,,
3504,501,2026-01-23,4,UPPER,["vertical_push", "vertical_pull"],70,,,,,,"Optimization Engine generated session. Status: OPTIMAL. Stimulus: 4.30, Fatigue: 3.40",,,1,,,,
3505,501,2026-01-24,5,LOWER,["squat", "hinge"],70,,,,,,"Optimization Engine generated session. Status: OPTIMAL. Stimulus: 4.30, Fatigue: 3.60",,,1,,,,
4560,652,2026-03-12,3,RECOVERY,[],10,,,,,,,,,1,,,,
4561,652,2026-03-13,4,FULL_BODY,["vertical_push", "vertical_pull", "lunge", "prefer_finisher"],10,,,,,,,,,1,,,,
4562,652,2026-03-14,5,UPPER,["horizontal_push", "horizontal_pull", "prefer_finisher"],10,,,,,,,,,1,,,,
4587,656,2026-04-08,2,LOWER,["squat", "hinge", "prefer_finisher"],10,,,,,,,,,1,,,,
4588,656,2026-04-09,3,RECOVERY,[],10,,,,,,,,,1,,,,
4589,656,2026-04-10,4,FULL_BODY,["vertical_push", "vertical_pull", "lunge", "prefer_finisher"],10,,,,,,,,,1,,,,
4590,656,2026-04-11,5,UPPER,["horizontal_push", "horizontal_pull", "prefer_finisher"],10,,,,,,,,,1,,,,
4591,656,2026-04-12,6,LOWER,["hinge", "lunge", "prefer_accessory"],10,,,,,,,,,1,,,,
4592,656,2026-04-13,7,RECOVERY,[],10,,,,,,,,,1,,,,
7495,885,2026-04-08,5,RECOVERY,[],,,,,,,,,,1,0,0,0,{}
7496,885,2026-04-09,6,LOWER,["hinge", "lunge"],,,,,,,,,,1,0,0,0,{}
7497,885,2026-04-10,7,RECOVERY,[],,,,,,,,,,1,0,0,0,{}
7498,885,2026-04-11,8,FULL_BODY,["lunge", "horizontal_push", "horizontal_pull"],,,,,,,,,,1,0,0,0,{}
7499,885,2026-04-12,9,RECOVERY,[],,,,,,,,,,1,0,0,0,{}
7500,885,2026-04-13,10,UPPER,["vertical_push", "vertical_pull"],,,,,,,,,,1,0,0,0,{}
7501,885,2026-04-14,11,LOWER,["squat", "hinge"],,,,,,,,,,1,0,0,0,{}
7502,885,2026-04-15,12,RECOVERY,[],,,,,,,,,,1,0,0,0,{}
5363,733,2026-04-01,1,UPPER,["horizontal_push", "horizontal_pull", "prefer_finisher"],,,,,,,,,,1,,,,
5364,733,2026-04-02,2,RECOVERY,[],,,,,,,,,,1,,,,
5365,733,2026-04-03,3,LOWER,["squat", "hinge", "prefer_finisher"],,,,,,,,,,1,,,,
5366,733,2026-04-04,4,UPPER,["vertical_push", "vertical_pull", "prefer_finisher"],,,,,,,,,,1,,,,
5367,733,2026-04-05,5,RECOVERY,[],,,,,,,,,,1,,,,
5368,733,2026-04-06,6,LOWER,["hinge", "lunge", "prefer_accessory"],,,,,,,,,,1,,,,
5369,733,2026-04-07,7,RECOVERY,[],,,,,,,,,,1,,,,
5370,733,2026-04-08,8,CARDIO,["cardio", "endurance"],,,,,,,,,,1,,,,
5371,733,2026-04-09,9,RECOVERY,[],,,,,,,,,,1,,,,
5372,733,2026-04-10,10,CARDIO,["cardio", "endurance"],,,,,,,,,,1,,,,
5373,733,2026-04-11,11,CUSTOM,["conditioning"],,,,,,,,,,1,,,,
5374,733,2026-04-12,12,RECOVERY,[],,,,,,,,,,1,,,,
5375,733,2026-04-13,13,CUSTOM,["conditioning"],,,,,,,,,,1,,,,
5376,733,2026-04-14,14,RECOVERY,[],,,,,,,,,,1,,,,
5606,750,2026-01-28,6,LOWER,["hinge", "lunge", "prefer_accessory"],70,5,0,0,0,5,Optimization-first session aligned to your goals and recovery.,,,1,0,0,0,{}
5611,750,2026-02-02,11,CUSTOM,["conditioning"],60,5,0,0,0,5,Optimization-first session aligned to your goals and recovery.,,,1,0,0,0,{}
5293,728,2026-01-21,1,UPPER,["horizontal_push", "horizontal_pull", "prefer_finisher"],70,,,,,,Optimization-first session aligned to your goals and recovery.,,,1,,,,
5605,750,2026-01-27,5,RECOVERY,[],10,5,0,0,0,5,,,,1,0,0,0,{}
5607,750,2026-01-29,7,RECOVERY,[],10,5,0,0,0,5,,,,1,0,0,0,{}
5609,750,2026-01-31,9,RECOVERY,[],10,5,0,0,0,5,,,,1,0,0,0,{}
5612,750,2026-02-03,12,RECOVERY,[],10,5,0,0,0,5,,,,1,0,0,0,{}
7503,885,2026-04-16,13,UPPER,["horizontal_push", "horizontal_pull"],,,,,,,,,,1,0,0,0,{}
7504,885,2026-04-17,14,RECOVERY,[],,,,,,,,,,1,0,0,0,{}
7423,880,2026-01-26,3,LOWER,["squat", "hinge"],70,,,,,,"“Alright, let’s get you moving – this session is built to really build a solid foundation of strength and power, focusing on those key hinge and squat movements you’re after, while layering in some hypertrophy work with those accessory exercises. We’re hitting those broad jumps and tall cleans with intention, and building a robust base for your deadlifts, all while keeping your ankles strong and ready for anything.”",,,1,0,0,0,{}
7431,880,2026-02-03,11,LOWER,["squat", "hinge"],70,,,,,,"“Alright, this session is perfectly tailored to build that strength and muscle you’re after – we’re focusing on solid movement patterns like squats and hinges with the RDL, while incorporating plenty of volume to boost hypertrophy. Plus, the quad stretch and foot-SMR will help keep you feeling good and moving efficiently as you progress.”",,,1,0,0,0,{}
7508,886,2026-01-27,4,UPPER,["vertical_push", "vertical_pull"],70,,,,,,"“Alright, let’s get you moving towards those Muscle-Ups and a stronger, more sculpted physique – this session is built to directly address your goals of strength and hypertrophy, focusing on those key movements like the Doorway Stretch and One-Arm Kettlebell Press while layering in some solid accessory work to really build that muscle mass.” **(Pattern: vertical_push, vertical_pull - This response utilizes a slightly elevated, authoritative tone, characteristic of Jerome's coaching style, and incorporates directional language to emphasize the movement focus.)**",,,1,0,0,0,{}
7512,886,2026-01-31,8,FULL_BODY,["lunge", "horizontal_push", "horizontal_pull"],70,,,,,,"“Alright, let’s get you moving towards those strength and hypertrophy goals with this full-body session – we’re really focusing on building a solid foundation with those high-rep pushes and lunges, while incorporating targeted pulls and accessory work to really sculpt and shape your physique. This program’s designed to stimulate growth and boost your power, perfectly aligning with what you’re aiming for.”",,,1,0,0,0,{}
7594,892,2026-01-29,6,LOWER,["hinge", "lunge"],70,,,,,,"(Lowering himself slightly, a thoughtful pause) “This session’s built to really drive that strength and muscle growth you’re after – the pause squat and deficit deadlift will hit those hypertrophy goals nicely, while the calf stretch and snatch balance work will support your overall stability and power development. Let’s get to work, focusing on controlled movement and feeling that muscle fire.”",,,1,0,0,0,{}
7598,892,2026-02-02,10,UPPER,["vertical_push", "vertical_pull"],70,,,,,,"“Alright, let’s get you building a solid foundation – this session is laser-focused on developing that upper body strength and the kind of muscle definition you’re after, particularly targeting your chest, triceps, and back with those incline push-ups and rows, while simultaneously reinforcing a strong, stable thoracic spine.” We’re building a robust base for growth, ensuring you’re not just getting bigger, but getting stronger and more functional too.",,,1,0,0,0,{}
7554,889,2026-03-14,8,FULL_BODY,["lunge", "horizontal_push", "horizontal_pull"],,,,,,,,,,1,0,0,0,{}
7555,889,2026-03-15,9,RECOVERY,[],,,,,,,,,,1,0,0,0,{}
7556,889,2026-03-16,10,UPPER,["vertical_push", "vertical_pull"],,,,,,,,,,1,0,0,0,{}
7557,889,2026-03-17,11,LOWER,["squat", "hinge"],,,,,,,,,,1,0,0,0,{}
7558,889,2026-03-18,12,RECOVERY,[],,,,,,,,,,1,0,0,0,{}
7559,889,2026-03-19,13,UPPER,["horizontal_push", "horizontal_pull"],,,,,,,,,,1,0,0,0,{}
7560,889,2026-03-20,14,RECOVERY,[],,,,,,,,,,1,0,0,0,{}
7561,890,2026-03-21,1,UPPER,["horizontal_push", "horizontal_pull", "prefer_accessory"],,,,,,,,,,1,0,0,0,{}
7562,890,2026-03-22,2,RECOVERY,[],,,,,,,,,,1,0,0,0,{}
7563,890,2026-03-23,3,LOWER,["squat", "hinge"],,,,,,,,,,1,0,0,0,{}
7564,890,2026-03-24,4,UPPER,["vertical_push", "vertical_pull"],,,,,,,,,,1,0,0,0,{}
7565,890,2026-03-25,5,RECOVERY,[],,,,,,,,,,1,0,0,0,{}
7566,890,2026-03-26,6,LOWER,["hinge", "lunge"],,,,,,,,,,1,0,0,0,{}
7568,890,2026-03-28,8,FULL_BODY,["lunge", "horizontal_push", "horizontal_pull"],,,,,,,,,,1,0,0,0,{}
4509,645,2026-01-20,1,UPPER,["horizontal_push", "horizontal_pull", "prefer_finisher"],70,,,,,,Optimization-first session aligned to your goals and recovery.,,,1,,,,
4510,645,2026-01-21,2,LOWER,["squat", "hinge", "prefer_finisher"],70,,,,,,Optimization-first session aligned to your goals and recovery.,,,1,,,,
4514,645,2026-01-25,6,LOWER,["hinge", "lunge", "prefer_accessory"],70,,,,,,Optimization-first session aligned to your goals and recovery.,,,1,,,,
7569,890,2026-03-29,9,RECOVERY,[],,,,,,,,,,1,0,0,0,{}
7570,890,2026-03-30,10,UPPER,["vertical_push", "vertical_pull"],,,,,,,,,,1,0,0,0,{}
7571,890,2026-03-31,11,LOWER,["squat", "hinge"],,,,,,,,,,1,0,0,0,{}
7572,890,2026-04-01,12,RECOVERY,[],,,,,,,,,,1,0,0,0,{}
7573,890,2026-04-02,13,UPPER,["horizontal_push", "horizontal_pull"],,,,,,,,,,1,0,0,0,{}
7574,890,2026-04-03,14,RECOVERY,[],,,,,,,,,,1,0,0,0,{}
7575,891,2026-04-04,1,UPPER,["horizontal_push", "horizontal_pull", "prefer_accessory"],,,,,,,,,,1,0,0,0,{}
7576,891,2026-04-05,2,RECOVERY,[],,,,,,,,,,1,0,0,0,{}
7577,891,2026-04-06,3,LOWER,["squat", "hinge"],,,,,,,,,,1,0,0,0,{}
7578,891,2026-04-07,4,UPPER,["vertical_push", "vertical_pull"],,,,,,,,,,1,0,0,0,{}
7579,891,2026-04-08,5,RECOVERY,[],,,,,,,,,,1,0,0,0,{}
7580,891,2026-04-09,6,LOWER,["hinge", "lunge"],,,,,,,,,,1,0,0,0,{}
7581,891,2026-04-10,7,RECOVERY,[],,,,,,,,,,1,0,0,0,{}
7582,891,2026-04-11,8,FULL_BODY,["lunge", "horizontal_push", "horizontal_pull"],,,,,,,,,,1,0,0,0,{}
7583,891,2026-04-12,9,RECOVERY,[],,,,,,,,,,1,0,0,0,{}
7584,891,2026-04-13,10,UPPER,["vertical_push", "vertical_pull"],,,,,,,,,,1,0,0,0,{}
7585,891,2026-04-14,11,LOWER,["squat", "hinge"],,,,,,,,,,1,0,0,0,{}
7586,891,2026-04-15,12,RECOVERY,[],,,,,,,,,,1,0,0,0,{}
7587,891,2026-04-16,13,UPPER,["horizontal_push", "horizontal_pull"],,,,,,,,,,1,0,0,0,{}
7588,891,2026-04-17,14,RECOVERY,[],,,,,,,,,,1,0,0,0,{}
7507,886,2026-01-26,3,LOWER,["squat", "hinge"],70,,,,,,"“Alright, let’s get you moving – this session is built to really drive that strength and hypertrophy you’re after, focusing on those powerful hinge and squat movements like the Tall Clean and Cable Deadlifts, while incorporating explosive work with the Broad Jump and building a solid foundation with the CARs. We’re layering in some accessory work to really target those key muscle groups and ensure we’re building a robust, well-rounded physique.”",,,1,0,0,0,{}
7590,892,2026-01-25,2,RECOVERY,[],,,,,,,,,,1,0,0,0,{}
7593,892,2026-01-28,5,RECOVERY,[],,,,,,,,,,1,0,0,0,{}
7595,892,2026-01-30,7,RECOVERY,[],,,,,,,,,,1,0,0,0,{}
7597,892,2026-02-01,9,RECOVERY,[],,,,,,,,,,1,0,0,0,{}
7600,892,2026-02-04,12,RECOVERY,[],,,,,,,,,,1,0,0,0,{}
7602,892,2026-02-06,14,RECOVERY,[],,,,,,,,,,1,0,0,0,{}
7603,893,2026-02-07,1,UPPER,["horizontal_push", "horizontal_pull", "prefer_accessory"],,,,,,,,,,1,0,0,0,{}
7604,893,2026-02-08,2,RECOVERY,[],,,,,,,,,,1,0,0,0,{}
7605,893,2026-02-09,3,LOWER,["squat", "hinge"],,,,,,,,,,1,0,0,0,{}
7606,893,2026-02-10,4,UPPER,["vertical_push", "vertical_pull"],,,,,,,,,,1,0,0,0,{}
7607,893,2026-02-11,5,RECOVERY,[],,,,,,,,,,1,0,0,0,{}
7608,893,2026-02-12,6,LOWER,["hinge", "lunge"],,,,,,,,,,1,0,0,0,{}
7609,893,2026-02-13,7,RECOVERY,[],,,,,,,,,,1,0,0,0,{}
7610,893,2026-02-14,8,FULL_BODY,["lunge", "horizontal_push", "horizontal_pull"],,,,,,,,,,1,0,0,0,{}
7611,893,2026-02-15,9,RECOVERY,[],,,,,,,,,,1,0,0,0,{}
7612,893,2026-02-16,10,UPPER,["vertical_push", "vertical_pull"],,,,,,,,,,1,0,0,0,{}
7613,893,2026-02-17,11,LOWER,["squat", "hinge"],,,,,,,,,,1,0,0,0,{}
7614,893,2026-02-18,12,RECOVERY,[],,,,,,,,,,1,0,0,0,{}
7592,892,2026-01-27,4,UPPER,["vertical_push", "vertical_pull"],70,,,,,,Optimization-first session aligned to your goals and recovery.,,,1,0,0,0,{}
7599,892,2026-02-03,11,LOWER,["squat", "hinge"],70,,,,,,"“Alright, this session is perfectly tailored to build that strength and muscle you’re after – we’re focusing on those key movements like squats and Romanian deadlifts to really stimulate growth, alongside some easy cardio to keep things flowing smoothly.” Let’s get to work on those quads and build a solid foundation for your recovery and progress.",,,1,0,0,0,{}
7615,893,2026-02-19,13,UPPER,["horizontal_push", "horizontal_pull"],,,,,,,,,,1,0,0,0,{}
7616,893,2026-02-20,14,RECOVERY,[],,,,,,,,,,1,0,0,0,{}
7617,894,2026-02-21,1,UPPER,["horizontal_push", "horizontal_pull", "prefer_accessory"],,,,,,,,,,1,0,0,0,{}
7618,894,2026-02-22,2,RECOVERY,[],,,,,,,,,,1,0,0,0,{}
7619,894,2026-02-23,3,LOWER,["squat", "hinge"],,,,,,,,,,1,0,0,0,{}
7620,894,2026-02-24,4,UPPER,["vertical_push", "vertical_pull"],,,,,,,,,,1,0,0,0,{}
5628,751,2026-02-19,14,RECOVERY,[],10,,,,,,,,,1,0,0,0,{}
7621,894,2026-02-25,5,RECOVERY,[],,,,,,,,,,1,0,0,0,{}
7622,894,2026-02-26,6,LOWER,["hinge", "lunge"],,,,,,,,,,1,0,0,0,{}
7623,894,2026-02-27,7,RECOVERY,[],,,,,,,,,,1,0,0,0,{}
7624,894,2026-02-28,8,FULL_BODY,["lunge", "horizontal_push", "horizontal_pull"],,,,,,,,,,1,0,0,0,{}
7625,894,2026-03-01,9,RECOVERY,[],,,,,,,,,,1,0,0,0,{}
7626,894,2026-03-02,10,UPPER,["vertical_push", "vertical_pull"],,,,,,,,,,1,0,0,0,{}
7627,894,2026-03-03,11,LOWER,["squat", "hinge"],,,,,,,,,,1,0,0,0,{}
7628,894,2026-03-04,12,RECOVERY,[],,,,,,,,,,1,0,0,0,{}
7629,894,2026-03-05,13,UPPER,["horizontal_push", "horizontal_pull"],,,,,,,,,,1,0,0,0,{}
7630,894,2026-03-06,14,RECOVERY,[],,,,,,,,,,1,0,0,0,{}
7631,895,2026-03-07,1,UPPER,["horizontal_push", "horizontal_pull", "prefer_accessory"],,,,,,,,,,1,0,0,0,{}
7632,895,2026-03-08,2,RECOVERY,[],,,,,,,,,,1,0,0,0,{}
7633,895,2026-03-09,3,LOWER,["squat", "hinge"],,,,,,,,,,1,0,0,0,{}
7634,895,2026-03-10,4,UPPER,["vertical_push", "vertical_pull"],,,,,,,,,,1,0,0,0,{}
7635,895,2026-03-11,5,RECOVERY,[],,,,,,,,,,1,0,0,0,{}
7636,895,2026-03-12,6,LOWER,["hinge", "lunge"],,,,,,,,,,1,0,0,0,{}
7637,895,2026-03-13,7,RECOVERY,[],,,,,,,,,,1,0,0,0,{}
7638,895,2026-03-14,8,FULL_BODY,["lunge", "horizontal_push", "horizontal_pull"],,,,,,,,,,1,0,0,0,{}
7639,895,2026-03-15,9,RECOVERY,[],,,,,,,,,,1,0,0,0,{}
7640,895,2026-03-16,10,UPPER,["vertical_push", "vertical_pull"],,,,,,,,,,1,0,0,0,{}
7641,895,2026-03-17,11,LOWER,["squat", "hinge"],,,,,,,,,,1,0,0,0,{}
7642,895,2026-03-18,12,RECOVERY,[],,,,,,,,,,1,0,0,0,{}
7643,895,2026-03-19,13,UPPER,["horizontal_push", "horizontal_pull"],,,,,,,,,,1,0,0,0,{}
7644,895,2026-03-20,14,RECOVERY,[],,,,,,,,,,1,0,0,0,{}
7645,896,2026-03-21,1,UPPER,["horizontal_push", "horizontal_pull", "prefer_accessory"],,,,,,,,,,1,0,0,0,{}
7646,896,2026-03-22,2,RECOVERY,[],,,,,,,,,,1,0,0,0,{}
7647,896,2026-03-23,3,LOWER,["squat", "hinge"],,,,,,,,,,1,0,0,0,{}
7648,896,2026-03-24,4,UPPER,["vertical_push", "vertical_pull"],,,,,,,,,,1,0,0,0,{}
7649,896,2026-03-25,5,RECOVERY,[],,,,,,,,,,1,0,0,0,{}
7650,896,2026-03-26,6,LOWER,["hinge", "lunge"],,,,,,,,,,1,0,0,0,{}
7651,896,2026-03-27,7,RECOVERY,[],,,,,,,,,,1,0,0,0,{}
7652,896,2026-03-28,8,FULL_BODY,["lunge", "horizontal_push", "horizontal_pull"],,,,,,,,,,1,0,0,0,{}
7653,896,2026-03-29,9,RECOVERY,[],,,,,,,,,,1,0,0,0,{}
7654,896,2026-03-30,10,UPPER,["vertical_push", "vertical_pull"],,,,,,,,,,1,0,0,0,{}
7655,896,2026-03-31,11,LOWER,["squat", "hinge"],,,,,,,,,,1,0,0,0,{}
7656,896,2026-04-01,12,RECOVERY,[],,,,,,,,,,1,0,0,0,{}
7657,896,2026-04-02,13,UPPER,["horizontal_push", "horizontal_pull"],,,,,,,,,,1,0,0,0,{}
7658,896,2026-04-03,14,RECOVERY,[],,,,,,,,,,1,0,0,0,{}
7659,897,2026-04-04,1,UPPER,["horizontal_push", "horizontal_pull", "prefer_accessory"],,,,,,,,,,1,0,0,0,{}
7660,897,2026-04-05,2,RECOVERY,[],,,,,,,,,,1,0,0,0,{}
7661,897,2026-04-06,3,LOWER,["squat", "hinge"],,,,,,,,,,1,0,0,0,{}
7662,897,2026-04-07,4,UPPER,["vertical_push", "vertical_pull"],,,,,,,,,,1,0,0,0,{}
7663,897,2026-04-08,5,RECOVERY,[],,,,,,,,,,1,0,0,0,{}
7664,897,2026-04-09,6,LOWER,["hinge", "lunge"],,,,,,,,,,1,0,0,0,{}
7665,897,2026-04-10,7,RECOVERY,[],,,,,,,,,,1,0,0,0,{}
7666,897,2026-04-11,8,FULL_BODY,["lunge", "horizontal_push", "horizontal_pull"],,,,,,,,,,1,0,0,0,{}
7667,897,2026-04-12,9,RECOVERY,[],,,,,,,,,,1,0,0,0,{}
7668,897,2026-04-13,10,UPPER,["vertical_push", "vertical_pull"],,,,,,,,,,1,0,0,0,{}
7669,897,2026-04-14,11,LOWER,["squat", "hinge"],,,,,,,,,,1,0,0,0,{}
7670,897,2026-04-15,12,RECOVERY,[],,,,,,,,,,1,0,0,0,{}
7671,897,2026-04-16,13,UPPER,["horizontal_push", "horizontal_pull"],,,,,,,,,,1,0,0,0,{}
7672,897,2026-04-17,14,RECOVERY,[],,,,,,,,,,1,0,0,0,{}
7589,892,2026-01-24,1,UPPER,["horizontal_push", "horizontal_pull", "prefer_accessory"],70,,,,,,Optimization-first session aligned to your goals and recovery.,,,1,0,0,0,{}
7517,886,2026-02-05,13,UPPER,["horizontal_push", "horizontal_pull"],70,,,,,,Optimization-first session aligned to your goals and recovery.,,,1,0,0,0,{}
7596,892,2026-01-31,8,FULL_BODY,["lunge", "horizontal_push", "horizontal_pull"],70,,,,,,"“Alright, let’s get you moving towards those strength and hypertrophy goals with this full-body session – we’re hitting a fantastic balance of explosive power with the lunges and push-ups, alongside targeted muscle growth through the PAILs and lateral raises, all while reinforcing good form and stability. This structured approach, focusing on pushing, pulling, and controlled movement, is precisely what we need to build a solid foundation for your recovery and continued progress.”",,,1,0,0,0,{}
7601,892,2026-02-05,13,UPPER,["horizontal_push", "horizontal_pull"],70,,,,,,"“Alright, let’s get you building a solid foundation – this program focuses on maximizing your chest and back strength and size with the core lifts like the bench press and rows, while incorporating some targeted accessory work to really sculpt those muscles and drive that hypertrophy you’re after.” We’re going to build a powerful, balanced approach that’ll get you feeling stronger and seeing noticeable growth, step-by-step. **(Patterns: horizontal_push, horizontal_pull)**",,,1,0,0,0,{}
3837,549,2026-01-20,1,UPPER,["horizontal_push", "horizontal_pull"],,,,,,,,,,1,,,,
3839,549,2026-01-22,3,RECOVERY,[],,,,,,,,,,1,,,,
3840,549,2026-01-23,4,FULL_BODY,["vertical_push", "vertical_pull", "lunge"],,,,,,,,,,1,,,,
3841,549,2026-01-24,5,UPPER,["horizontal_push", "horizontal_pull"],,,,,,,,,,1,,,,
3842,549,2026-01-25,6,LOWER,["hinge", "lunge"],,,,,,,,,,1,,,,
3843,549,2026-01-26,7,RECOVERY,[],,,,,,,,,,1,,,,
3844,550,2026-01-27,1,UPPER,["horizontal_push", "horizontal_pull"],,,,,,,,,,1,,,,
3845,550,2026-01-28,2,LOWER,["squat", "hinge"],,,,,,,,,,1,,,,
3846,550,2026-01-29,3,RECOVERY,[],,,,,,,,,,1,,,,
3847,550,2026-01-30,4,FULL_BODY,["vertical_push", "vertical_pull", "lunge"],,,,,,,,,,1,,,,
3848,550,2026-01-31,5,UPPER,["horizontal_push", "horizontal_pull"],,,,,,,,,,1,,,,
3849,550,2026-02-01,6,LOWER,["hinge", "lunge"],,,,,,,,,,1,,,,
3850,550,2026-02-02,7,RECOVERY,[],,,,,,,,,,1,,,,
3851,551,2026-02-03,1,UPPER,["horizontal_push", "horizontal_pull"],,,,,,,,,,1,,,,
3852,551,2026-02-04,2,LOWER,["squat", "hinge"],,,,,,,,,,1,,,,
3853,551,2026-02-05,3,RECOVERY,[],,,,,,,,,,1,,,,
3854,551,2026-02-06,4,FULL_BODY,["vertical_push", "vertical_pull", "lunge"],,,,,,,,,,1,,,,
3855,551,2026-02-07,5,UPPER,["horizontal_push", "horizontal_pull"],,,,,,,,,,1,,,,
3856,551,2026-02-08,6,LOWER,["hinge", "lunge"],,,,,,,,,,1,,,,
3857,551,2026-02-09,7,RECOVERY,[],,,,,,,,,,1,,,,
3858,552,2026-02-10,1,UPPER,["horizontal_push", "horizontal_pull"],,,,,,,,,,1,,,,
3859,552,2026-02-11,2,LOWER,["squat", "hinge"],,,,,,,,,,1,,,,
3860,552,2026-02-12,3,RECOVERY,[],,,,,,,,,,1,,,,
3861,552,2026-02-13,4,FULL_BODY,["vertical_push", "vertical_pull", "lunge"],,,,,,,,,,1,,,,
3862,552,2026-02-14,5,UPPER,["horizontal_push", "horizontal_pull"],,,,,,,,,,1,,,,
3863,552,2026-02-15,6,LOWER,["hinge", "lunge"],,,,,,,,,,1,,,,
3864,552,2026-02-16,7,RECOVERY,[],,,,,,,,,,1,,,,
3865,553,2026-02-17,1,UPPER,["horizontal_push", "horizontal_pull"],,,,,,,,,,1,,,,
3866,553,2026-02-18,2,LOWER,["squat", "hinge"],,,,,,,,,,1,,,,
3867,553,2026-02-19,3,RECOVERY,[],,,,,,,,,,1,,,,
3868,553,2026-02-20,4,FULL_BODY,["vertical_push", "vertical_pull", "lunge"],,,,,,,,,,1,,,,
3869,553,2026-02-21,5,UPPER,["horizontal_push", "horizontal_pull"],,,,,,,,,,1,,,,
3870,553,2026-02-22,6,LOWER,["hinge", "lunge"],,,,,,,,,,1,,,,
3871,553,2026-02-23,7,RECOVERY,[],,,,,,,,,,1,,,,
3872,554,2026-02-24,1,UPPER,["horizontal_push", "horizontal_pull"],,,,,,,,,,1,,,,
3873,554,2026-02-25,2,LOWER,["squat", "hinge"],,,,,,,,,,1,,,,
3874,554,2026-02-26,3,RECOVERY,[],,,,,,,,,,1,,,,
3875,554,2026-02-27,4,FULL_BODY,["vertical_push", "vertical_pull", "lunge"],,,,,,,,,,1,,,,
3876,554,2026-02-28,5,UPPER,["horizontal_push", "horizontal_pull"],,,,,,,,,,1,,,,
3877,554,2026-03-01,6,LOWER,["hinge", "lunge"],,,,,,,,,,1,,,,
3878,554,2026-03-02,7,RECOVERY,[],,,,,,,,,,1,,,,
3879,555,2026-03-03,1,UPPER,["horizontal_push", "horizontal_pull"],,,,,,,,,,1,,,,
3880,555,2026-03-04,2,LOWER,["squat", "hinge"],,,,,,,,,,1,,,,
3881,555,2026-03-05,3,RECOVERY,[],,,,,,,,,,1,,,,
3882,555,2026-03-06,4,FULL_BODY,["vertical_push", "vertical_pull", "lunge"],,,,,,,,,,1,,,,
3883,555,2026-03-07,5,UPPER,["horizontal_push", "horizontal_pull"],,,,,,,,,,1,,,,
3884,555,2026-03-08,6,LOWER,["hinge", "lunge"],,,,,,,,,,1,,,,
3885,555,2026-03-09,7,RECOVERY,[],,,,,,,,,,1,,,,
3886,556,2026-03-10,1,UPPER,["horizontal_push", "horizontal_pull"],,,,,,,,,,1,,,,
3887,556,2026-03-11,2,LOWER,["squat", "hinge"],,,,,,,,,,1,,,,
3888,556,2026-03-12,3,RECOVERY,[],,,,,,,,,,1,,,,
3889,556,2026-03-13,4,FULL_BODY,["vertical_push", "vertical_pull", "lunge"],,,,,,,,,,1,,,,
3890,556,2026-03-14,5,UPPER,["horizontal_push", "horizontal_pull"],,,,,,,,,,1,,,,
3891,556,2026-03-15,6,LOWER,["hinge", "lunge"],,,,,,,,,,1,,,,
3892,556,2026-03-16,7,RECOVERY,[],,,,,,,,,,1,,,,
3893,557,2026-03-17,1,UPPER,["horizontal_push", "horizontal_pull"],,,,,,,,,,1,,,,
3894,557,2026-03-18,2,LOWER,["squat", "hinge"],,,,,,,,,,1,,,,
3895,557,2026-03-19,3,RECOVERY,[],,,,,,,,,,1,,,,
3896,557,2026-03-20,4,FULL_BODY,["vertical_push", "vertical_pull", "lunge"],,,,,,,,,,1,,,,
3897,557,2026-03-21,5,UPPER,["horizontal_push", "horizontal_pull"],,,,,,,,,,1,,,,
3898,557,2026-03-22,6,LOWER,["hinge", "lunge"],,,,,,,,,,1,,,,
3899,557,2026-03-23,7,RECOVERY,[],,,,,,,,,,1,,,,
3900,558,2026-03-24,1,UPPER,["horizontal_push", "horizontal_pull"],,,,,,,,,,1,,,,
3903,558,2026-03-27,4,FULL_BODY,["vertical_push", "vertical_pull", "lunge"],,,,,,,,,,1,,,,
3904,558,2026-03-28,5,UPPER,["horizontal_push", "horizontal_pull"],,,,,,,,,,1,,,,
3906,558,2026-03-30,7,RECOVERY,[],,,,,,,,,,1,,,,
3907,559,2026-03-31,1,UPPER,["horizontal_push", "horizontal_pull"],,,,,,,,,,1,,,,
3908,559,2026-04-01,2,LOWER,["squat", "hinge"],,,,,,,,,,1,,,,
3909,559,2026-04-02,3,RECOVERY,[],,,,,,,,,,1,,,,
3910,559,2026-04-03,4,FULL_BODY,["vertical_push", "vertical_pull", "lunge"],,,,,,,,,,1,,,,
3911,559,2026-04-04,5,UPPER,["horizontal_push", "horizontal_pull"],,,,,,,,,,1,,,,
3912,559,2026-04-05,6,LOWER,["hinge", "lunge"],,,,,,,,,,1,,,,
3913,559,2026-04-06,7,RECOVERY,[],,,,,,,,,,1,,,,
3914,560,2026-04-07,1,UPPER,["horizontal_push", "horizontal_pull"],,,,,,,,,,1,,,,
3915,560,2026-04-08,2,LOWER,["squat", "hinge"],,,,,,,,,,1,,,,
3916,560,2026-04-09,3,RECOVERY,[],,,,,,,,,,1,,,,
3917,560,2026-04-10,4,FULL_BODY,["vertical_push", "vertical_pull", "lunge"],,,,,,,,,,1,,,,
3918,560,2026-04-11,5,UPPER,["horizontal_push", "horizontal_pull"],,,,,,,,,,1,,,,
3919,560,2026-04-12,6,LOWER,["hinge", "lunge"],,,,,,,,,,1,,,,
3920,560,2026-04-13,7,RECOVERY,[],,,,,,,,,,1,,,,
4512,645,2026-01-23,4,FULL_BODY,["vertical_push", "vertical_pull", "lunge", "prefer_finisher"],70,,,,,,Optimization-first session aligned to your goals and recovery.,,,1,,,,
4513,645,2026-01-24,5,UPPER,["horizontal_push", "horizontal_pull", "prefer_finisher"],70,,,,,,Optimization-first session aligned to your goals and recovery.,,,1,,,,
7674,898,2026-01-25,2,RECOVERY,[],,,,,,,,,,1,0,0,0,{}
7677,898,2026-01-28,5,RECOVERY,[],,,,,,,,,,1,0,0,0,{}
7679,898,2026-01-30,7,RECOVERY,[],,,,,,,,,,1,0,0,0,{}
7681,898,2026-02-01,9,RECOVERY,[],,,,,,,,,,1,0,0,0,{}
7684,898,2026-02-04,12,RECOVERY,[],,,,,,,,,,1,0,0,0,{}
7686,898,2026-02-06,14,RECOVERY,[],,,,,,,,,,1,0,0,0,{}
7687,899,2026-02-07,1,UPPER,["horizontal_push", "horizontal_pull", "prefer_accessory"],,,,,,,,,,1,0,0,0,{}
7688,899,2026-02-08,2,RECOVERY,[],,,,,,,,,,1,0,0,0,{}
7689,899,2026-02-09,3,LOWER,["squat", "hinge"],,,,,,,,,,1,0,0,0,{}
7690,899,2026-02-10,4,UPPER,["vertical_push", "vertical_pull"],,,,,,,,,,1,0,0,0,{}
7691,899,2026-02-11,5,RECOVERY,[],,,,,,,,,,1,0,0,0,{}
7692,899,2026-02-12,6,LOWER,["hinge", "lunge"],,,,,,,,,,1,0,0,0,{}
7693,899,2026-02-13,7,RECOVERY,[],,,,,,,,,,1,0,0,0,{}
7694,899,2026-02-14,8,FULL_BODY,["lunge", "horizontal_push", "horizontal_pull"],,,,,,,,,,1,0,0,0,{}
7695,899,2026-02-15,9,RECOVERY,[],,,,,,,,,,1,0,0,0,{}
7696,899,2026-02-16,10,UPPER,["vertical_push", "vertical_pull"],,,,,,,,,,1,0,0,0,{}
7697,899,2026-02-17,11,LOWER,["squat", "hinge"],,,,,,,,,,1,0,0,0,{}
7698,899,2026-02-18,12,RECOVERY,[],,,,,,,,,,1,0,0,0,{}
7699,899,2026-02-19,13,UPPER,["horizontal_push", "horizontal_pull"],,,,,,,,,,1,0,0,0,{}
7700,899,2026-02-20,14,RECOVERY,[],,,,,,,,,,1,0,0,0,{}
7701,900,2026-02-21,1,UPPER,["horizontal_push", "horizontal_pull", "prefer_accessory"],,,,,,,,,,1,0,0,0,{}
7702,900,2026-02-22,2,RECOVERY,[],,,,,,,,,,1,0,0,0,{}
7703,900,2026-02-23,3,LOWER,["squat", "hinge"],,,,,,,,,,1,0,0,0,{}
7704,900,2026-02-24,4,UPPER,["vertical_push", "vertical_pull"],,,,,,,,,,1,0,0,0,{}
7705,900,2026-02-25,5,RECOVERY,[],,,,,,,,,,1,0,0,0,{}
7706,900,2026-02-26,6,LOWER,["hinge", "lunge"],,,,,,,,,,1,0,0,0,{}
7707,900,2026-02-27,7,RECOVERY,[],,,,,,,,,,1,0,0,0,{}
7708,900,2026-02-28,8,FULL_BODY,["lunge", "horizontal_push", "horizontal_pull"],,,,,,,,,,1,0,0,0,{}
7709,900,2026-03-01,9,RECOVERY,[],,,,,,,,,,1,0,0,0,{}
7710,900,2026-03-02,10,UPPER,["vertical_push", "vertical_pull"],,,,,,,,,,1,0,0,0,{}
7711,900,2026-03-03,11,LOWER,["squat", "hinge"],,,,,,,,,,1,0,0,0,{}
7712,900,2026-03-04,12,RECOVERY,[],,,,,,,,,,1,0,0,0,{}
7713,900,2026-03-05,13,UPPER,["horizontal_push", "horizontal_pull"],,,,,,,,,,1,0,0,0,{}
7714,900,2026-03-06,14,RECOVERY,[],,,,,,,,,,1,0,0,0,{}
7715,901,2026-03-07,1,UPPER,["horizontal_push", "horizontal_pull", "prefer_accessory"],,,,,,,,,,1,0,0,0,{}
7716,901,2026-03-08,2,RECOVERY,[],,,,,,,,,,1,0,0,0,{}
7717,901,2026-03-09,3,LOWER,["squat", "hinge"],,,,,,,,,,1,0,0,0,{}
7718,901,2026-03-10,4,UPPER,["vertical_push", "vertical_pull"],,,,,,,,,,1,0,0,0,{}
7719,901,2026-03-11,5,RECOVERY,[],,,,,,,,,,1,0,0,0,{}
7720,901,2026-03-12,6,LOWER,["hinge", "lunge"],,,,,,,,,,1,0,0,0,{}
7721,901,2026-03-13,7,RECOVERY,[],,,,,,,,,,1,0,0,0,{}
7722,901,2026-03-14,8,FULL_BODY,["lunge", "horizontal_push", "horizontal_pull"],,,,,,,,,,1,0,0,0,{}
7723,901,2026-03-15,9,RECOVERY,[],,,,,,,,,,1,0,0,0,{}
7724,901,2026-03-16,10,UPPER,["vertical_push", "vertical_pull"],,,,,,,,,,1,0,0,0,{}
7725,901,2026-03-17,11,LOWER,["squat", "hinge"],,,,,,,,,,1,0,0,0,{}
7726,901,2026-03-18,12,RECOVERY,[],,,,,,,,,,1,0,0,0,{}
7727,901,2026-03-19,13,UPPER,["horizontal_push", "horizontal_pull"],,,,,,,,,,1,0,0,0,{}
7728,901,2026-03-20,14,RECOVERY,[],,,,,,,,,,1,0,0,0,{}
7682,898,2026-02-02,10,UPPER,["vertical_push", "vertical_pull"],70,,,,,,Optimization-first session aligned to your goals and recovery.,,,1,0,0,0,{}
7683,898,2026-02-03,11,LOWER,["squat", "hinge"],70,,,,,,"“Alright, let’s get you moving – this session is built to really target those quads and hamstrings with the squat and hinge movements, while the rowing and kettlebell swing will build a solid foundation for strength and some good hypertrophy too. We’re focusing on building a robust base for your goals, prioritizing those key areas while incorporating some recovery with the foot-SMR.”",,,1,0,0,0,{}
7729,902,2026-03-21,1,UPPER,["horizontal_push", "horizontal_pull", "prefer_accessory"],,,,,,,,,,1,0,0,0,{}
7730,902,2026-03-22,2,RECOVERY,[],,,,,,,,,,1,0,0,0,{}
7731,902,2026-03-23,3,LOWER,["squat", "hinge"],,,,,,,,,,1,0,0,0,{}
7732,902,2026-03-24,4,UPPER,["vertical_push", "vertical_pull"],,,,,,,,,,1,0,0,0,{}
7733,902,2026-03-25,5,RECOVERY,[],,,,,,,,,,1,0,0,0,{}
7734,902,2026-03-26,6,LOWER,["hinge", "lunge"],,,,,,,,,,1,0,0,0,{}
7735,902,2026-03-27,7,RECOVERY,[],,,,,,,,,,1,0,0,0,{}
7736,902,2026-03-28,8,FULL_BODY,["lunge", "horizontal_push", "horizontal_pull"],,,,,,,,,,1,0,0,0,{}
7737,902,2026-03-29,9,RECOVERY,[],,,,,,,,,,1,0,0,0,{}
7738,902,2026-03-30,10,UPPER,["vertical_push", "vertical_pull"],,,,,,,,,,1,0,0,0,{}
7739,902,2026-03-31,11,LOWER,["squat", "hinge"],,,,,,,,,,1,0,0,0,{}
7740,902,2026-04-01,12,RECOVERY,[],,,,,,,,,,1,0,0,0,{}
7741,902,2026-04-02,13,UPPER,["horizontal_push", "horizontal_pull"],,,,,,,,,,1,0,0,0,{}
7742,902,2026-04-03,14,RECOVERY,[],,,,,,,,,,1,0,0,0,{}
7743,903,2026-04-04,1,UPPER,["horizontal_push", "horizontal_pull", "prefer_accessory"],,,,,,,,,,1,0,0,0,{}
7744,903,2026-04-05,2,RECOVERY,[],,,,,,,,,,1,0,0,0,{}
7745,903,2026-04-06,3,LOWER,["squat", "hinge"],,,,,,,,,,1,0,0,0,{}
7746,903,2026-04-07,4,UPPER,["vertical_push", "vertical_pull"],,,,,,,,,,1,0,0,0,{}
7747,903,2026-04-08,5,RECOVERY,[],,,,,,,,,,1,0,0,0,{}
7748,903,2026-04-09,6,LOWER,["hinge", "lunge"],,,,,,,,,,1,0,0,0,{}
7749,903,2026-04-10,7,RECOVERY,[],,,,,,,,,,1,0,0,0,{}
7750,903,2026-04-11,8,FULL_BODY,["lunge", "horizontal_push", "horizontal_pull"],,,,,,,,,,1,0,0,0,{}
7751,903,2026-04-12,9,RECOVERY,[],,,,,,,,,,1,0,0,0,{}
7752,903,2026-04-13,10,UPPER,["vertical_push", "vertical_pull"],,,,,,,,,,1,0,0,0,{}
7753,903,2026-04-14,11,LOWER,["squat", "hinge"],,,,,,,,,,1,0,0,0,{}
7754,903,2026-04-15,12,RECOVERY,[],,,,,,,,,,1,0,0,0,{}
7755,903,2026-04-16,13,UPPER,["horizontal_push", "horizontal_pull"],,,,,,,,,,1,0,0,0,{}
7756,903,2026-04-17,14,RECOVERY,[],,,,,,,,,,1,0,0,0,{}
7673,898,2026-01-24,1,UPPER,["horizontal_push", "horizontal_pull", "prefer_accessory"],70,,,,,,"“Alright, let’s get you building a solid foundation – this session directly addresses your goals of strength and hypertrophy by focusing on controlled movements like the Front Lever and incline press, while also incorporating targeted work for your arms with the curls and rows. We’re building a balanced approach that’ll really stimulate growth and reinforce those key muscle groups you’re after.”",,,1,0,0,0,{}
7796,906,2026-03-04,12,RECOVERY,[],,,,,,,,,,1,0,0,0,{}
7807,907,2026-03-15,9,RECOVERY,[],,,,,,,,,,1,0,0,0,{}
7675,898,2026-01-26,3,LOWER,["squat", "hinge"],70,,,,,,"“Alright, let’s get you moving – this session really focuses on building a solid foundation with those hinge and squat movements, which is key for both strength and that nice hypertrophy you’re after. We’re layering in those big jumps and cleans to really drive power, while the deadlifts and CARs will build that robust lower body we need to support everything.”",,,1,0,0,0,{}
7676,898,2026-01-27,4,UPPER,["vertical_push", "vertical_pull"],70,,,,,,"“Alright, let’s get you moving towards those Muscle-Ups and a stronger, more sculpted physique – this session directly addresses your goals of strength and hypertrophy, focusing on the movements we’ve been working on like the Doorway Stretch and One-Arm Kettlebell Press, while building a solid foundation for those impressive lifts.” **(Pattern: vertical_push, vertical_pull)**",,,1,0,0,0,{}
7678,898,2026-01-29,6,LOWER,["hinge", "lunge"],70,,,,,,"“Alright, let’s get you moving with a program built for serious growth and strength – this session hits all the right notes with those calf and squat work for lower body power, balanced with the snatch for explosive movement and the deficit deadlift to really stimulate those muscles. We’re layering in the hip thrusts for that extra hypertrophy boost, so let’s get to work and build a solid foundation.”",,,1,0,0,0,{}
7680,898,2026-01-31,8,FULL_BODY,["lunge", "horizontal_push", "horizontal_pull"],70,,,,,,"“Alright, let’s get you moving towards those strength and hypertrophy goals with this full-body session – we’re really focusing on building a solid foundation with those high-rep pushes and lunges, while incorporating targeted pulls and accessory work to really sculpt and shape your physique. This program’s designed to stimulate growth and boost your power, perfectly aligning with what you’re aiming for.”",,,1,0,0,0,{}
7685,898,2026-02-05,13,UPPER,["horizontal_push", "horizontal_pull"],70,,,,,,"“Alright, let’s get you building a solid foundation – this program focuses on maximizing your chest and back strength and size with the core lifts like the bench press and rows, while incorporating some strategic accessory work to really sculpt those muscles and drive that hypertrophy you’re after.” We’re going to build a powerful, balanced approach that’ll get you feeling stronger and seeing noticeable growth, step-by-step. **(Patterns: horizontal_push, horizontal_pull)**",,,1,0,0,0,{}
5298,728,2026-01-26,6,LOWER,["hinge", "lunge", "prefer_accessory"],70,,,,,,Optimization-first session aligned to your goals and recovery.,,,1,,,,
5302,728,2026-01-30,10,CARDIO,["cardio", "endurance"],60,,,,,,Optimization-first session aligned to your goals and recovery.,,,1,,,,
5303,728,2026-01-31,11,CUSTOM,["conditioning"],60,,,,,,Optimization-first session aligned to your goals and recovery.,,,1,,,,
7763,904,2026-01-30,7,RECOVERY,[],,,,,,,,,,1,0,0,0,{}
7765,904,2026-02-01,9,RECOVERY,[],,,,,,,,,,1,0,0,0,{}
7768,904,2026-02-04,12,RECOVERY,[],,,,,,,,,,1,0,0,0,{}
7770,904,2026-02-06,14,RECOVERY,[],,,,,,,,,,1,0,0,0,{}
7771,905,2026-02-07,1,UPPER,["horizontal_push", "horizontal_pull", "prefer_accessory"],,,,,,,,,,1,0,0,0,{}
7772,905,2026-02-08,2,RECOVERY,[],,,,,,,,,,1,0,0,0,{}
7773,905,2026-02-09,3,LOWER,["squat", "hinge"],,,,,,,,,,1,0,0,0,{}
7774,905,2026-02-10,4,UPPER,["vertical_push", "vertical_pull"],,,,,,,,,,1,0,0,0,{}
7775,905,2026-02-11,5,RECOVERY,[],,,,,,,,,,1,0,0,0,{}
7776,905,2026-02-12,6,LOWER,["hinge", "lunge"],,,,,,,,,,1,0,0,0,{}
7777,905,2026-02-13,7,RECOVERY,[],,,,,,,,,,1,0,0,0,{}
7778,905,2026-02-14,8,FULL_BODY,["lunge", "horizontal_push", "horizontal_pull"],,,,,,,,,,1,0,0,0,{}
7779,905,2026-02-15,9,RECOVERY,[],,,,,,,,,,1,0,0,0,{}
7780,905,2026-02-16,10,UPPER,["vertical_push", "vertical_pull"],,,,,,,,,,1,0,0,0,{}
7781,905,2026-02-17,11,LOWER,["squat", "hinge"],,,,,,,,,,1,0,0,0,{}
7782,905,2026-02-18,12,RECOVERY,[],,,,,,,,,,1,0,0,0,{}
7783,905,2026-02-19,13,UPPER,["horizontal_push", "horizontal_pull"],,,,,,,,,,1,0,0,0,{}
7784,905,2026-02-20,14,RECOVERY,[],,,,,,,,,,1,0,0,0,{}
7785,906,2026-02-21,1,UPPER,["horizontal_push", "horizontal_pull", "prefer_accessory"],,,,,,,,,,1,0,0,0,{}
7786,906,2026-02-22,2,RECOVERY,[],,,,,,,,,,1,0,0,0,{}
7787,906,2026-02-23,3,LOWER,["squat", "hinge"],,,,,,,,,,1,0,0,0,{}
7788,906,2026-02-24,4,UPPER,["vertical_push", "vertical_pull"],,,,,,,,,,1,0,0,0,{}
7789,906,2026-02-25,5,RECOVERY,[],,,,,,,,,,1,0,0,0,{}
7790,906,2026-02-26,6,LOWER,["hinge", "lunge"],,,,,,,,,,1,0,0,0,{}
7791,906,2026-02-27,7,RECOVERY,[],,,,,,,,,,1,0,0,0,{}
7792,906,2026-02-28,8,FULL_BODY,["lunge", "horizontal_push", "horizontal_pull"],,,,,,,,,,1,0,0,0,{}
7793,906,2026-03-01,9,RECOVERY,[],,,,,,,,,,1,0,0,0,{}
4493,642,2026-03-01,6,RECOVERY,[],10,,,,,,,,,1,,,,
4494,642,2026-03-02,7,RECOVERY,[],10,,,,,,,,,1,,,,
4495,643,2026-03-03,1,UPPER,["horizontal_push", "horizontal_pull", "prefer_accessory"],10,,,,,,,,,1,,,,
4496,643,2026-03-04,2,LOWER,["squat", "hinge"],10,,,,,,,,,1,,,,
4497,643,2026-03-05,3,RECOVERY,[],10,,,,,,,,,1,,,,
4498,643,2026-03-06,4,UPPER,["vertical_push", "vertical_pull"],10,,,,,,,,,1,,,,
4499,643,2026-03-07,5,LOWER,["squat", "hinge"],10,,,,,,,,,1,,,,
4500,643,2026-03-08,6,RECOVERY,[],10,,,,,,,,,1,,,,
4501,643,2026-03-09,7,RECOVERY,[],10,,,,,,,,,1,,,,
4502,644,2026-03-10,1,UPPER,["horizontal_push", "horizontal_pull", "prefer_accessory"],10,,,,,,,,,1,,,,
4503,644,2026-03-11,2,LOWER,["squat", "hinge"],10,,,,,,,,,1,,,,
4504,644,2026-03-12,3,RECOVERY,[],10,,,,,,,,,1,,,,
4505,644,2026-03-13,4,UPPER,["vertical_push", "vertical_pull"],10,,,,,,,,,1,,,,
4506,644,2026-03-14,5,LOWER,["squat", "hinge"],10,,,,,,,,,1,,,,
4507,644,2026-03-15,6,RECOVERY,[],10,,,,,,,,,1,,,,
4508,644,2026-03-16,7,RECOVERY,[],10,,,,,,,,,1,,,,
5305,728,2026-02-02,13,CUSTOM,["conditioning"],60,,,,,,Optimization-first session aligned to your goals and recovery.,,,1,,,,
7794,906,2026-03-02,10,UPPER,["vertical_push", "vertical_pull"],,,,,,,,,,1,0,0,0,{}
7795,906,2026-03-03,11,LOWER,["squat", "hinge"],,,,,,,,,,1,0,0,0,{}
5495,742,2026-03-24,7,RECOVERY,[],10,,,,,,,,,1,,,,
7797,906,2026-03-05,13,UPPER,["horizontal_push", "horizontal_pull"],,,,,,,,,,1,0,0,0,{}
7798,906,2026-03-06,14,RECOVERY,[],,,,,,,,,,1,0,0,0,{}
7799,907,2026-03-07,1,UPPER,["horizontal_push", "horizontal_pull", "prefer_accessory"],,,,,,,,,,1,0,0,0,{}
7800,907,2026-03-08,2,RECOVERY,[],,,,,,,,,,1,0,0,0,{}
7801,907,2026-03-09,3,LOWER,["squat", "hinge"],,,,,,,,,,1,0,0,0,{}
7802,907,2026-03-10,4,UPPER,["vertical_push", "vertical_pull"],,,,,,,,,,1,0,0,0,{}
7803,907,2026-03-11,5,RECOVERY,[],,,,,,,,,,1,0,0,0,{}
7804,907,2026-03-12,6,LOWER,["hinge", "lunge"],,,,,,,,,,1,0,0,0,{}
7766,904,2026-02-02,10,UPPER,["vertical_push", "vertical_pull"],70,,,,,,"“Alright, let’s get you building a solid foundation – this session is laser-focused on developing that upper body strength and a good amount of hypertrophy, particularly around your chest and triceps, while simultaneously reinforcing a strong, stable core with those thoracic spine CARs.” We’re layering in the right stimulus to drive growth and build a robust upper body, ensuring you’re building a powerful and balanced physique.",,,1,0,0,0,{}
7769,904,2026-02-05,13,UPPER,["horizontal_push", "horizontal_pull"],70,,,,,,Optimization-first session aligned to your goals and recovery.,,,1,0,0,0,{}
4061,581,2026-01-20,1,UPPER,["horizontal_push", "horizontal_pull"],10,,,,,,,,,1,,,,
4453,637,2026-01-20,1,UPPER,["horizontal_push", "horizontal_pull", "prefer_accessory"],10,,,,,,,,,1,,,,
4454,637,2026-01-21,2,LOWER,["squat", "hinge"],10,,,,,,,,,1,,,,
4455,637,2026-01-22,3,RECOVERY,[],10,,,,,,,,,1,,,,
4456,637,2026-01-23,4,UPPER,["vertical_push", "vertical_pull"],10,,,,,,,,,1,,,,
4457,637,2026-01-24,5,LOWER,["squat", "hinge"],10,,,,,,,,,1,,,,
4458,637,2026-01-25,6,RECOVERY,[],10,,,,,,,,,1,,,,
4459,637,2026-01-26,7,RECOVERY,[],10,,,,,,,,,1,,,,
4460,638,2026-01-27,1,UPPER,["horizontal_push", "horizontal_pull", "prefer_accessory"],10,,,,,,,,,1,,,,
4461,638,2026-01-28,2,LOWER,["squat", "hinge"],10,,,,,,,,,1,,,,
4462,638,2026-01-29,3,RECOVERY,[],10,,,,,,,,,1,,,,
4463,638,2026-01-30,4,UPPER,["vertical_push", "vertical_pull"],10,,,,,,,,,1,,,,
4464,638,2026-01-31,5,LOWER,["squat", "hinge"],10,,,,,,,,,1,,,,
4062,581,2026-01-21,2,LOWER,["squat", "hinge"],10,,,,,,,,,1,,,,
4063,581,2026-01-22,3,RECOVERY,[],10,,,,,,,,,1,,,,
4064,581,2026-01-23,4,FULL_BODY,["vertical_push", "vertical_pull", "lunge"],10,,,,,,,,,1,,,,
4065,581,2026-01-24,5,UPPER,["horizontal_push", "horizontal_pull"],10,,,,,,,,,1,,,,
4066,581,2026-01-25,6,LOWER,["hinge", "lunge"],10,,,,,,,,,1,,,,
4067,581,2026-01-26,7,RECOVERY,[],10,,,,,,,,,1,,,,
4068,582,2026-01-27,1,UPPER,["horizontal_push", "horizontal_pull"],10,,,,,,,,,1,,,,
4069,582,2026-01-28,2,LOWER,["squat", "hinge"],10,,,,,,,,,1,,,,
4070,582,2026-01-29,3,RECOVERY,[],10,,,,,,,,,1,,,,
4071,582,2026-01-30,4,FULL_BODY,["vertical_push", "vertical_pull", "lunge"],10,,,,,,,,,1,,,,
4072,582,2026-01-31,5,UPPER,["horizontal_push", "horizontal_pull"],10,,,,,,,,,1,,,,
4073,582,2026-02-01,6,LOWER,["hinge", "lunge"],10,,,,,,,,,1,,,,
4074,582,2026-02-02,7,RECOVERY,[],10,,,,,,,,,1,,,,
4075,583,2026-02-03,1,UPPER,["horizontal_push", "horizontal_pull"],10,,,,,,,,,1,,,,
4076,583,2026-02-04,2,LOWER,["squat", "hinge"],10,,,,,,,,,1,,,,
4077,583,2026-02-05,3,RECOVERY,[],10,,,,,,,,,1,,,,
4078,583,2026-02-06,4,FULL_BODY,["vertical_push", "vertical_pull", "lunge"],10,,,,,,,,,1,,,,
4079,583,2026-02-07,5,UPPER,["horizontal_push", "horizontal_pull"],10,,,,,,,,,1,,,,
4080,583,2026-02-08,6,LOWER,["hinge", "lunge"],10,,,,,,,,,1,,,,
4081,583,2026-02-09,7,RECOVERY,[],10,,,,,,,,,1,,,,
4082,584,2026-02-10,1,UPPER,["horizontal_push", "horizontal_pull"],10,,,,,,,,,1,,,,
4083,584,2026-02-11,2,LOWER,["squat", "hinge"],10,,,,,,,,,1,,,,
4084,584,2026-02-12,3,RECOVERY,[],10,,,,,,,,,1,,,,
4085,584,2026-02-13,4,FULL_BODY,["vertical_push", "vertical_pull", "lunge"],10,,,,,,,,,1,,,,
4086,584,2026-02-14,5,UPPER,["horizontal_push", "horizontal_pull"],10,,,,,,,,,1,,,,
4087,584,2026-02-15,6,LOWER,["hinge", "lunge"],10,,,,,,,,,1,,,,
4465,638,2026-02-01,6,RECOVERY,[],10,,,,,,,,,1,,,,
4466,638,2026-02-02,7,RECOVERY,[],10,,,,,,,,,1,,,,
4467,639,2026-02-03,1,UPPER,["horizontal_push", "horizontal_pull", "prefer_accessory"],10,,,,,,,,,1,,,,
4468,639,2026-02-04,2,LOWER,["squat", "hinge"],10,,,,,,,,,1,,,,
4469,639,2026-02-05,3,RECOVERY,[],10,,,,,,,,,1,,,,
4470,639,2026-02-06,4,UPPER,["vertical_push", "vertical_pull"],10,,,,,,,,,1,,,,
4471,639,2026-02-07,5,LOWER,["squat", "hinge"],10,,,,,,,,,1,,,,
4472,639,2026-02-08,6,RECOVERY,[],10,,,,,,,,,1,,,,
4473,639,2026-02-09,7,RECOVERY,[],10,,,,,,,,,1,,,,
4474,640,2026-02-10,1,UPPER,["horizontal_push", "horizontal_pull", "prefer_accessory"],10,,,,,,,,,1,,,,
4475,640,2026-02-11,2,LOWER,["squat", "hinge"],10,,,,,,,,,1,,,,
4476,640,2026-02-12,3,RECOVERY,[],10,,,,,,,,,1,,,,
4477,640,2026-02-13,4,UPPER,["vertical_push", "vertical_pull"],10,,,,,,,,,1,,,,
4478,640,2026-02-14,5,LOWER,["squat", "hinge"],10,,,,,,,,,1,,,,
4479,640,2026-02-15,6,RECOVERY,[],10,,,,,,,,,1,,,,
4480,640,2026-02-16,7,RECOVERY,[],10,,,,,,,,,1,,,,
4481,641,2026-02-17,1,UPPER,["horizontal_push", "horizontal_pull", "prefer_accessory"],10,,,,,,,,,1,,,,
4482,641,2026-02-18,2,LOWER,["squat", "hinge"],10,,,,,,,,,1,,,,
4483,641,2026-02-19,3,RECOVERY,[],10,,,,,,,,,1,,,,
4484,641,2026-02-20,4,UPPER,["vertical_push", "vertical_pull"],10,,,,,,,,,1,,,,
4485,641,2026-02-21,5,LOWER,["squat", "hinge"],10,,,,,,,,,1,,,,
4486,641,2026-02-22,6,RECOVERY,[],10,,,,,,,,,1,,,,
4487,641,2026-02-23,7,RECOVERY,[],10,,,,,,,,,1,,,,
4488,642,2026-02-24,1,UPPER,["horizontal_push", "horizontal_pull", "prefer_accessory"],10,,,,,,,,,1,,,,
4489,642,2026-02-25,2,LOWER,["squat", "hinge"],10,,,,,,,,,1,,,,
4490,642,2026-02-26,3,RECOVERY,[],10,,,,,,,,,1,,,,
4491,642,2026-02-27,4,UPPER,["vertical_push", "vertical_pull"],10,,,,,,,,,1,,,,
4492,642,2026-02-28,5,LOWER,["squat", "hinge"],10,,,,,,,,,1,,,,
5377,734,2026-01-21,1,UPPER,["horizontal_push", "horizontal_pull", "prefer_accessory"],,,,,,,,,,1,,,,
5378,734,2026-01-22,2,RECOVERY,[],,,,,,,,,,1,,,,
4088,584,2026-02-16,7,RECOVERY,[],10,,,,,,,,,1,,,,
4089,585,2026-02-17,1,UPPER,["horizontal_push", "horizontal_pull"],10,,,,,,,,,1,,,,
4090,585,2026-02-18,2,LOWER,["squat", "hinge"],10,,,,,,,,,1,,,,
4091,585,2026-02-19,3,RECOVERY,[],10,,,,,,,,,1,,,,
4092,585,2026-02-20,4,FULL_BODY,["vertical_push", "vertical_pull", "lunge"],10,,,,,,,,,1,,,,
4093,585,2026-02-21,5,UPPER,["horizontal_push", "horizontal_pull"],10,,,,,,,,,1,,,,
4094,585,2026-02-22,6,LOWER,["hinge", "lunge"],10,,,,,,,,,1,,,,
4095,585,2026-02-23,7,RECOVERY,[],10,,,,,,,,,1,,,,
4096,586,2026-02-24,1,UPPER,["horizontal_push", "horizontal_pull"],10,,,,,,,,,1,,,,
4097,586,2026-02-25,2,LOWER,["squat", "hinge"],10,,,,,,,,,1,,,,
4098,586,2026-02-26,3,RECOVERY,[],10,,,,,,,,,1,,,,
4099,586,2026-02-27,4,FULL_BODY,["vertical_push", "vertical_pull", "lunge"],10,,,,,,,,,1,,,,
4100,586,2026-02-28,5,UPPER,["horizontal_push", "horizontal_pull"],10,,,,,,,,,1,,,,
4101,586,2026-03-01,6,LOWER,["hinge", "lunge"],10,,,,,,,,,1,,,,
4102,586,2026-03-02,7,RECOVERY,[],10,,,,,,,,,1,,,,
4103,587,2026-03-03,1,UPPER,["horizontal_push", "horizontal_pull"],10,,,,,,,,,1,,,,
4104,587,2026-03-04,2,LOWER,["squat", "hinge"],10,,,,,,,,,1,,,,
4105,587,2026-03-05,3,RECOVERY,[],10,,,,,,,,,1,,,,
4106,587,2026-03-06,4,FULL_BODY,["vertical_push", "vertical_pull", "lunge"],10,,,,,,,,,1,,,,
4107,587,2026-03-07,5,UPPER,["horizontal_push", "horizontal_pull"],10,,,,,,,,,1,,,,
4108,587,2026-03-08,6,LOWER,["hinge", "lunge"],10,,,,,,,,,1,,,,
4109,587,2026-03-09,7,RECOVERY,[],10,,,,,,,,,1,,,,
4110,588,2026-03-10,1,UPPER,["horizontal_push", "horizontal_pull"],10,,,,,,,,,1,,,,
4111,588,2026-03-11,2,LOWER,["squat", "hinge"],10,,,,,,,,,1,,,,
4112,588,2026-03-12,3,RECOVERY,[],10,,,,,,,,,1,,,,
4113,588,2026-03-13,4,FULL_BODY,["vertical_push", "vertical_pull", "lunge"],10,,,,,,,,,1,,,,
4114,588,2026-03-14,5,UPPER,["horizontal_push", "horizontal_pull"],10,,,,,,,,,1,,,,
4115,588,2026-03-15,6,LOWER,["hinge", "lunge"],10,,,,,,,,,1,,,,
4116,588,2026-03-16,7,RECOVERY,[],10,,,,,,,,,1,,,,
4117,589,2026-03-17,1,UPPER,["horizontal_push", "horizontal_pull"],10,,,,,,,,,1,,,,
4118,589,2026-03-18,2,LOWER,["squat", "hinge"],10,,,,,,,,,1,,,,
4119,589,2026-03-19,3,RECOVERY,[],10,,,,,,,,,1,,,,
4120,589,2026-03-20,4,FULL_BODY,["vertical_push", "vertical_pull", "lunge"],10,,,,,,,,,1,,,,
4121,589,2026-03-21,5,UPPER,["horizontal_push", "horizontal_pull"],10,,,,,,,,,1,,,,
4122,589,2026-03-22,6,LOWER,["hinge", "lunge"],10,,,,,,,,,1,,,,
4123,589,2026-03-23,7,RECOVERY,[],10,,,,,,,,,1,,,,
4124,590,2026-03-24,1,UPPER,["horizontal_push", "horizontal_pull"],10,,,,,,,,,1,,,,
4125,590,2026-03-25,2,LOWER,["squat", "hinge"],10,,,,,,,,,1,,,,
4126,590,2026-03-26,3,RECOVERY,[],10,,,,,,,,,1,,,,
6905,843,2026-04-06,3,RECOVERY,[],10,,,,,,,,,1,0,0,0,{}
4127,590,2026-03-27,4,FULL_BODY,["vertical_push", "vertical_pull", "lunge"],10,,,,,,,,,1,,,,
4128,590,2026-03-28,5,UPPER,["horizontal_push", "horizontal_pull"],10,,,,,,,,,1,,,,
4129,590,2026-03-29,6,LOWER,["hinge", "lunge"],10,,,,,,,,,1,,,,
4131,591,2026-03-31,1,UPPER,["horizontal_push", "horizontal_pull"],10,,,,,,,,,1,,,,
4132,591,2026-04-01,2,LOWER,["squat", "hinge"],10,,,,,,,,,1,,,,
4133,591,2026-04-02,3,RECOVERY,[],10,,,,,,,,,1,,,,
4134,591,2026-04-03,4,FULL_BODY,["vertical_push", "vertical_pull", "lunge"],10,,,,,,,,,1,,,,
4135,591,2026-04-04,5,UPPER,["horizontal_push", "horizontal_pull"],10,,,,,,,,,1,,,,
4136,591,2026-04-05,6,LOWER,["hinge", "lunge"],10,,,,,,,,,1,,,,
4137,591,2026-04-06,7,RECOVERY,[],10,,,,,,,,,1,,,,
4138,592,2026-04-07,1,UPPER,["horizontal_push", "horizontal_pull"],10,,,,,,,,,1,,,,
5379,734,2026-01-23,3,LOWER,["squat", "hinge"],,,,,,,,,,1,,,,
5380,734,2026-01-24,4,UPPER,["vertical_push", "vertical_pull"],,,,,,,,,,1,,,,
5381,734,2026-01-25,5,RECOVERY,[],,,,,,,,,,1,,,,
5382,734,2026-01-26,6,LOWER,["hinge", "lunge"],,,,,,,,,,1,,,,
5383,734,2026-01-27,7,RECOVERY,[],,,,,,,,,,1,,,,
5384,734,2026-01-28,8,FULL_BODY,["lunge", "horizontal_push", "horizontal_pull"],,,,,,,,,,1,,,,
5385,734,2026-01-29,9,RECOVERY,[],,,,,,,,,,1,,,,
5386,734,2026-01-30,10,UPPER,["vertical_push", "vertical_pull"],,,,,,,,,,1,,,,
5387,734,2026-01-31,11,LOWER,["squat", "hinge"],,,,,,,,,,1,,,,
5388,734,2026-02-01,12,RECOVERY,[],,,,,,,,,,1,,,,
5389,734,2026-02-02,13,CUSTOM,["conditioning"],,,,,,,,,,1,,,,
5390,734,2026-02-03,14,RECOVERY,[],,,,,,,,,,1,,,,
5391,735,2026-02-04,1,UPPER,["horizontal_push", "horizontal_pull", "prefer_accessory"],,,,,,,,,,1,,,,
5392,735,2026-02-05,2,RECOVERY,[],,,,,,,,,,1,,,,
5393,735,2026-02-06,3,LOWER,["squat", "hinge"],,,,,,,,,,1,,,,
5394,735,2026-02-07,4,UPPER,["vertical_push", "vertical_pull"],,,,,,,,,,1,,,,
5395,735,2026-02-08,5,RECOVERY,[],,,,,,,,,,1,,,,
5396,735,2026-02-09,6,LOWER,["hinge", "lunge"],,,,,,,,,,1,,,,
5397,735,2026-02-10,7,RECOVERY,[],,,,,,,,,,1,,,,
5398,735,2026-02-11,8,FULL_BODY,["lunge", "horizontal_push", "horizontal_pull"],,,,,,,,,,1,,,,
5399,735,2026-02-12,9,RECOVERY,[],,,,,,,,,,1,,,,
5400,735,2026-02-13,10,UPPER,["vertical_push", "vertical_pull"],,,,,,,,,,1,,,,
5401,735,2026-02-14,11,LOWER,["squat", "hinge"],,,,,,,,,,1,,,,
7805,907,2026-03-13,7,RECOVERY,[],,,,,,,,,,1,0,0,0,{}
4903,700,2026-01-23,3,RECOVERY,[],10,,,,,,,,,1,,,,
4907,700,2026-01-27,7,RECOVERY,[],10,,,,,,,,,1,,,,
4911,700,2026-01-31,11,RECOVERY,[],10,,,,,,,,,1,,,,
4914,700,2026-02-03,14,RECOVERY,[],10,,,,,,,,,1,,,,
4915,701,2026-02-04,1,UPPER,["horizontal_push", "horizontal_pull", "prefer_finisher"],10,,,,,,,,,1,,,,
4916,701,2026-02-05,2,LOWER,["squat", "hinge", "prefer_finisher"],10,,,,,,,,,1,,,,
4917,701,2026-02-06,3,RECOVERY,[],10,,,,,,,,,1,,,,
4918,701,2026-02-07,4,FULL_BODY,["hinge", "vertical_push", "vertical_pull", "prefer_finisher"],10,,,,,,,,,1,,,,
4919,701,2026-02-08,5,UPPER,["horizontal_push", "horizontal_pull", "prefer_finisher"],10,,,,,,,,,1,,,,
4920,701,2026-02-09,6,LOWER,["lunge", "squat", "prefer_finisher"],10,,,,,,,,,1,,,,
4921,701,2026-02-10,7,RECOVERY,[],10,,,,,,,,,1,,,,
4922,701,2026-02-11,8,UPPER,["vertical_push", "vertical_pull", "prefer_finisher"],10,,,,,,,,,1,,,,
4139,592,2026-04-08,2,LOWER,["squat", "hinge"],10,,,,,,,,,1,,,,
4140,592,2026-04-09,3,RECOVERY,[],10,,,,,,,,,1,,,,
4141,592,2026-04-10,4,FULL_BODY,["vertical_push", "vertical_pull", "lunge"],10,,,,,,,,,1,,,,
4142,592,2026-04-11,5,UPPER,["horizontal_push", "horizontal_pull"],10,,,,,,,,,1,,,,
4143,592,2026-04-12,6,LOWER,["hinge", "lunge"],10,,,,,,,,,1,,,,
4144,592,2026-04-13,7,RECOVERY,[],10,,,,,,,,,1,,,,
7806,907,2026-03-14,8,FULL_BODY,["lunge", "horizontal_push", "horizontal_pull"],,,,,,,,,,1,0,0,0,{}
7808,907,2026-03-16,10,UPPER,["vertical_push", "vertical_pull"],,,,,,,,,,1,0,0,0,{}
7809,907,2026-03-17,11,LOWER,["squat", "hinge"],,,,,,,,,,1,0,0,0,{}
7810,907,2026-03-18,12,RECOVERY,[],,,,,,,,,,1,0,0,0,{}
7811,907,2026-03-19,13,UPPER,["horizontal_push", "horizontal_pull"],,,,,,,,,,1,0,0,0,{}
7812,907,2026-03-20,14,RECOVERY,[],,,,,,,,,,1,0,0,0,{}
7813,908,2026-03-21,1,UPPER,["horizontal_push", "horizontal_pull", "prefer_accessory"],,,,,,,,,,1,0,0,0,{}
7814,908,2026-03-22,2,RECOVERY,[],,,,,,,,,,1,0,0,0,{}
7815,908,2026-03-23,3,LOWER,["squat", "hinge"],,,,,,,,,,1,0,0,0,{}
7816,908,2026-03-24,4,UPPER,["vertical_push", "vertical_pull"],,,,,,,,,,1,0,0,0,{}
7817,908,2026-03-25,5,RECOVERY,[],,,,,,,,,,1,0,0,0,{}
7818,908,2026-03-26,6,LOWER,["hinge", "lunge"],,,,,,,,,,1,0,0,0,{}
7819,908,2026-03-27,7,RECOVERY,[],,,,,,,,,,1,0,0,0,{}
7820,908,2026-03-28,8,FULL_BODY,["lunge", "horizontal_push", "horizontal_pull"],,,,,,,,,,1,0,0,0,{}
7821,908,2026-03-29,9,RECOVERY,[],,,,,,,,,,1,0,0,0,{}
7822,908,2026-03-30,10,UPPER,["vertical_push", "vertical_pull"],,,,,,,,,,1,0,0,0,{}
7823,908,2026-03-31,11,LOWER,["squat", "hinge"],,,,,,,,,,1,0,0,0,{}
7824,908,2026-04-01,12,RECOVERY,[],,,,,,,,,,1,0,0,0,{}
7825,908,2026-04-02,13,UPPER,["horizontal_push", "horizontal_pull"],,,,,,,,,,1,0,0,0,{}
7826,908,2026-04-03,14,RECOVERY,[],,,,,,,,,,1,0,0,0,{}
7827,909,2026-04-04,1,UPPER,["horizontal_push", "horizontal_pull", "prefer_accessory"],,,,,,,,,,1,0,0,0,{}
7828,909,2026-04-05,2,RECOVERY,[],,,,,,,,,,1,0,0,0,{}
7829,909,2026-04-06,3,LOWER,["squat", "hinge"],,,,,,,,,,1,0,0,0,{}
7830,909,2026-04-07,4,UPPER,["vertical_push", "vertical_pull"],,,,,,,,,,1,0,0,0,{}
7831,909,2026-04-08,5,RECOVERY,[],,,,,,,,,,1,0,0,0,{}
7832,909,2026-04-09,6,LOWER,["hinge", "lunge"],,,,,,,,,,1,0,0,0,{}
7833,909,2026-04-10,7,RECOVERY,[],,,,,,,,,,1,0,0,0,{}
7834,909,2026-04-11,8,FULL_BODY,["lunge", "horizontal_push", "horizontal_pull"],,,,,,,,,,1,0,0,0,{}
7835,909,2026-04-12,9,RECOVERY,[],,,,,,,,,,1,0,0,0,{}
7836,909,2026-04-13,10,UPPER,["vertical_push", "vertical_pull"],,,,,,,,,,1,0,0,0,{}
7837,909,2026-04-14,11,LOWER,["squat", "hinge"],,,,,,,,,,1,0,0,0,{}
7838,909,2026-04-15,12,RECOVERY,[],,,,,,,,,,1,0,0,0,{}
7839,909,2026-04-16,13,UPPER,["horizontal_push", "horizontal_pull"],,,,,,,,,,1,0,0,0,{}
7840,909,2026-04-17,14,RECOVERY,[],,,,,,,,,,1,0,0,0,{}
7757,904,2026-01-24,1,UPPER,["horizontal_push", "horizontal_pull", "prefer_accessory"],70,,,,,,"“Alright, let’s get you building a solid foundation – this session directly addresses your goals of strength and hypertrophy by focusing on controlled movements like the Front Lever and incline press, while also incorporating targeted work for your arms with the curls and rows. We’re building a balanced physique with a good mix of pushing and pulling, ensuring you’re getting the volume and intensity you need to really stimulate growth.”",,,1,0,0,0,{}
7759,904,2026-01-26,3,LOWER,["squat", "hinge"],70,,,,,,"“Alright, let’s get you moving – this session is built to really build a solid foundation for your strength and size goals, focusing on those powerful hinge and squat movements we need to drive growth. We’re layering in those key lifts like the Broad Jump and Cable Deadlifts alongside targeted accessory work to ensure you’re building a robust and balanced physique.”",,,1,0,0,0,{}
7760,904,2026-01-27,4,UPPER,["vertical_push", "vertical_pull"],70,,,,,,"“Alright, let’s get you moving towards those Muscle-Ups and a stronger, more sculpted physique – this session is built to directly address your goals of strength and hypertrophy, focusing on the movements we’ve been working on like the Doorway Stretch and One-Arm Kettlebell Press, while building a solid foundation for those powerful lifts.” **(Pattern: vertical_push, vertical_pull - This response utilizes a slightly elevated, assertive tone – ‘Alright’ and ‘building a solid foundation’ – combined with a grounded, focused delivery – ‘directly address your goals’ and ‘powerful lifts’.)**",,,1,0,0,0,{}
7762,904,2026-01-29,6,LOWER,["hinge", "lunge"],70,,,,,,"Okay, let’s see… (shifts weight, a thoughtful pause) “This session’s built around really solidifying your lower body – we’re hitting that calf strength and posterior chain with the squat and deadlift, while the snatch balance and hip thrust will really encourage that hypertrophy you’re after, all while building a strong foundation for your movement. It’s a focused approach, designed to build both power and shape, and we’ll be feeling it.”",,,1,0,0,0,{}
7764,904,2026-01-31,8,FULL_BODY,["lunge", "horizontal_push", "horizontal_pull"],70,,,,,,"“Alright, let’s get you moving towards that strength and muscle definition – this full-body session is perfectly tailored to build a solid foundation with those high-rep pushes and lunges, while incorporating targeted pulls and accessory work to really sculpt your physique. We’re hitting all the key areas with a balanced approach, focusing on both growth and power, just what you need for a robust recovery and lasting results.”",,,1,0,0,0,{}
7767,904,2026-02-03,11,LOWER,["squat", "hinge"],70,,,,,,"“Alright, this session is built to really drive that strength and hypertrophy you’re after – we’re focusing on solid movement patterns like squats and hinges with the RDL, while the quad stretch will help with recovery and the easy cardio keeps things flowing. Let’s get after it!”",,,1,0,0,0,{}
7925,916,2026-01-24,1,UPPER,["horizontal_push", "horizontal_pull", "prefer_finisher"],,,,,,,,,,1,0,0,0,{}
7926,916,2026-01-25,2,LOWER,["squat", "hinge", "prefer_finisher"],,,,,,,,,,1,0,0,0,{}
7927,916,2026-01-26,3,RECOVERY,[],,,,,,,,,,1,0,0,0,{}
7928,916,2026-01-27,4,FULL_BODY,["hinge", "vertical_push", "vertical_pull", "prefer_finisher"],,,,,,,,,,1,0,0,0,{}
7929,916,2026-01-28,5,UPPER,["horizontal_push", "horizontal_pull", "prefer_finisher"],,,,,,,,,,1,0,0,0,{}
7930,916,2026-01-29,6,LOWER,["lunge", "squat", "prefer_finisher"],,,,,,,,,,1,0,0,0,{}
7931,916,2026-01-30,7,RECOVERY,[],,,,,,,,,,1,0,0,0,{}
7932,916,2026-01-31,8,UPPER,["vertical_push", "vertical_pull", "prefer_finisher"],,,,,,,,,,1,0,0,0,{}
5402,735,2026-02-15,12,RECOVERY,[],,,,,,,,,,1,,,,
5403,735,2026-02-16,13,CUSTOM,["conditioning"],,,,,,,,,,1,,,,
5404,735,2026-02-17,14,RECOVERY,[],,,,,,,,,,1,,,,
5405,736,2026-02-18,1,UPPER,["horizontal_push", "horizontal_pull", "prefer_accessory"],,,,,,,,,,1,,,,
5406,736,2026-02-19,2,RECOVERY,[],,,,,,,,,,1,,,,
5407,736,2026-02-20,3,LOWER,["squat", "hinge"],,,,,,,,,,1,,,,
5408,736,2026-02-21,4,UPPER,["vertical_push", "vertical_pull"],,,,,,,,,,1,,,,
5409,736,2026-02-22,5,RECOVERY,[],,,,,,,,,,1,,,,
5410,736,2026-02-23,6,LOWER,["hinge", "lunge"],,,,,,,,,,1,,,,
5411,736,2026-02-24,7,RECOVERY,[],,,,,,,,,,1,,,,
5412,736,2026-02-25,8,FULL_BODY,["lunge", "horizontal_push", "horizontal_pull"],,,,,,,,,,1,,,,
5413,736,2026-02-26,9,RECOVERY,[],,,,,,,,,,1,,,,
5414,736,2026-02-27,10,UPPER,["vertical_push", "vertical_pull"],,,,,,,,,,1,,,,
5415,736,2026-02-28,11,LOWER,["squat", "hinge"],,,,,,,,,,1,,,,
5416,736,2026-03-01,12,RECOVERY,[],,,,,,,,,,1,,,,
5417,736,2026-03-02,13,CUSTOM,["conditioning"],,,,,,,,,,1,,,,
5418,736,2026-03-03,14,RECOVERY,[],,,,,,,,,,1,,,,
5419,737,2026-03-04,1,UPPER,["horizontal_push", "horizontal_pull", "prefer_accessory"],,,,,,,,,,1,,,,
5420,737,2026-03-05,2,RECOVERY,[],,,,,,,,,,1,,,,
5421,737,2026-03-06,3,LOWER,["squat", "hinge"],,,,,,,,,,1,,,,
5422,737,2026-03-07,4,UPPER,["vertical_push", "vertical_pull"],,,,,,,,,,1,,,,
5423,737,2026-03-08,5,RECOVERY,[],,,,,,,,,,1,,,,
5424,737,2026-03-09,6,LOWER,["hinge", "lunge"],,,,,,,,,,1,,,,
5425,737,2026-03-10,7,RECOVERY,[],,,,,,,,,,1,,,,
5426,737,2026-03-11,8,FULL_BODY,["lunge", "horizontal_push", "horizontal_pull"],,,,,,,,,,1,,,,
5427,737,2026-03-12,9,RECOVERY,[],,,,,,,,,,1,,,,
5428,737,2026-03-13,10,UPPER,["vertical_push", "vertical_pull"],,,,,,,,,,1,,,,
5429,737,2026-03-14,11,LOWER,["squat", "hinge"],,,,,,,,,,1,,,,
5430,737,2026-03-15,12,RECOVERY,[],,,,,,,,,,1,,,,
5431,737,2026-03-16,13,CUSTOM,["conditioning"],,,,,,,,,,1,,,,
5432,737,2026-03-17,14,RECOVERY,[],,,,,,,,,,1,,,,
5620,751,2026-02-11,6,LOWER,["hinge", "lunge", "prefer_accessory"],10,,,,,,,,,1,0,0,0,{}
5621,751,2026-02-12,7,RECOVERY,[],10,,,,,,,,,1,0,0,0,{}
5622,751,2026-02-13,8,CARDIO,["cardio", "endurance"],10,,,,,,,,,1,0,0,0,{}
5623,751,2026-02-14,9,RECOVERY,[],10,,,,,,,,,1,0,0,0,{}
5624,751,2026-02-15,10,CARDIO,["cardio", "endurance"],10,,,,,,,,,1,0,0,0,{}
5601,750,2026-01-23,1,UPPER,["horizontal_push", "horizontal_pull", "prefer_finisher"],70,5,0,0,0,5,Optimization-first session aligned to your goals and recovery.,,,1,0,0,0,{}
7841,910,2026-01-24,1,UPPER,["horizontal_push", "horizontal_pull", "prefer_finisher"],,,,,,,,,,1,0,0,0,{}
7842,910,2026-01-25,2,LOWER,["squat", "hinge", "prefer_finisher"],,,,,,,,,,1,0,0,0,{}
7843,910,2026-01-26,3,RECOVERY,[],,,,,,,,,,1,0,0,0,{}
7844,910,2026-01-27,4,FULL_BODY,["hinge", "vertical_push", "vertical_pull", "prefer_finisher"],,,,,,,,,,1,0,0,0,{}
7845,910,2026-01-28,5,UPPER,["horizontal_push", "horizontal_pull", "prefer_finisher"],,,,,,,,,,1,0,0,0,{}
7846,910,2026-01-29,6,LOWER,["lunge", "squat", "prefer_finisher"],,,,,,,,,,1,0,0,0,{}
7847,910,2026-01-30,7,RECOVERY,[],,,,,,,,,,1,0,0,0,{}
7848,910,2026-01-31,8,UPPER,["vertical_push", "vertical_pull", "prefer_finisher"],,,,,,,,,,1,0,0,0,{}
7849,910,2026-02-01,9,LOWER,["squat", "hinge", "prefer_finisher"],,,,,,,,,,1,0,0,0,{}
7850,910,2026-02-02,10,FULL_BODY,["hinge", "horizontal_push", "horizontal_pull", "prefer_finisher"],,,,,,,,,,1,0,0,0,{}
7851,910,2026-02-03,11,RECOVERY,[],,,,,,,,,,1,0,0,0,{}
7852,910,2026-02-04,12,UPPER,["vertical_push", "vertical_pull", "prefer_finisher"],,,,,,,,,,1,0,0,0,{}
7853,910,2026-02-05,13,LOWER,["lunge", "squat", "prefer_accessory"],,,,,,,,,,1,0,0,0,{}
7854,910,2026-02-06,14,RECOVERY,[],,,,,,,,,,1,0,0,0,{}
7855,911,2026-02-07,1,UPPER,["horizontal_push", "horizontal_pull", "prefer_finisher"],,,,,,,,,,1,0,0,0,{}
7856,911,2026-02-08,2,LOWER,["squat", "hinge", "prefer_finisher"],,,,,,,,,,1,0,0,0,{}
7857,911,2026-02-09,3,RECOVERY,[],,,,,,,,,,1,0,0,0,{}
7858,911,2026-02-10,4,FULL_BODY,["hinge", "vertical_push", "vertical_pull", "prefer_finisher"],,,,,,,,,,1,0,0,0,{}
7859,911,2026-02-11,5,UPPER,["horizontal_push", "horizontal_pull", "prefer_finisher"],,,,,,,,,,1,0,0,0,{}
7860,911,2026-02-12,6,LOWER,["lunge", "squat", "prefer_finisher"],,,,,,,,,,1,0,0,0,{}
7861,911,2026-02-13,7,RECOVERY,[],,,,,,,,,,1,0,0,0,{}
7862,911,2026-02-14,8,UPPER,["vertical_push", "vertical_pull", "prefer_finisher"],,,,,,,,,,1,0,0,0,{}
7863,911,2026-02-15,9,LOWER,["squat", "hinge", "prefer_finisher"],,,,,,,,,,1,0,0,0,{}
7864,911,2026-02-16,10,FULL_BODY,["hinge", "horizontal_push", "horizontal_pull", "prefer_finisher"],,,,,,,,,,1,0,0,0,{}
7865,911,2026-02-17,11,RECOVERY,[],,,,,,,,,,1,0,0,0,{}
7866,911,2026-02-18,12,UPPER,["vertical_push", "vertical_pull", "prefer_finisher"],,,,,,,,,,1,0,0,0,{}
7867,911,2026-02-19,13,LOWER,["lunge", "squat", "prefer_accessory"],,,,,,,,,,1,0,0,0,{}
7868,911,2026-02-20,14,RECOVERY,[],,,,,,,,,,1,0,0,0,{}
7869,912,2026-02-21,1,UPPER,["horizontal_push", "horizontal_pull", "prefer_finisher"],,,,,,,,,,1,0,0,0,{}
7870,912,2026-02-22,2,LOWER,["squat", "hinge", "prefer_finisher"],,,,,,,,,,1,0,0,0,{}
7871,912,2026-02-23,3,RECOVERY,[],,,,,,,,,,1,0,0,0,{}
7872,912,2026-02-24,4,FULL_BODY,["hinge", "vertical_push", "vertical_pull", "prefer_finisher"],,,,,,,,,,1,0,0,0,{}
7873,912,2026-02-25,5,UPPER,["horizontal_push", "horizontal_pull", "prefer_finisher"],,,,,,,,,,1,0,0,0,{}
5025,708,2026-03-02,13,UPPER,["horizontal_push", "horizontal_pull"],,,,,,,,,,1,,,,
7874,912,2026-02-26,6,LOWER,["lunge", "squat", "prefer_finisher"],,,,,,,,,,1,0,0,0,{}
7875,912,2026-02-27,7,RECOVERY,[],,,,,,,,,,1,0,0,0,{}
7876,912,2026-02-28,8,UPPER,["vertical_push", "vertical_pull", "prefer_finisher"],,,,,,,,,,1,0,0,0,{}
7877,912,2026-03-01,9,LOWER,["squat", "hinge", "prefer_finisher"],,,,,,,,,,1,0,0,0,{}
7878,912,2026-03-02,10,FULL_BODY,["hinge", "horizontal_push", "horizontal_pull", "prefer_finisher"],,,,,,,,,,1,0,0,0,{}
7879,912,2026-03-03,11,RECOVERY,[],,,,,,,,,,1,0,0,0,{}
7880,912,2026-03-04,12,UPPER,["vertical_push", "vertical_pull", "prefer_finisher"],,,,,,,,,,1,0,0,0,{}
7881,912,2026-03-05,13,LOWER,["lunge", "squat", "prefer_accessory"],,,,,,,,,,1,0,0,0,{}
7882,912,2026-03-06,14,RECOVERY,[],,,,,,,,,,1,0,0,0,{}
7883,913,2026-03-07,1,UPPER,["horizontal_push", "horizontal_pull", "prefer_finisher"],,,,,,,,,,1,0,0,0,{}
7884,913,2026-03-08,2,LOWER,["squat", "hinge", "prefer_finisher"],,,,,,,,,,1,0,0,0,{}
7885,913,2026-03-09,3,RECOVERY,[],,,,,,,,,,1,0,0,0,{}
7886,913,2026-03-10,4,FULL_BODY,["hinge", "vertical_push", "vertical_pull", "prefer_finisher"],,,,,,,,,,1,0,0,0,{}
7887,913,2026-03-11,5,UPPER,["horizontal_push", "horizontal_pull", "prefer_finisher"],,,,,,,,,,1,0,0,0,{}
7888,913,2026-03-12,6,LOWER,["lunge", "squat", "prefer_finisher"],,,,,,,,,,1,0,0,0,{}
7889,913,2026-03-13,7,RECOVERY,[],,,,,,,,,,1,0,0,0,{}
7890,913,2026-03-14,8,UPPER,["vertical_push", "vertical_pull", "prefer_finisher"],,,,,,,,,,1,0,0,0,{}
7891,913,2026-03-15,9,LOWER,["squat", "hinge", "prefer_finisher"],,,,,,,,,,1,0,0,0,{}
5434,738,2026-01-22,2,RECOVERY,[],10,,,,,,,,,1,,,,
7892,913,2026-03-16,10,FULL_BODY,["hinge", "horizontal_push", "horizontal_pull", "prefer_finisher"],,,,,,,,,,1,0,0,0,{}
7893,913,2026-03-17,11,RECOVERY,[],,,,,,,,,,1,0,0,0,{}
5014,708,2026-02-19,2,RECOVERY,[],,,,,,,,,,1,,,,
5015,708,2026-02-20,3,LOWER,["squat", "hinge"],,,,,,,,,,1,,,,
5016,708,2026-02-21,4,UPPER,["vertical_push", "vertical_pull"],,,,,,,,,,1,,,,
5437,738,2026-01-25,5,RECOVERY,[],10,,,,,,,,,1,,,,
5439,738,2026-01-27,7,RECOVERY,[],10,,,,,,,,,1,,,,
5441,738,2026-01-29,9,RECOVERY,[],10,,,,,,,,,1,,,,
5444,738,2026-02-01,12,RECOVERY,[],10,,,,,,,,,1,,,,
5446,738,2026-02-03,14,RECOVERY,[],10,,,,,,,,,1,,,,
5447,739,2026-02-04,1,UPPER,["horizontal_push", "horizontal_pull", "prefer_finisher"],10,,,,,,,,,1,,,,
5448,739,2026-02-05,2,RECOVERY,[],10,,,,,,,,,1,,,,
5449,739,2026-02-06,3,LOWER,["squat", "hinge", "prefer_finisher"],10,,,,,,,,,1,,,,
5450,739,2026-02-07,4,UPPER,["vertical_push", "vertical_pull", "prefer_finisher"],10,,,,,,,,,1,,,,
5451,739,2026-02-08,5,RECOVERY,[],10,,,,,,,,,1,,,,
5452,739,2026-02-09,6,LOWER,["hinge", "lunge", "prefer_accessory"],10,,,,,,,,,1,,,,
5453,739,2026-02-10,7,RECOVERY,[],10,,,,,,,,,1,,,,
5454,739,2026-02-11,8,CARDIO,["cardio", "endurance"],10,,,,,,,,,1,,,,
5455,739,2026-02-12,9,RECOVERY,[],10,,,,,,,,,1,,,,
5456,739,2026-02-13,10,CARDIO,["cardio", "endurance"],10,,,,,,,,,1,,,,
5457,739,2026-02-14,11,CUSTOM,["conditioning"],10,,,,,,,,,1,,,,
5458,739,2026-02-15,12,RECOVERY,[],10,,,,,,,,,1,,,,
5459,739,2026-02-16,13,CUSTOM,["conditioning"],10,,,,,,,,,1,,,,
5460,739,2026-02-17,14,RECOVERY,[],10,,,,,,,,,1,,,,
5461,740,2026-02-18,1,UPPER,["horizontal_push", "horizontal_pull", "prefer_finisher"],10,,,,,,,,,1,,,,
5462,740,2026-02-19,2,RECOVERY,[],10,,,,,,,,,1,,,,
5463,740,2026-02-20,3,LOWER,["squat", "hinge", "prefer_finisher"],10,,,,,,,,,1,,,,
5464,740,2026-02-21,4,UPPER,["vertical_push", "vertical_pull", "prefer_finisher"],10,,,,,,,,,1,,,,
5465,740,2026-02-22,5,RECOVERY,[],10,,,,,,,,,1,,,,
5466,740,2026-02-23,6,LOWER,["hinge", "lunge", "prefer_accessory"],10,,,,,,,,,1,,,,
5467,740,2026-02-24,7,RECOVERY,[],10,,,,,,,,,1,,,,
5468,740,2026-02-25,8,CARDIO,["cardio", "endurance"],10,,,,,,,,,1,,,,
5469,740,2026-02-26,9,RECOVERY,[],10,,,,,,,,,1,,,,
5433,738,2026-01-21,1,UPPER,["horizontal_push", "horizontal_pull", "prefer_finisher"],70,,,,,,Optimization-first session aligned to your goals and recovery.,,,1,,,,
5440,738,2026-01-28,8,CARDIO,["cardio", "endurance"],60,,,,,,Optimization-first session aligned to your goals and recovery.,,,1,,,,
5442,738,2026-01-30,10,CARDIO,["cardio", "endurance"],60,,,,,,Optimization-first session aligned to your goals and recovery.,,,1,,,,
5470,740,2026-02-27,10,CARDIO,["cardio", "endurance"],10,,,,,,,,,1,,,,
5471,740,2026-02-28,11,CUSTOM,["conditioning"],10,,,,,,,,,1,,,,
5472,740,2026-03-01,12,RECOVERY,[],10,,,,,,,,,1,,,,
5473,740,2026-03-02,13,CUSTOM,["conditioning"],10,,,,,,,,,1,,,,
5474,740,2026-03-03,14,RECOVERY,[],10,,,,,,,,,1,,,,
5475,741,2026-03-04,1,UPPER,["horizontal_push", "horizontal_pull", "prefer_finisher"],10,,,,,,,,,1,,,,
5476,741,2026-03-05,2,RECOVERY,[],10,,,,,,,,,1,,,,
5477,741,2026-03-06,3,LOWER,["squat", "hinge", "prefer_finisher"],10,,,,,,,,,1,,,,
5478,741,2026-03-07,4,UPPER,["vertical_push", "vertical_pull", "prefer_finisher"],10,,,,,,,,,1,,,,
5479,741,2026-03-08,5,RECOVERY,[],10,,,,,,,,,1,,,,
5480,741,2026-03-09,6,LOWER,["hinge", "lunge", "prefer_accessory"],10,,,,,,,,,1,,,,
5481,741,2026-03-10,7,RECOVERY,[],10,,,,,,,,,1,,,,
5482,741,2026-03-11,8,CARDIO,["cardio", "endurance"],10,,,,,,,,,1,,,,
5483,741,2026-03-12,9,RECOVERY,[],10,,,,,,,,,1,,,,
5484,741,2026-03-13,10,CARDIO,["cardio", "endurance"],10,,,,,,,,,1,,,,
5485,741,2026-03-14,11,CUSTOM,["conditioning"],10,,,,,,,,,1,,,,
5486,741,2026-03-15,12,RECOVERY,[],10,,,,,,,,,1,,,,
5487,741,2026-03-16,13,CUSTOM,["conditioning"],10,,,,,,,,,1,,,,
5488,741,2026-03-17,14,RECOVERY,[],10,,,,,,,,,1,,,,
5489,742,2026-03-18,1,UPPER,["horizontal_push", "horizontal_pull", "prefer_finisher"],10,,,,,,,,,1,,,,
5490,742,2026-03-19,2,RECOVERY,[],10,,,,,,,,,1,,,,
5491,742,2026-03-20,3,LOWER,["squat", "hinge", "prefer_finisher"],10,,,,,,,,,1,,,,
5492,742,2026-03-21,4,UPPER,["vertical_push", "vertical_pull", "prefer_finisher"],10,,,,,,,,,1,,,,
4680,669,2026-01-24,4,RECOVERY,[],10,,,,,,,,,1,,,,
5493,742,2026-03-22,5,RECOVERY,[],10,,,,,,,,,1,,,,
5494,742,2026-03-23,6,LOWER,["hinge", "lunge", "prefer_accessory"],10,,,,,,,,,1,,,,
4684,670,2026-01-28,1,PUSH,["horizontal_push", "vertical_push", "prefer_finisher"],10,,,,,,,,,1,,,,
4685,670,2026-01-29,2,PULL,["horizontal_pull", "vertical_pull", "prefer_finisher"],10,,,,,,,,,1,,,,
4686,670,2026-01-30,3,LEGS,["squat", "hinge", "prefer_finisher"],10,,,,,,,,,1,,,,
4687,670,2026-01-31,4,RECOVERY,[],10,,,,,,,,,1,,,,
4688,670,2026-02-01,5,PUSH,["horizontal_push", "vertical_push", "prefer_finisher"],10,,,,,,,,,1,,,,
4689,670,2026-02-02,6,PULL,["horizontal_pull", "vertical_pull", "prefer_accessory"],10,,,,,,,,,1,,,,
4690,670,2026-02-03,7,CARDIO,["cardio", "endurance"],10,,,,,,,,,1,,,,
4691,671,2026-02-04,1,PUSH,["horizontal_push", "vertical_push", "prefer_finisher"],10,,,,,,,,,1,,,,
4692,671,2026-02-05,2,PULL,["horizontal_pull", "vertical_pull", "prefer_finisher"],10,,,,,,,,,1,,,,
4693,671,2026-02-06,3,LEGS,["squat", "hinge", "prefer_finisher"],10,,,,,,,,,1,,,,
4694,671,2026-02-07,4,RECOVERY,[],10,,,,,,,,,1,,,,
4695,671,2026-02-08,5,PUSH,["horizontal_push", "vertical_push", "prefer_finisher"],10,,,,,,,,,1,,,,
4696,671,2026-02-09,6,PULL,["horizontal_pull", "vertical_pull", "prefer_accessory"],10,,,,,,,,,1,,,,
4697,671,2026-02-10,7,CARDIO,["cardio", "endurance"],10,,,,,,,,,1,,,,
4698,672,2026-02-11,1,PUSH,["horizontal_push", "vertical_push", "prefer_finisher"],10,,,,,,,,,1,,,,
4699,672,2026-02-12,2,PULL,["horizontal_pull", "vertical_pull", "prefer_finisher"],10,,,,,,,,,1,,,,
4700,672,2026-02-13,3,LEGS,["squat", "hinge", "prefer_finisher"],10,,,,,,,,,1,,,,
4701,672,2026-02-14,4,RECOVERY,[],10,,,,,,,,,1,,,,
4702,672,2026-02-15,5,PUSH,["horizontal_push", "vertical_push", "prefer_finisher"],10,,,,,,,,,1,,,,
4703,672,2026-02-16,6,PULL,["horizontal_pull", "vertical_pull", "prefer_accessory"],10,,,,,,,,,1,,,,
4704,672,2026-02-17,7,CARDIO,["cardio", "endurance"],10,,,,,,,,,1,,,,
4705,673,2026-02-18,1,PUSH,["horizontal_push", "vertical_push", "prefer_finisher"],10,,,,,,,,,1,,,,
4706,673,2026-02-19,2,PULL,["horizontal_pull", "vertical_pull", "prefer_finisher"],10,,,,,,,,,1,,,,
4707,673,2026-02-20,3,LEGS,["squat", "hinge", "prefer_finisher"],10,,,,,,,,,1,,,,
4708,673,2026-02-21,4,RECOVERY,[],10,,,,,,,,,1,,,,
4709,673,2026-02-22,5,PUSH,["horizontal_push", "vertical_push", "prefer_finisher"],10,,,,,,,,,1,,,,
4710,673,2026-02-23,6,PULL,["horizontal_pull", "vertical_pull", "prefer_accessory"],10,,,,,,,,,1,,,,
4711,673,2026-02-24,7,CARDIO,["cardio", "endurance"],10,,,,,,,,,1,,,,
4712,674,2026-02-25,1,PUSH,["horizontal_push", "vertical_push", "prefer_finisher"],10,,,,,,,,,1,,,,
4713,674,2026-02-26,2,PULL,["horizontal_pull", "vertical_pull", "prefer_finisher"],10,,,,,,,,,1,,,,
4714,674,2026-02-27,3,LEGS,["squat", "hinge", "prefer_finisher"],10,,,,,,,,,1,,,,
4715,674,2026-02-28,4,RECOVERY,[],10,,,,,,,,,1,,,,
4716,674,2026-03-01,5,PUSH,["horizontal_push", "vertical_push", "prefer_finisher"],10,,,,,,,,,1,,,,
4717,674,2026-03-02,6,PULL,["horizontal_pull", "vertical_pull", "prefer_accessory"],10,,,,,,,,,1,,,,
4718,674,2026-03-03,7,CARDIO,["cardio", "endurance"],10,,,,,,,,,1,,,,
4719,675,2026-03-04,1,PUSH,["horizontal_push", "vertical_push", "prefer_finisher"],10,,,,,,,,,1,,,,
4720,675,2026-03-05,2,PULL,["horizontal_pull", "vertical_pull", "prefer_finisher"],10,,,,,,,,,1,,,,
4721,675,2026-03-06,3,LEGS,["squat", "hinge", "prefer_finisher"],10,,,,,,,,,1,,,,
4723,675,2026-03-08,5,PUSH,["horizontal_push", "vertical_push", "prefer_finisher"],10,,,,,,,,,1,,,,
4724,675,2026-03-09,6,PULL,["horizontal_pull", "vertical_pull", "prefer_accessory"],10,,,,,,,,,1,,,,
4725,675,2026-03-10,7,CARDIO,["cardio", "endurance"],10,,,,,,,,,1,,,,
4726,676,2026-03-11,1,PUSH,["horizontal_push", "vertical_push", "prefer_finisher"],10,,,,,,,,,1,,,,
4727,676,2026-03-12,2,PULL,["horizontal_pull", "vertical_pull", "prefer_finisher"],10,,,,,,,,,1,,,,
4728,676,2026-03-13,3,LEGS,["squat", "hinge", "prefer_finisher"],10,,,,,,,,,1,,,,
4729,676,2026-03-14,4,RECOVERY,[],10,,,,,,,,,1,,,,
4730,676,2026-03-15,5,PUSH,["horizontal_push", "vertical_push", "prefer_finisher"],10,,,,,,,,,1,,,,
4731,676,2026-03-16,6,PULL,["horizontal_pull", "vertical_pull", "prefer_accessory"],10,,,,,,,,,1,,,,
4732,676,2026-03-17,7,CARDIO,["cardio", "endurance"],10,,,,,,,,,1,,,,
4733,677,2026-03-18,1,PUSH,["horizontal_push", "vertical_push", "prefer_finisher"],10,,,,,,,,,1,,,,
4734,677,2026-03-19,2,PULL,["horizontal_pull", "vertical_pull", "prefer_finisher"],10,,,,,,,,,1,,,,
4735,677,2026-03-20,3,LEGS,["squat", "hinge", "prefer_finisher"],10,,,,,,,,,1,,,,
5496,742,2026-03-25,8,CARDIO,["cardio", "endurance"],10,,,,,,,,,1,,,,
5497,742,2026-03-26,9,RECOVERY,[],10,,,,,,,,,1,,,,
5498,742,2026-03-27,10,CARDIO,["cardio", "endurance"],10,,,,,,,,,1,,,,
5499,742,2026-03-28,11,CUSTOM,["conditioning"],10,,,,,,,,,1,,,,
5500,742,2026-03-29,12,RECOVERY,[],10,,,,,,,,,1,,,,
5501,742,2026-03-30,13,CUSTOM,["conditioning"],10,,,,,,,,,1,,,,
4737,677,2026-03-22,5,PUSH,["horizontal_push", "vertical_push", "prefer_finisher"],10,,,,,,,,,1,,,,
4738,677,2026-03-23,6,PULL,["horizontal_pull", "vertical_pull", "prefer_accessory"],10,,,,,,,,,1,,,,
4739,677,2026-03-24,7,CARDIO,["cardio", "endurance"],10,,,,,,,,,1,,,,
4740,678,2026-03-25,1,PUSH,["horizontal_push", "vertical_push", "prefer_finisher"],10,,,,,,,,,1,,,,
4741,678,2026-03-26,2,PULL,["horizontal_pull", "vertical_pull", "prefer_finisher"],10,,,,,,,,,1,,,,
4742,678,2026-03-27,3,LEGS,["squat", "hinge", "prefer_finisher"],10,,,,,,,,,1,,,,
4743,678,2026-03-28,4,RECOVERY,[],10,,,,,,,,,1,,,,
4744,678,2026-03-29,5,PUSH,["horizontal_push", "vertical_push", "prefer_finisher"],10,,,,,,,,,1,,,,
4745,678,2026-03-30,6,PULL,["horizontal_pull", "vertical_pull", "prefer_accessory"],10,,,,,,,,,1,,,,
4746,678,2026-03-31,7,CARDIO,["cardio", "endurance"],10,,,,,,,,,1,,,,
4747,679,2026-04-01,1,PUSH,["horizontal_push", "vertical_push", "prefer_finisher"],10,,,,,,,,,1,,,,
4748,679,2026-04-02,2,PULL,["horizontal_pull", "vertical_pull", "prefer_finisher"],10,,,,,,,,,1,,,,
4749,679,2026-04-03,3,LEGS,["squat", "hinge", "prefer_finisher"],10,,,,,,,,,1,,,,
4750,679,2026-04-04,4,RECOVERY,[],10,,,,,,,,,1,,,,
4751,679,2026-04-05,5,PUSH,["horizontal_push", "vertical_push", "prefer_finisher"],10,,,,,,,,,1,,,,
4752,679,2026-04-06,6,PULL,["horizontal_pull", "vertical_pull", "prefer_accessory"],10,,,,,,,,,1,,,,
4753,679,2026-04-07,7,CARDIO,["cardio", "endurance"],10,,,,,,,,,1,,,,
4754,680,2026-04-08,1,PUSH,["horizontal_push", "vertical_push", "prefer_finisher"],10,,,,,,,,,1,,,,
4755,680,2026-04-09,2,PULL,["horizontal_pull", "vertical_pull", "prefer_finisher"],10,,,,,,,,,1,,,,
4756,680,2026-04-10,3,LEGS,["squat", "hinge", "prefer_finisher"],10,,,,,,,,,1,,,,
4757,680,2026-04-11,4,RECOVERY,[],10,,,,,,,,,1,,,,
4758,680,2026-04-12,5,PUSH,["horizontal_push", "vertical_push", "prefer_finisher"],10,,,,,,,,,1,,,,
4759,680,2026-04-13,6,PULL,["horizontal_pull", "vertical_pull", "prefer_accessory"],10,,,,,,,,,1,,,,
4760,680,2026-04-14,7,CARDIO,["cardio", "endurance"],10,,,,,,,,,1,,,,
4677,669,2026-01-21,1,PUSH,["horizontal_push", "vertical_push", "prefer_finisher"],70,,,,,,Optimization-first session aligned to your goals and recovery.,,,1,,,,
4678,669,2026-01-22,2,PULL,["horizontal_pull", "vertical_pull", "prefer_finisher"],70,,,,,,Optimization-first session aligned to your goals and recovery.,,,1,,,,
5502,742,2026-03-31,14,RECOVERY,[],10,,,,,,,,,1,,,,
5503,743,2026-04-01,1,UPPER,["horizontal_push", "horizontal_pull", "prefer_finisher"],10,,,,,,,,,1,,,,
5504,743,2026-04-02,2,RECOVERY,[],10,,,,,,,,,1,,,,
5505,743,2026-04-03,3,LOWER,["squat", "hinge", "prefer_finisher"],10,,,,,,,,,1,,,,
5506,743,2026-04-04,4,UPPER,["vertical_push", "vertical_pull", "prefer_finisher"],10,,,,,,,,,1,,,,
5507,743,2026-04-05,5,RECOVERY,[],10,,,,,,,,,1,,,,
5508,743,2026-04-06,6,LOWER,["hinge", "lunge", "prefer_accessory"],10,,,,,,,,,1,,,,
5509,743,2026-04-07,7,RECOVERY,[],10,,,,,,,,,1,,,,
5510,743,2026-04-08,8,CARDIO,["cardio", "endurance"],10,,,,,,,,,1,,,,
5511,743,2026-04-09,9,RECOVERY,[],10,,,,,,,,,1,,,,
5512,743,2026-04-10,10,CARDIO,["cardio", "endurance"],10,,,,,,,,,1,,,,
5513,743,2026-04-11,11,CUSTOM,["conditioning"],10,,,,,,,,,1,,,,
5514,743,2026-04-12,12,RECOVERY,[],10,,,,,,,,,1,,,,
5515,743,2026-04-13,13,CUSTOM,["conditioning"],10,,,,,,,,,1,,,,
5516,743,2026-04-14,14,RECOVERY,[],10,,,,,,,,,1,,,,
4679,669,2026-01-23,3,LEGS,["squat", "hinge", "prefer_finisher"],70,,,,,,Optimization-first session aligned to your goals and recovery.,,,1,,,,
4681,669,2026-01-25,5,PUSH,["horizontal_push", "vertical_push", "prefer_finisher"],70,,,,,,Optimization-first session aligned to your goals and recovery.,,,1,,,,
4682,669,2026-01-26,6,PULL,["horizontal_pull", "vertical_pull", "prefer_accessory"],70,,,,,,Optimization-first session aligned to your goals and recovery.,,,1,,,,
4683,669,2026-01-27,7,CARDIO,["cardio", "endurance"],60,,,,,,Optimization-first session aligned to your goals and recovery.,,,1,,,,
7894,913,2026-03-18,12,UPPER,["vertical_push", "vertical_pull", "prefer_finisher"],,,,,,,,,,1,0,0,0,{}
5625,751,2026-02-16,11,CUSTOM,["conditioning"],10,,,,,,,,,1,0,0,0,{}
7895,913,2026-03-19,13,LOWER,["lunge", "squat", "prefer_accessory"],,,,,,,,,,1,0,0,0,{}
7896,913,2026-03-20,14,RECOVERY,[],,,,,,,,,,1,0,0,0,{}
7897,914,2026-03-21,1,UPPER,["horizontal_push", "horizontal_pull", "prefer_finisher"],,,,,,,,,,1,0,0,0,{}
7898,914,2026-03-22,2,LOWER,["squat", "hinge", "prefer_finisher"],,,,,,,,,,1,0,0,0,{}
7899,914,2026-03-23,3,RECOVERY,[],,,,,,,,,,1,0,0,0,{}
7900,914,2026-03-24,4,FULL_BODY,["hinge", "vertical_push", "vertical_pull", "prefer_finisher"],,,,,,,,,,1,0,0,0,{}
7901,914,2026-03-25,5,UPPER,["horizontal_push", "horizontal_pull", "prefer_finisher"],,,,,,,,,,1,0,0,0,{}
7902,914,2026-03-26,6,LOWER,["lunge", "squat", "prefer_finisher"],,,,,,,,,,1,0,0,0,{}
7903,914,2026-03-27,7,RECOVERY,[],,,,,,,,,,1,0,0,0,{}
7933,916,2026-02-01,9,LOWER,["squat", "hinge", "prefer_finisher"],,,,,,,,,,1,0,0,0,{}
7934,916,2026-02-02,10,FULL_BODY,["hinge", "horizontal_push", "horizontal_pull", "prefer_finisher"],,,,,,,,,,1,0,0,0,{}
7935,916,2026-02-03,11,RECOVERY,[],,,,,,,,,,1,0,0,0,{}
7936,916,2026-02-04,12,UPPER,["vertical_push", "vertical_pull", "prefer_finisher"],,,,,,,,,,1,0,0,0,{}
7937,916,2026-02-05,13,LOWER,["lunge", "squat", "prefer_accessory"],,,,,,,,,,1,0,0,0,{}
7938,916,2026-02-06,14,RECOVERY,[],,,,,,,,,,1,0,0,0,{}
7939,917,2026-02-07,1,UPPER,["horizontal_push", "horizontal_pull", "prefer_finisher"],,,,,,,,,,1,0,0,0,{}
7940,917,2026-02-08,2,LOWER,["squat", "hinge", "prefer_finisher"],,,,,,,,,,1,0,0,0,{}
7941,917,2026-02-09,3,RECOVERY,[],,,,,,,,,,1,0,0,0,{}
7942,917,2026-02-10,4,FULL_BODY,["hinge", "vertical_push", "vertical_pull", "prefer_finisher"],,,,,,,,,,1,0,0,0,{}
7943,917,2026-02-11,5,UPPER,["horizontal_push", "horizontal_pull", "prefer_finisher"],,,,,,,,,,1,0,0,0,{}
7944,917,2026-02-12,6,LOWER,["lunge", "squat", "prefer_finisher"],,,,,,,,,,1,0,0,0,{}
7945,917,2026-02-13,7,RECOVERY,[],,,,,,,,,,1,0,0,0,{}
7946,917,2026-02-14,8,UPPER,["vertical_push", "vertical_pull", "prefer_finisher"],,,,,,,,,,1,0,0,0,{}
7947,917,2026-02-15,9,LOWER,["squat", "hinge", "prefer_finisher"],,,,,,,,,,1,0,0,0,{}
7948,917,2026-02-16,10,FULL_BODY,["hinge", "horizontal_push", "horizontal_pull", "prefer_finisher"],,,,,,,,,,1,0,0,0,{}
7949,917,2026-02-17,11,RECOVERY,[],,,,,,,,,,1,0,0,0,{}
7950,917,2026-02-18,12,UPPER,["vertical_push", "vertical_pull", "prefer_finisher"],,,,,,,,,,1,0,0,0,{}
7951,917,2026-02-19,13,LOWER,["lunge", "squat", "prefer_accessory"],,,,,,,,,,1,0,0,0,{}
7952,917,2026-02-20,14,RECOVERY,[],,,,,,,,,,1,0,0,0,{}
7953,918,2026-02-21,1,UPPER,["horizontal_push", "horizontal_pull", "prefer_finisher"],,,,,,,,,,1,0,0,0,{}
7954,918,2026-02-22,2,LOWER,["squat", "hinge", "prefer_finisher"],,,,,,,,,,1,0,0,0,{}
7955,918,2026-02-23,3,RECOVERY,[],,,,,,,,,,1,0,0,0,{}
7956,918,2026-02-24,4,FULL_BODY,["hinge", "vertical_push", "vertical_pull", "prefer_finisher"],,,,,,,,,,1,0,0,0,{}
7957,918,2026-02-25,5,UPPER,["horizontal_push", "horizontal_pull", "prefer_finisher"],,,,,,,,,,1,0,0,0,{}
7958,918,2026-02-26,6,LOWER,["lunge", "squat", "prefer_finisher"],,,,,,,,,,1,0,0,0,{}
7959,918,2026-02-27,7,RECOVERY,[],,,,,,,,,,1,0,0,0,{}
7960,918,2026-02-28,8,UPPER,["vertical_push", "vertical_pull", "prefer_finisher"],,,,,,,,,,1,0,0,0,{}
7961,918,2026-03-01,9,LOWER,["squat", "hinge", "prefer_finisher"],,,,,,,,,,1,0,0,0,{}
7962,918,2026-03-02,10,FULL_BODY,["hinge", "horizontal_push", "horizontal_pull", "prefer_finisher"],,,,,,,,,,1,0,0,0,{}
7963,918,2026-03-03,11,RECOVERY,[],,,,,,,,,,1,0,0,0,{}
7964,918,2026-03-04,12,UPPER,["vertical_push", "vertical_pull", "prefer_finisher"],,,,,,,,,,1,0,0,0,{}
7965,918,2026-03-05,13,LOWER,["lunge", "squat", "prefer_accessory"],,,,,,,,,,1,0,0,0,{}
7966,918,2026-03-06,14,RECOVERY,[],,,,,,,,,,1,0,0,0,{}
7967,919,2026-03-07,1,UPPER,["horizontal_push", "horizontal_pull", "prefer_finisher"],,,,,,,,,,1,0,0,0,{}
7968,919,2026-03-08,2,LOWER,["squat", "hinge", "prefer_finisher"],,,,,,,,,,1,0,0,0,{}
7969,919,2026-03-09,3,RECOVERY,[],,,,,,,,,,1,0,0,0,{}
7970,919,2026-03-10,4,FULL_BODY,["hinge", "vertical_push", "vertical_pull", "prefer_finisher"],,,,,,,,,,1,0,0,0,{}
7971,919,2026-03-11,5,UPPER,["horizontal_push", "horizontal_pull", "prefer_finisher"],,,,,,,,,,1,0,0,0,{}
7972,919,2026-03-12,6,LOWER,["lunge", "squat", "prefer_finisher"],,,,,,,,,,1,0,0,0,{}
7973,919,2026-03-13,7,RECOVERY,[],,,,,,,,,,1,0,0,0,{}
7974,919,2026-03-14,8,UPPER,["vertical_push", "vertical_pull", "prefer_finisher"],,,,,,,,,,1,0,0,0,{}
7975,919,2026-03-15,9,LOWER,["squat", "hinge", "prefer_finisher"],,,,,,,,,,1,0,0,0,{}
7976,919,2026-03-16,10,FULL_BODY,["hinge", "horizontal_push", "horizontal_pull", "prefer_finisher"],,,,,,,,,,1,0,0,0,{}
7977,919,2026-03-17,11,RECOVERY,[],,,,,,,,,,1,0,0,0,{}
7978,919,2026-03-18,12,UPPER,["vertical_push", "vertical_pull", "prefer_finisher"],,,,,,,,,,1,0,0,0,{}
7979,919,2026-03-19,13,LOWER,["lunge", "squat", "prefer_accessory"],,,,,,,,,,1,0,0,0,{}
7980,919,2026-03-20,14,RECOVERY,[],,,,,,,,,,1,0,0,0,{}
7981,920,2026-03-21,1,UPPER,["horizontal_push", "horizontal_pull", "prefer_finisher"],,,,,,,,,,1,0,0,0,{}
7982,920,2026-03-22,2,LOWER,["squat", "hinge", "prefer_finisher"],,,,,,,,,,1,0,0,0,{}
7983,920,2026-03-23,3,RECOVERY,[],,,,,,,,,,1,0,0,0,{}
7984,920,2026-03-24,4,FULL_BODY,["hinge", "vertical_push", "vertical_pull", "prefer_finisher"],,,,,,,,,,1,0,0,0,{}
7985,920,2026-03-25,5,UPPER,["horizontal_push", "horizontal_pull", "prefer_finisher"],,,,,,,,,,1,0,0,0,{}
7986,920,2026-03-26,6,LOWER,["lunge", "squat", "prefer_finisher"],,,,,,,,,,1,0,0,0,{}
7987,920,2026-03-27,7,RECOVERY,[],,,,,,,,,,1,0,0,0,{}
7988,920,2026-03-28,8,UPPER,["vertical_push", "vertical_pull", "prefer_finisher"],,,,,,,,,,1,0,0,0,{}
7989,920,2026-03-29,9,LOWER,["squat", "hinge", "prefer_finisher"],,,,,,,,,,1,0,0,0,{}
7990,920,2026-03-30,10,FULL_BODY,["hinge", "horizontal_push", "horizontal_pull", "prefer_finisher"],,,,,,,,,,1,0,0,0,{}
7991,920,2026-03-31,11,RECOVERY,[],,,,,,,,,,1,0,0,0,{}
7992,920,2026-04-01,12,UPPER,["vertical_push", "vertical_pull", "prefer_finisher"],,,,,,,,,,1,0,0,0,{}
5295,728,2026-01-23,3,LOWER,["squat", "hinge", "prefer_finisher"],70,,,,,,Optimization-first session aligned to your goals and recovery.,,,1,,,,
5296,728,2026-01-24,4,UPPER,["vertical_push", "vertical_pull", "prefer_finisher"],70,,,,,,Optimization-first session aligned to your goals and recovery.,,,1,,,,
5435,738,2026-01-23,3,LOWER,["squat", "hinge", "prefer_finisher"],70,,,,,,Optimization-first session aligned to your goals and recovery.,,,1,,,,
4923,701,2026-02-12,9,LOWER,["squat", "hinge", "prefer_finisher"],10,,,,,,,,,1,,,,
4924,701,2026-02-13,10,FULL_BODY,["hinge", "horizontal_push", "horizontal_pull", "prefer_finisher"],10,,,,,,,,,1,,,,
4926,701,2026-02-15,12,UPPER,["vertical_push", "vertical_pull", "prefer_finisher"],10,,,,,,,,,1,,,,
4927,701,2026-02-16,13,LOWER,["lunge", "squat", "prefer_accessory"],10,,,,,,,,,1,,,,
4928,701,2026-02-17,14,RECOVERY,[],10,,,,,,,,,1,,,,
4929,702,2026-02-18,1,UPPER,["horizontal_push", "horizontal_pull", "prefer_finisher"],10,,,,,,,,,1,,,,
4930,702,2026-02-19,2,LOWER,["squat", "hinge", "prefer_finisher"],10,,,,,,,,,1,,,,
4931,702,2026-02-20,3,RECOVERY,[],10,,,,,,,,,1,,,,
4932,702,2026-02-21,4,FULL_BODY,["hinge", "vertical_push", "vertical_pull", "prefer_finisher"],10,,,,,,,,,1,,,,
4933,702,2026-02-22,5,UPPER,["horizontal_push", "horizontal_pull", "prefer_finisher"],10,,,,,,,,,1,,,,
4934,702,2026-02-23,6,LOWER,["lunge", "squat", "prefer_finisher"],10,,,,,,,,,1,,,,
4935,702,2026-02-24,7,RECOVERY,[],10,,,,,,,,,1,,,,
4936,702,2026-02-25,8,UPPER,["vertical_push", "vertical_pull", "prefer_finisher"],10,,,,,,,,,1,,,,
4937,702,2026-02-26,9,LOWER,["squat", "hinge", "prefer_finisher"],10,,,,,,,,,1,,,,
4938,702,2026-02-27,10,FULL_BODY,["hinge", "horizontal_push", "horizontal_pull", "prefer_finisher"],10,,,,,,,,,1,,,,
4939,702,2026-02-28,11,RECOVERY,[],10,,,,,,,,,1,,,,
4940,702,2026-03-01,12,UPPER,["vertical_push", "vertical_pull", "prefer_finisher"],10,,,,,,,,,1,,,,
4941,702,2026-03-02,13,LOWER,["lunge", "squat", "prefer_accessory"],10,,,,,,,,,1,,,,
4942,702,2026-03-03,14,RECOVERY,[],10,,,,,,,,,1,,,,
4943,703,2026-03-04,1,UPPER,["horizontal_push", "horizontal_pull", "prefer_finisher"],10,,,,,,,,,1,,,,
4944,703,2026-03-05,2,LOWER,["squat", "hinge", "prefer_finisher"],10,,,,,,,,,1,,,,
4945,703,2026-03-06,3,RECOVERY,[],10,,,,,,,,,1,,,,
4946,703,2026-03-07,4,FULL_BODY,["hinge", "vertical_push", "vertical_pull", "prefer_finisher"],10,,,,,,,,,1,,,,
4947,703,2026-03-08,5,UPPER,["horizontal_push", "horizontal_pull", "prefer_finisher"],10,,,,,,,,,1,,,,
4948,703,2026-03-09,6,LOWER,["lunge", "squat", "prefer_finisher"],10,,,,,,,,,1,,,,
4949,703,2026-03-10,7,RECOVERY,[],10,,,,,,,,,1,,,,
4950,703,2026-03-11,8,UPPER,["vertical_push", "vertical_pull", "prefer_finisher"],10,,,,,,,,,1,,,,
4951,703,2026-03-12,9,LOWER,["squat", "hinge", "prefer_finisher"],10,,,,,,,,,1,,,,
4952,703,2026-03-13,10,FULL_BODY,["hinge", "horizontal_push", "horizontal_pull", "prefer_finisher"],10,,,,,,,,,1,,,,
4953,703,2026-03-14,11,RECOVERY,[],10,,,,,,,,,1,,,,
4954,703,2026-03-15,12,UPPER,["vertical_push", "vertical_pull", "prefer_finisher"],10,,,,,,,,,1,,,,
5026,708,2026-03-03,14,RECOVERY,[],,,,,,,,,,1,,,,
4955,703,2026-03-16,13,LOWER,["lunge", "squat", "prefer_accessory"],10,,,,,,,,,1,,,,
4956,703,2026-03-17,14,RECOVERY,[],10,,,,,,,,,1,,,,
4957,704,2026-03-18,1,UPPER,["horizontal_push", "horizontal_pull", "prefer_finisher"],10,,,,,,,,,1,,,,
4958,704,2026-03-19,2,LOWER,["squat", "hinge", "prefer_finisher"],10,,,,,,,,,1,,,,
4959,704,2026-03-20,3,RECOVERY,[],10,,,,,,,,,1,,,,
4960,704,2026-03-21,4,FULL_BODY,["hinge", "vertical_push", "vertical_pull", "prefer_finisher"],10,,,,,,,,,1,,,,
4961,704,2026-03-22,5,UPPER,["horizontal_push", "horizontal_pull", "prefer_finisher"],10,,,,,,,,,1,,,,
4962,704,2026-03-23,6,LOWER,["lunge", "squat", "prefer_finisher"],10,,,,,,,,,1,,,,
4963,704,2026-03-24,7,RECOVERY,[],10,,,,,,,,,1,,,,
4964,704,2026-03-25,8,UPPER,["vertical_push", "vertical_pull", "prefer_finisher"],10,,,,,,,,,1,,,,
4965,704,2026-03-26,9,LOWER,["squat", "hinge", "prefer_finisher"],10,,,,,,,,,1,,,,
4966,704,2026-03-27,10,FULL_BODY,["hinge", "horizontal_push", "horizontal_pull", "prefer_finisher"],10,,,,,,,,,1,,,,
4967,704,2026-03-28,11,RECOVERY,[],10,,,,,,,,,1,,,,
4968,704,2026-03-29,12,UPPER,["vertical_push", "vertical_pull", "prefer_finisher"],10,,,,,,,,,1,,,,
4969,704,2026-03-30,13,LOWER,["lunge", "squat", "prefer_accessory"],10,,,,,,,,,1,,,,
4970,704,2026-03-31,14,RECOVERY,[],10,,,,,,,,,1,,,,
4971,705,2026-04-01,1,UPPER,["horizontal_push", "horizontal_pull", "prefer_finisher"],10,,,,,,,,,1,,,,
4972,705,2026-04-02,2,LOWER,["squat", "hinge", "prefer_finisher"],10,,,,,,,,,1,,,,
4973,705,2026-04-03,3,RECOVERY,[],10,,,,,,,,,1,,,,
4974,705,2026-04-04,4,FULL_BODY,["hinge", "vertical_push", "vertical_pull", "prefer_finisher"],10,,,,,,,,,1,,,,
4975,705,2026-04-05,5,UPPER,["horizontal_push", "horizontal_pull", "prefer_finisher"],10,,,,,,,,,1,,,,
4976,705,2026-04-06,6,LOWER,["lunge", "squat", "prefer_finisher"],10,,,,,,,,,1,,,,
4977,705,2026-04-07,7,RECOVERY,[],10,,,,,,,,,1,,,,
4978,705,2026-04-08,8,UPPER,["vertical_push", "vertical_pull", "prefer_finisher"],10,,,,,,,,,1,,,,
4979,705,2026-04-09,9,LOWER,["squat", "hinge", "prefer_finisher"],10,,,,,,,,,1,,,,
4980,705,2026-04-10,10,FULL_BODY,["hinge", "horizontal_push", "horizontal_pull", "prefer_finisher"],10,,,,,,,,,1,,,,
4981,705,2026-04-11,11,RECOVERY,[],10,,,,,,,,,1,,,,
4982,705,2026-04-12,12,UPPER,["vertical_push", "vertical_pull", "prefer_finisher"],10,,,,,,,,,1,,,,
4983,705,2026-04-13,13,LOWER,["lunge", "squat", "prefer_accessory"],10,,,,,,,,,1,,,,
4984,705,2026-04-14,14,RECOVERY,[],10,,,,,,,,,1,,,,
4901,700,2026-01-21,1,UPPER,["horizontal_push", "horizontal_pull", "prefer_finisher"],70,,,,,,Optimization-first session aligned to your goals and recovery.,,,1,,,,
5011,707,2026-02-16,13,UPPER,["horizontal_push", "horizontal_pull"],,,,,,,,,,1,,,,
5012,707,2026-02-17,14,RECOVERY,[],,,,,,,,,,1,,,,
5013,708,2026-02-18,1,UPPER,["horizontal_push", "horizontal_pull", "prefer_accessory"],,,,,,,,,,1,,,,
4902,700,2026-01-22,2,LOWER,["squat", "hinge", "prefer_finisher"],70,,,,,,Optimization-first session aligned to your goals and recovery.,,,1,,,,
4904,700,2026-01-24,4,FULL_BODY,["hinge", "vertical_push", "vertical_pull", "prefer_finisher"],70,,,,,,Optimization-first session aligned to your goals and recovery.,,,1,,,,
4905,700,2026-01-25,5,UPPER,["horizontal_push", "horizontal_pull", "prefer_finisher"],70,,,,,,Optimization-first session aligned to your goals and recovery.,,,1,,,,
4908,700,2026-01-28,8,UPPER,["vertical_push", "vertical_pull", "prefer_finisher"],70,,,,,,Optimization-first session aligned to your goals and recovery.,,,1,,,,
4909,700,2026-01-29,9,LOWER,["squat", "hinge", "prefer_finisher"],70,,,,,,Optimization-first session aligned to your goals and recovery.,,,1,,,,
4906,700,2026-01-26,6,LOWER,["lunge", "squat", "prefer_finisher"],70,,,,,,Optimization-first session aligned to your goals and recovery.,,,1,,,,
4910,700,2026-01-30,10,FULL_BODY,["hinge", "horizontal_push", "horizontal_pull", "prefer_finisher"],70,,,,,,Optimization-first session aligned to your goals and recovery.,,,1,,,,
4912,700,2026-02-01,12,UPPER,["vertical_push", "vertical_pull", "prefer_finisher"],70,,,,,,Optimization-first session aligned to your goals and recovery.,,,1,,,,
4913,700,2026-02-02,13,LOWER,["lunge", "squat", "prefer_accessory"],70,,,,,,Optimization-first session aligned to your goals and recovery.,,,1,,,,
4985,706,2026-01-21,1,UPPER,["horizontal_push", "horizontal_pull", "prefer_accessory"],,,,,,,,,,1,,,,
4986,706,2026-01-22,2,RECOVERY,[],,,,,,,,,,1,,,,
4987,706,2026-01-23,3,LOWER,["squat", "hinge"],,,,,,,,,,1,,,,
4988,706,2026-01-24,4,UPPER,["vertical_push", "vertical_pull"],,,,,,,,,,1,,,,
4989,706,2026-01-25,5,RECOVERY,[],,,,,,,,,,1,,,,
4990,706,2026-01-26,6,LOWER,["hinge", "lunge"],,,,,,,,,,1,,,,
4991,706,2026-01-27,7,RECOVERY,[],,,,,,,,,,1,,,,
4992,706,2026-01-28,8,FULL_BODY,["lunge", "horizontal_push", "horizontal_pull"],,,,,,,,,,1,,,,
4993,706,2026-01-29,9,RECOVERY,[],,,,,,,,,,1,,,,
4994,706,2026-01-30,10,UPPER,["vertical_push", "vertical_pull"],,,,,,,,,,1,,,,
4995,706,2026-01-31,11,LOWER,["squat", "hinge"],,,,,,,,,,1,,,,
4996,706,2026-02-01,12,RECOVERY,[],,,,,,,,,,1,,,,
4997,706,2026-02-02,13,UPPER,["horizontal_push", "horizontal_pull"],,,,,,,,,,1,,,,
4998,706,2026-02-03,14,RECOVERY,[],,,,,,,,,,1,,,,
4999,707,2026-02-04,1,UPPER,["horizontal_push", "horizontal_pull", "prefer_accessory"],,,,,,,,,,1,,,,
5000,707,2026-02-05,2,RECOVERY,[],,,,,,,,,,1,,,,
5001,707,2026-02-06,3,LOWER,["squat", "hinge"],,,,,,,,,,1,,,,
5002,707,2026-02-07,4,UPPER,["vertical_push", "vertical_pull"],,,,,,,,,,1,,,,
5003,707,2026-02-08,5,RECOVERY,[],,,,,,,,,,1,,,,
5004,707,2026-02-09,6,LOWER,["hinge", "lunge"],,,,,,,,,,1,,,,
5005,707,2026-02-10,7,RECOVERY,[],,,,,,,,,,1,,,,
5006,707,2026-02-11,8,FULL_BODY,["lunge", "horizontal_push", "horizontal_pull"],,,,,,,,,,1,,,,
5007,707,2026-02-12,9,RECOVERY,[],,,,,,,,,,1,,,,
5008,707,2026-02-13,10,UPPER,["vertical_push", "vertical_pull"],,,,,,,,,,1,,,,
5009,707,2026-02-14,11,LOWER,["squat", "hinge"],,,,,,,,,,1,,,,
5010,707,2026-02-15,12,RECOVERY,[],,,,,,,,,,1,,,,
5017,708,2026-02-22,5,RECOVERY,[],,,,,,,,,,1,,,,
5018,708,2026-02-23,6,LOWER,["hinge", "lunge"],,,,,,,,,,1,,,,
5019,708,2026-02-24,7,RECOVERY,[],,,,,,,,,,1,,,,
5020,708,2026-02-25,8,FULL_BODY,["lunge", "horizontal_push", "horizontal_pull"],,,,,,,,,,1,,,,
5021,708,2026-02-26,9,RECOVERY,[],,,,,,,,,,1,,,,
5022,708,2026-02-27,10,UPPER,["vertical_push", "vertical_pull"],,,,,,,,,,1,,,,
5023,708,2026-02-28,11,LOWER,["squat", "hinge"],,,,,,,,,,1,,,,
5024,708,2026-03-01,12,RECOVERY,[],,,,,,,,,,1,,,,
5245,724,2026-02-26,9,RECOVERY,[],10,,,,,,,,,1,,,,
5027,709,2026-03-04,1,UPPER,["horizontal_push", "horizontal_pull", "prefer_accessory"],,,,,,,,,,1,,,,
5028,709,2026-03-05,2,RECOVERY,[],,,,,,,,,,1,,,,
5029,709,2026-03-06,3,LOWER,["squat", "hinge"],,,,,,,,,,1,,,,
5030,709,2026-03-07,4,UPPER,["vertical_push", "vertical_pull"],,,,,,,,,,1,,,,
5031,709,2026-03-08,5,RECOVERY,[],,,,,,,,,,1,,,,
5032,709,2026-03-09,6,LOWER,["hinge", "lunge"],,,,,,,,,,1,,,,
5033,709,2026-03-10,7,RECOVERY,[],,,,,,,,,,1,,,,
5034,709,2026-03-11,8,FULL_BODY,["lunge", "horizontal_push", "horizontal_pull"],,,,,,,,,,1,,,,
5035,709,2026-03-12,9,RECOVERY,[],,,,,,,,,,1,,,,
5036,709,2026-03-13,10,UPPER,["vertical_push", "vertical_pull"],,,,,,,,,,1,,,,
5037,709,2026-03-14,11,LOWER,["squat", "hinge"],,,,,,,,,,1,,,,
5038,709,2026-03-15,12,RECOVERY,[],,,,,,,,,,1,,,,
5039,709,2026-03-16,13,UPPER,["horizontal_push", "horizontal_pull"],,,,,,,,,,1,,,,
5040,709,2026-03-17,14,RECOVERY,[],,,,,,,,,,1,,,,
7993,920,2026-04-02,13,LOWER,["lunge", "squat", "prefer_accessory"],,,,,,,,,,1,0,0,0,{}
7994,920,2026-04-03,14,RECOVERY,[],,,,,,,,,,1,0,0,0,{}
7995,921,2026-04-04,1,UPPER,["horizontal_push", "horizontal_pull", "prefer_finisher"],,,,,,,,,,1,0,0,0,{}
7996,921,2026-04-05,2,LOWER,["squat", "hinge", "prefer_finisher"],,,,,,,,,,1,0,0,0,{}
7997,921,2026-04-06,3,RECOVERY,[],,,,,,,,,,1,0,0,0,{}
7998,921,2026-04-07,4,FULL_BODY,["hinge", "vertical_push", "vertical_pull", "prefer_finisher"],,,,,,,,,,1,0,0,0,{}
7999,921,2026-04-08,5,UPPER,["horizontal_push", "horizontal_pull", "prefer_finisher"],,,,,,,,,,1,0,0,0,{}
8000,921,2026-04-09,6,LOWER,["lunge", "squat", "prefer_finisher"],,,,,,,,,,1,0,0,0,{}
8001,921,2026-04-10,7,RECOVERY,[],,,,,,,,,,1,0,0,0,{}
8002,921,2026-04-11,8,UPPER,["vertical_push", "vertical_pull", "prefer_finisher"],,,,,,,,,,1,0,0,0,{}
8003,921,2026-04-12,9,LOWER,["squat", "hinge", "prefer_finisher"],,,,,,,,,,1,0,0,0,{}
8004,921,2026-04-13,10,FULL_BODY,["hinge", "horizontal_push", "horizontal_pull", "prefer_finisher"],,,,,,,,,,1,0,0,0,{}
8005,921,2026-04-14,11,RECOVERY,[],,,,,,,,,,1,0,0,0,{}
8006,921,2026-04-15,12,UPPER,["vertical_push", "vertical_pull", "prefer_finisher"],,,,,,,,,,1,0,0,0,{}
8007,921,2026-04-16,13,LOWER,["lunge", "squat", "prefer_accessory"],,,,,,,,,,1,0,0,0,{}
8008,921,2026-04-17,14,RECOVERY,[],,,,,,,,,,1,0,0,0,{}
8093,928,2026-01-24,1,UPPER,["horizontal_push", "horizontal_pull", "prefer_finisher"],,,,,,,,,,1,0,0,0,{}
8094,928,2026-01-25,2,LOWER,["squat", "hinge", "prefer_finisher"],,,,,,,,,,1,0,0,0,{}
8095,928,2026-01-26,3,RECOVERY,[],,,,,,,,,,1,0,0,0,{}
8096,928,2026-01-27,4,FULL_BODY,["hinge", "vertical_push", "vertical_pull", "prefer_finisher"],,,,,,,,,,1,0,0,0,{}
8097,928,2026-01-28,5,UPPER,["horizontal_push", "horizontal_pull", "prefer_finisher"],,,,,,,,,,1,0,0,0,{}
8098,928,2026-01-29,6,LOWER,["lunge", "squat", "prefer_finisher"],,,,,,,,,,1,0,0,0,{}
8099,928,2026-01-30,7,RECOVERY,[],,,,,,,,,,1,0,0,0,{}
8100,928,2026-01-31,8,UPPER,["vertical_push", "vertical_pull", "prefer_finisher"],,,,,,,,,,1,0,0,0,{}
8101,928,2026-02-01,9,LOWER,["squat", "hinge", "prefer_finisher"],,,,,,,,,,1,0,0,0,{}
8102,928,2026-02-02,10,FULL_BODY,["hinge", "horizontal_push", "horizontal_pull", "prefer_finisher"],,,,,,,,,,1,0,0,0,{}
8103,928,2026-02-03,11,RECOVERY,[],,,,,,,,,,1,0,0,0,{}
8104,928,2026-02-04,12,UPPER,["vertical_push", "vertical_pull", "prefer_finisher"],,,,,,,,,,1,0,0,0,{}
8105,928,2026-02-05,13,LOWER,["lunge", "squat", "prefer_accessory"],,,,,,,,,,1,0,0,0,{}
8106,928,2026-02-06,14,RECOVERY,[],,,,,,,,,,1,0,0,0,{}
5045,710,2026-01-25,5,RECOVERY,[],10,,,,,,,,,1,,,,
5047,710,2026-01-27,7,RECOVERY,[],10,,,,,,,,,1,,,,
5049,710,2026-01-29,9,RECOVERY,[],10,,,,,,,,,1,,,,
5052,710,2026-02-01,12,RECOVERY,[],10,,,,,,,,,1,,,,
5054,710,2026-02-03,14,RECOVERY,[],10,,,,,,,,,1,,,,
5055,711,2026-02-04,1,UPPER,["horizontal_push", "horizontal_pull", "prefer_accessory"],10,,,,,,,,,1,,,,
5056,711,2026-02-05,2,RECOVERY,[],10,,,,,,,,,1,,,,
5057,711,2026-02-06,3,LOWER,["squat", "hinge"],10,,,,,,,,,1,,,,
5058,711,2026-02-07,4,UPPER,["vertical_push", "vertical_pull"],10,,,,,,,,,1,,,,
5059,711,2026-02-08,5,RECOVERY,[],10,,,,,,,,,1,,,,
5060,711,2026-02-09,6,LOWER,["hinge", "lunge"],10,,,,,,,,,1,,,,
5061,711,2026-02-10,7,RECOVERY,[],10,,,,,,,,,1,,,,
5062,711,2026-02-11,8,FULL_BODY,["lunge", "horizontal_push", "horizontal_pull"],10,,,,,,,,,1,,,,
5063,711,2026-02-12,9,RECOVERY,[],10,,,,,,,,,1,,,,
5064,711,2026-02-13,10,UPPER,["vertical_push", "vertical_pull"],10,,,,,,,,,1,,,,
5065,711,2026-02-14,11,LOWER,["squat", "hinge"],10,,,,,,,,,1,,,,
5066,711,2026-02-15,12,RECOVERY,[],10,,,,,,,,,1,,,,
5067,711,2026-02-16,13,UPPER,["horizontal_push", "horizontal_pull"],10,,,,,,,,,1,,,,
5068,711,2026-02-17,14,RECOVERY,[],10,,,,,,,,,1,,,,
5069,712,2026-02-18,1,UPPER,["horizontal_push", "horizontal_pull", "prefer_accessory"],10,,,,,,,,,1,,,,
5070,712,2026-02-19,2,RECOVERY,[],10,,,,,,,,,1,,,,
5071,712,2026-02-20,3,LOWER,["squat", "hinge"],10,,,,,,,,,1,,,,
5072,712,2026-02-21,4,UPPER,["vertical_push", "vertical_pull"],10,,,,,,,,,1,,,,
5073,712,2026-02-22,5,RECOVERY,[],10,,,,,,,,,1,,,,
5074,712,2026-02-23,6,LOWER,["hinge", "lunge"],10,,,,,,,,,1,,,,
5075,712,2026-02-24,7,RECOVERY,[],10,,,,,,,,,1,,,,
5076,712,2026-02-25,8,FULL_BODY,["lunge", "horizontal_push", "horizontal_pull"],10,,,,,,,,,1,,,,
5077,712,2026-02-26,9,RECOVERY,[],10,,,,,,,,,1,,,,
5078,712,2026-02-27,10,UPPER,["vertical_push", "vertical_pull"],10,,,,,,,,,1,,,,
5079,712,2026-02-28,11,LOWER,["squat", "hinge"],10,,,,,,,,,1,,,,
5080,712,2026-03-01,12,RECOVERY,[],10,,,,,,,,,1,,,,
5081,712,2026-03-02,13,UPPER,["horizontal_push", "horizontal_pull"],10,,,,,,,,,1,,,,
5082,712,2026-03-03,14,RECOVERY,[],10,,,,,,,,,1,,,,
5083,713,2026-03-04,1,UPPER,["horizontal_push", "horizontal_pull", "prefer_accessory"],10,,,,,,,,,1,,,,
5084,713,2026-03-05,2,RECOVERY,[],10,,,,,,,,,1,,,,
5085,713,2026-03-06,3,LOWER,["squat", "hinge"],10,,,,,,,,,1,,,,
5086,713,2026-03-07,4,UPPER,["vertical_push", "vertical_pull"],10,,,,,,,,,1,,,,
5087,713,2026-03-08,5,RECOVERY,[],10,,,,,,,,,1,,,,
5088,713,2026-03-09,6,LOWER,["hinge", "lunge"],10,,,,,,,,,1,,,,
5089,713,2026-03-10,7,RECOVERY,[],10,,,,,,,,,1,,,,
5090,713,2026-03-11,8,FULL_BODY,["lunge", "horizontal_push", "horizontal_pull"],10,,,,,,,,,1,,,,
5091,713,2026-03-12,9,RECOVERY,[],10,,,,,,,,,1,,,,
5092,713,2026-03-13,10,UPPER,["vertical_push", "vertical_pull"],10,,,,,,,,,1,,,,
5656,753,2026-03-19,14,RECOVERY,[],10,,,,,,,,,1,0,0,0,{}
5657,754,2026-03-20,1,UPPER,["horizontal_push", "horizontal_pull", "prefer_finisher"],10,,,,,,,,,1,0,0,0,{}
5658,754,2026-03-21,2,RECOVERY,[],10,,,,,,,,,1,0,0,0,{}
5659,754,2026-03-22,3,LOWER,["squat", "hinge", "prefer_finisher"],10,,,,,,,,,1,0,0,0,{}
5044,710,2026-01-24,4,UPPER,["vertical_push", "vertical_pull"],70,,,,,,Optimization-first session aligned to your goals and recovery.,,,1,,,,
5673,755,2026-04-05,3,LOWER,["squat", "hinge", "prefer_finisher"],10,,,,,,,,,1,0,0,0,{}
5048,710,2026-01-28,8,FULL_BODY,["lunge", "horizontal_push", "horizontal_pull"],70,,,,,,Optimization-first session aligned to your goals and recovery.,,,1,,,,
8107,929,2026-02-07,1,UPPER,["horizontal_push", "horizontal_pull", "prefer_finisher"],,,,,,,,,,1,0,0,0,{}
8108,929,2026-02-08,2,LOWER,["squat", "hinge", "prefer_finisher"],,,,,,,,,,1,0,0,0,{}
8109,929,2026-02-09,3,RECOVERY,[],,,,,,,,,,1,0,0,0,{}
8110,929,2026-02-10,4,FULL_BODY,["hinge", "vertical_push", "vertical_pull", "prefer_finisher"],,,,,,,,,,1,0,0,0,{}
8111,929,2026-02-11,5,UPPER,["horizontal_push", "horizontal_pull", "prefer_finisher"],,,,,,,,,,1,0,0,0,{}
8112,929,2026-02-12,6,LOWER,["lunge", "squat", "prefer_finisher"],,,,,,,,,,1,0,0,0,{}
8113,929,2026-02-13,7,RECOVERY,[],,,,,,,,,,1,0,0,0,{}
8114,929,2026-02-14,8,UPPER,["vertical_push", "vertical_pull", "prefer_finisher"],,,,,,,,,,1,0,0,0,{}
8115,929,2026-02-15,9,LOWER,["squat", "hinge", "prefer_finisher"],,,,,,,,,,1,0,0,0,{}
8116,929,2026-02-16,10,FULL_BODY,["hinge", "horizontal_push", "horizontal_pull", "prefer_finisher"],,,,,,,,,,1,0,0,0,{}
8117,929,2026-02-17,11,RECOVERY,[],,,,,,,,,,1,0,0,0,{}
8118,929,2026-02-18,12,UPPER,["vertical_push", "vertical_pull", "prefer_finisher"],,,,,,,,,,1,0,0,0,{}
8119,929,2026-02-19,13,LOWER,["lunge", "squat", "prefer_accessory"],,,,,,,,,,1,0,0,0,{}
8120,929,2026-02-20,14,RECOVERY,[],,,,,,,,,,1,0,0,0,{}
5674,755,2026-04-06,4,UPPER,["vertical_push", "vertical_pull", "prefer_finisher"],10,,,,,,,,,1,0,0,0,{}
5675,755,2026-04-07,5,RECOVERY,[],10,,,,,,,,,1,0,0,0,{}
5676,755,2026-04-08,6,LOWER,["hinge", "lunge", "prefer_accessory"],10,,,,,,,,,1,0,0,0,{}
5677,755,2026-04-09,7,RECOVERY,[],10,,,,,,,,,1,0,0,0,{}
5678,755,2026-04-10,8,CARDIO,["cardio", "endurance"],10,,,,,,,,,1,0,0,0,{}
5679,755,2026-04-11,9,RECOVERY,[],10,,,,,,,,,1,0,0,0,{}
5680,755,2026-04-12,10,CARDIO,["cardio", "endurance"],10,,,,,,,,,1,0,0,0,{}
5681,755,2026-04-13,11,CUSTOM,["conditioning"],10,,,,,,,,,1,0,0,0,{}
5682,755,2026-04-14,12,RECOVERY,[],10,,,,,,,,,1,0,0,0,{}
5683,755,2026-04-15,13,CUSTOM,["conditioning"],10,,,,,,,,,1,0,0,0,{}
5684,755,2026-04-16,14,RECOVERY,[],10,,,,,,,,,1,0,0,0,{}
5050,710,2026-01-30,10,UPPER,["vertical_push", "vertical_pull"],70,,,,,,Optimization-first session aligned to your goals and recovery.,,,1,,,,
5051,710,2026-01-31,11,LOWER,["squat", "hinge"],70,,,,,,Optimization-first session aligned to your goals and recovery.,,,1,,,,
5053,710,2026-02-02,13,UPPER,["horizontal_push", "horizontal_pull"],70,,,,,,Optimization-first session aligned to your goals and recovery.,,,1,,,,
8121,930,2026-02-21,1,UPPER,["horizontal_push", "horizontal_pull", "prefer_finisher"],,,,,,,,,,1,0,0,0,{}
8122,930,2026-02-22,2,LOWER,["squat", "hinge", "prefer_finisher"],,,,,,,,,,1,0,0,0,{}
8123,930,2026-02-23,3,RECOVERY,[],,,,,,,,,,1,0,0,0,{}
5210,722,2026-01-22,2,RECOVERY,[],10,,,,,,,,,1,,,,
5213,722,2026-01-25,5,RECOVERY,[],10,,,,,,,,,1,,,,
5215,722,2026-01-27,7,RECOVERY,[],10,,,,,,,,,1,,,,
5217,722,2026-01-29,9,RECOVERY,[],10,,,,,,,,,1,,,,
5220,722,2026-02-01,12,RECOVERY,[],10,,,,,,,,,1,,,,
5222,722,2026-02-03,14,RECOVERY,[],10,,,,,,,,,1,,,,
5223,723,2026-02-04,1,UPPER,["horizontal_push", "horizontal_pull", "prefer_finisher"],10,,,,,,,,,1,,,,
5224,723,2026-02-05,2,RECOVERY,[],10,,,,,,,,,1,,,,
5225,723,2026-02-06,3,LOWER,["squat", "hinge", "prefer_finisher"],10,,,,,,,,,1,,,,
5226,723,2026-02-07,4,UPPER,["vertical_push", "vertical_pull", "prefer_finisher"],10,,,,,,,,,1,,,,
5227,723,2026-02-08,5,RECOVERY,[],10,,,,,,,,,1,,,,
5228,723,2026-02-09,6,LOWER,["hinge", "lunge", "prefer_finisher"],10,,,,,,,,,1,,,,
5229,723,2026-02-10,7,RECOVERY,[],10,,,,,,,,,1,,,,
5230,723,2026-02-11,8,FULL_BODY,["lunge", "horizontal_push", "horizontal_pull", "prefer_finisher"],10,,,,,,,,,1,,,,
5231,723,2026-02-12,9,RECOVERY,[],10,,,,,,,,,1,,,,
5232,723,2026-02-13,10,UPPER,["vertical_push", "vertical_pull", "prefer_accessory"],10,,,,,,,,,1,,,,
5233,723,2026-02-14,11,CARDIO,["cardio", "endurance"],10,,,,,,,,,1,,,,
5234,723,2026-02-15,12,RECOVERY,[],10,,,,,,,,,1,,,,
5235,723,2026-02-16,13,CARDIO,["cardio", "endurance"],10,,,,,,,,,1,,,,
5236,723,2026-02-17,14,RECOVERY,[],10,,,,,,,,,1,,,,
5237,724,2026-02-18,1,UPPER,["horizontal_push", "horizontal_pull", "prefer_finisher"],10,,,,,,,,,1,,,,
5238,724,2026-02-19,2,RECOVERY,[],10,,,,,,,,,1,,,,
5239,724,2026-02-20,3,LOWER,["squat", "hinge", "prefer_finisher"],10,,,,,,,,,1,,,,
5240,724,2026-02-21,4,UPPER,["vertical_push", "vertical_pull", "prefer_finisher"],10,,,,,,,,,1,,,,
5241,724,2026-02-22,5,RECOVERY,[],10,,,,,,,,,1,,,,
5242,724,2026-02-23,6,LOWER,["hinge", "lunge", "prefer_finisher"],10,,,,,,,,,1,,,,
5243,724,2026-02-24,7,RECOVERY,[],10,,,,,,,,,1,,,,
5244,724,2026-02-25,8,FULL_BODY,["lunge", "horizontal_push", "horizontal_pull", "prefer_finisher"],10,,,,,,,,,1,,,,
5246,724,2026-02-27,10,UPPER,["vertical_push", "vertical_pull", "prefer_accessory"],10,,,,,,,,,1,,,,
5247,724,2026-02-28,11,CARDIO,["cardio", "endurance"],10,,,,,,,,,1,,,,
5248,724,2026-03-01,12,RECOVERY,[],10,,,,,,,,,1,,,,
5249,724,2026-03-02,13,CARDIO,["cardio", "endurance"],10,,,,,,,,,1,,,,
5250,724,2026-03-03,14,RECOVERY,[],10,,,,,,,,,1,,,,
5251,725,2026-03-04,1,UPPER,["horizontal_push", "horizontal_pull", "prefer_finisher"],10,,,,,,,,,1,,,,
5252,725,2026-03-05,2,RECOVERY,[],10,,,,,,,,,1,,,,
5253,725,2026-03-06,3,LOWER,["squat", "hinge", "prefer_finisher"],10,,,,,,,,,1,,,,
5254,725,2026-03-07,4,UPPER,["vertical_push", "vertical_pull", "prefer_finisher"],10,,,,,,,,,1,,,,
5255,725,2026-03-08,5,RECOVERY,[],10,,,,,,,,,1,,,,
5256,725,2026-03-09,6,LOWER,["hinge", "lunge", "prefer_finisher"],10,,,,,,,,,1,,,,
5257,725,2026-03-10,7,RECOVERY,[],10,,,,,,,,,1,,,,
5258,725,2026-03-11,8,FULL_BODY,["lunge", "horizontal_push", "horizontal_pull", "prefer_finisher"],10,,,,,,,,,1,,,,
5259,725,2026-03-12,9,RECOVERY,[],10,,,,,,,,,1,,,,
5260,725,2026-03-13,10,UPPER,["vertical_push", "vertical_pull", "prefer_accessory"],10,,,,,,,,,1,,,,
5261,725,2026-03-14,11,CARDIO,["cardio", "endurance"],10,,,,,,,,,1,,,,
5262,725,2026-03-15,12,RECOVERY,[],10,,,,,,,,,1,,,,
5263,725,2026-03-16,13,CARDIO,["cardio", "endurance"],10,,,,,,,,,1,,,,
5264,725,2026-03-17,14,RECOVERY,[],10,,,,,,,,,1,,,,
5265,726,2026-03-18,1,UPPER,["horizontal_push", "horizontal_pull", "prefer_finisher"],10,,,,,,,,,1,,,,
5266,726,2026-03-19,2,RECOVERY,[],10,,,,,,,,,1,,,,
5267,726,2026-03-20,3,LOWER,["squat", "hinge", "prefer_finisher"],10,,,,,,,,,1,,,,
5268,726,2026-03-21,4,UPPER,["vertical_push", "vertical_pull", "prefer_finisher"],10,,,,,,,,,1,,,,
5269,726,2026-03-22,5,RECOVERY,[],10,,,,,,,,,1,,,,
5270,726,2026-03-23,6,LOWER,["hinge", "lunge", "prefer_finisher"],10,,,,,,,,,1,,,,
5271,726,2026-03-24,7,RECOVERY,[],10,,,,,,,,,1,,,,
5272,726,2026-03-25,8,FULL_BODY,["lunge", "horizontal_push", "horizontal_pull", "prefer_finisher"],10,,,,,,,,,1,,,,
5273,726,2026-03-26,9,RECOVERY,[],10,,,,,,,,,1,,,,
5274,726,2026-03-27,10,UPPER,["vertical_push", "vertical_pull", "prefer_accessory"],10,,,,,,,,,1,,,,
5275,726,2026-03-28,11,CARDIO,["cardio", "endurance"],10,,,,,,,,,1,,,,
5276,726,2026-03-29,12,RECOVERY,[],10,,,,,,,,,1,,,,
5277,726,2026-03-30,13,CARDIO,["cardio", "endurance"],10,,,,,,,,,1,,,,
5278,726,2026-03-31,14,RECOVERY,[],10,,,,,,,,,1,,,,
5279,727,2026-04-01,1,UPPER,["horizontal_push", "horizontal_pull", "prefer_finisher"],10,,,,,,,,,1,,,,
5280,727,2026-04-02,2,RECOVERY,[],10,,,,,,,,,1,,,,
5281,727,2026-04-03,3,LOWER,["squat", "hinge", "prefer_finisher"],10,,,,,,,,,1,,,,
5282,727,2026-04-04,4,UPPER,["vertical_push", "vertical_pull", "prefer_finisher"],10,,,,,,,,,1,,,,
5283,727,2026-04-05,5,RECOVERY,[],10,,,,,,,,,1,,,,
5284,727,2026-04-06,6,LOWER,["hinge", "lunge", "prefer_finisher"],10,,,,,,,,,1,,,,
5285,727,2026-04-07,7,RECOVERY,[],10,,,,,,,,,1,,,,
5286,727,2026-04-08,8,FULL_BODY,["lunge", "horizontal_push", "horizontal_pull", "prefer_finisher"],10,,,,,,,,,1,,,,
5287,727,2026-04-09,9,RECOVERY,[],10,,,,,,,,,1,,,,
5288,727,2026-04-10,10,UPPER,["vertical_push", "vertical_pull", "prefer_accessory"],10,,,,,,,,,1,,,,
5289,727,2026-04-11,11,CARDIO,["cardio", "endurance"],10,,,,,,,,,1,,,,
5290,727,2026-04-12,12,RECOVERY,[],10,,,,,,,,,1,,,,
5291,727,2026-04-13,13,CARDIO,["cardio", "endurance"],10,,,,,,,,,1,,,,
5292,727,2026-04-14,14,RECOVERY,[],10,,,,,,,,,1,,,,
5660,754,2026-03-23,4,UPPER,["vertical_push", "vertical_pull", "prefer_finisher"],10,,,,,,,,,1,0,0,0,{}
5661,754,2026-03-24,5,RECOVERY,[],10,,,,,,,,,1,0,0,0,{}
5662,754,2026-03-25,6,LOWER,["hinge", "lunge", "prefer_accessory"],10,,,,,,,,,1,0,0,0,{}
5663,754,2026-03-26,7,RECOVERY,[],10,,,,,,,,,1,0,0,0,{}
5664,754,2026-03-27,8,CARDIO,["cardio", "endurance"],10,,,,,,,,,1,0,0,0,{}
5665,754,2026-03-28,9,RECOVERY,[],10,,,,,,,,,1,0,0,0,{}
5666,754,2026-03-29,10,CARDIO,["cardio", "endurance"],10,,,,,,,,,1,0,0,0,{}
5667,754,2026-03-30,11,CUSTOM,["conditioning"],10,,,,,,,,,1,0,0,0,{}
5668,754,2026-03-31,12,RECOVERY,[],10,,,,,,,,,1,0,0,0,{}
5669,754,2026-04-01,13,CUSTOM,["conditioning"],10,,,,,,,,,1,0,0,0,{}
5670,754,2026-04-02,14,RECOVERY,[],10,,,,,,,,,1,0,0,0,{}
5671,755,2026-04-03,1,UPPER,["horizontal_push", "horizontal_pull", "prefer_finisher"],10,,,,,,,,,1,0,0,0,{}
5672,755,2026-04-04,2,RECOVERY,[],10,,,,,,,,,1,0,0,0,{}
8124,930,2026-02-24,4,FULL_BODY,["hinge", "vertical_push", "vertical_pull", "prefer_finisher"],,,,,,,,,,1,0,0,0,{}
8125,930,2026-02-25,5,UPPER,["horizontal_push", "horizontal_pull", "prefer_finisher"],,,,,,,,,,1,0,0,0,{}
8126,930,2026-02-26,6,LOWER,["lunge", "squat", "prefer_finisher"],,,,,,,,,,1,0,0,0,{}
8127,930,2026-02-27,7,RECOVERY,[],,,,,,,,,,1,0,0,0,{}
8128,930,2026-02-28,8,UPPER,["vertical_push", "vertical_pull", "prefer_finisher"],,,,,,,,,,1,0,0,0,{}
8129,930,2026-03-01,9,LOWER,["squat", "hinge", "prefer_finisher"],,,,,,,,,,1,0,0,0,{}
5218,722,2026-01-30,10,UPPER,["vertical_push", "vertical_pull", "prefer_accessory"],70,,,,,,Optimization-first session aligned to your goals and recovery.,,,1,,,,
5219,722,2026-01-31,11,CARDIO,["cardio", "endurance"],60,,,,,,Optimization-first session aligned to your goals and recovery.,,,1,,,,
8130,930,2026-03-02,10,FULL_BODY,["hinge", "horizontal_push", "horizontal_pull", "prefer_finisher"],,,,,,,,,,1,0,0,0,{}
8131,930,2026-03-03,11,RECOVERY,[],,,,,,,,,,1,0,0,0,{}
8132,930,2026-03-04,12,UPPER,["vertical_push", "vertical_pull", "prefer_finisher"],,,,,,,,,,1,0,0,0,{}
5614,750,2026-02-05,14,RECOVERY,[],10,5,0,0,0,5,,,,1,0,0,0,{}
5615,751,2026-02-06,1,UPPER,["horizontal_push", "horizontal_pull", "prefer_finisher"],10,,,,,,,,,1,0,0,0,{}
5616,751,2026-02-07,2,RECOVERY,[],10,,,,,,,,,1,0,0,0,{}
5617,751,2026-02-08,3,LOWER,["squat", "hinge", "prefer_finisher"],10,,,,,,,,,1,0,0,0,{}
5618,751,2026-02-09,4,UPPER,["vertical_push", "vertical_pull", "prefer_finisher"],10,,,,,,,,,1,0,0,0,{}
5604,750,2026-01-26,4,UPPER,["vertical_push", "vertical_pull", "prefer_finisher"],70,5,0,0,0,5,Optimization-first session aligned to your goals and recovery.,,,1,0,0,0,{}
5608,750,2026-01-30,8,CARDIO,["cardio", "endurance"],60,5,0,0,0,5,Optimization-first session aligned to your goals and recovery.,,,1,0,0,0,{}
5216,722,2026-01-28,8,FULL_BODY,["lunge", "horizontal_push", "horizontal_pull", "prefer_finisher"],70,,,,,,Optimization-first session aligned to your goals and recovery.,,,1,,,,
5603,750,2026-01-25,3,LOWER,["squat", "hinge", "prefer_finisher"],70,5,0,0,0,5,Optimization-first session aligned to your goals and recovery.,,,1,0,0,0,{}
5610,750,2026-02-01,10,CARDIO,["cardio", "endurance"],60,5,0,0,0,5,Optimization-first session aligned to your goals and recovery.,,,1,0,0,0,{}
8133,930,2026-03-05,13,LOWER,["lunge", "squat", "prefer_accessory"],,,,,,,,,,1,0,0,0,{}
8134,930,2026-03-06,14,RECOVERY,[],,,,,,,,,,1,0,0,0,{}
8135,931,2026-03-07,1,UPPER,["horizontal_push", "horizontal_pull", "prefer_finisher"],,,,,,,,,,1,0,0,0,{}
8136,931,2026-03-08,2,LOWER,["squat", "hinge", "prefer_finisher"],,,,,,,,,,1,0,0,0,{}
8137,931,2026-03-09,3,RECOVERY,[],,,,,,,,,,1,0,0,0,{}
8138,931,2026-03-10,4,FULL_BODY,["hinge", "vertical_push", "vertical_pull", "prefer_finisher"],,,,,,,,,,1,0,0,0,{}
8139,931,2026-03-11,5,UPPER,["horizontal_push", "horizontal_pull", "prefer_finisher"],,,,,,,,,,1,0,0,0,{}
8140,931,2026-03-12,6,LOWER,["lunge", "squat", "prefer_finisher"],,,,,,,,,,1,0,0,0,{}
8141,931,2026-03-13,7,RECOVERY,[],,,,,,,,,,1,0,0,0,{}
8142,931,2026-03-14,8,UPPER,["vertical_push", "vertical_pull", "prefer_finisher"],,,,,,,,,,1,0,0,0,{}
8143,931,2026-03-15,9,LOWER,["squat", "hinge", "prefer_finisher"],,,,,,,,,,1,0,0,0,{}
8144,931,2026-03-16,10,FULL_BODY,["hinge", "horizontal_push", "horizontal_pull", "prefer_finisher"],,,,,,,,,,1,0,0,0,{}
8145,931,2026-03-17,11,RECOVERY,[],,,,,,,,,,1,0,0,0,{}
8146,931,2026-03-18,12,UPPER,["vertical_push", "vertical_pull", "prefer_finisher"],,,,,,,,,,1,0,0,0,{}
8147,931,2026-03-19,13,LOWER,["lunge", "squat", "prefer_accessory"],,,,,,,,,,1,0,0,0,{}
8148,931,2026-03-20,14,RECOVERY,[],,,,,,,,,,1,0,0,0,{}
8149,932,2026-03-21,1,UPPER,["horizontal_push", "horizontal_pull", "prefer_finisher"],,,,,,,,,,1,0,0,0,{}
8150,932,2026-03-22,2,LOWER,["squat", "hinge", "prefer_finisher"],,,,,,,,,,1,0,0,0,{}
8151,932,2026-03-23,3,RECOVERY,[],,,,,,,,,,1,0,0,0,{}
8152,932,2026-03-24,4,FULL_BODY,["hinge", "vertical_push", "vertical_pull", "prefer_finisher"],,,,,,,,,,1,0,0,0,{}
8153,932,2026-03-25,5,UPPER,["horizontal_push", "horizontal_pull", "prefer_finisher"],,,,,,,,,,1,0,0,0,{}
8154,932,2026-03-26,6,LOWER,["lunge", "squat", "prefer_finisher"],,,,,,,,,,1,0,0,0,{}
8155,932,2026-03-27,7,RECOVERY,[],,,,,,,,,,1,0,0,0,{}
8156,932,2026-03-28,8,UPPER,["vertical_push", "vertical_pull", "prefer_finisher"],,,,,,,,,,1,0,0,0,{}
8157,932,2026-03-29,9,LOWER,["squat", "hinge", "prefer_finisher"],,,,,,,,,,1,0,0,0,{}
8158,932,2026-03-30,10,FULL_BODY,["hinge", "horizontal_push", "horizontal_pull", "prefer_finisher"],,,,,,,,,,1,0,0,0,{}
8159,932,2026-03-31,11,RECOVERY,[],,,,,,,,,,1,0,0,0,{}
8160,932,2026-04-01,12,UPPER,["vertical_push", "vertical_pull", "prefer_finisher"],,,,,,,,,,1,0,0,0,{}
8161,932,2026-04-02,13,LOWER,["lunge", "squat", "prefer_accessory"],,,,,,,,,,1,0,0,0,{}
8162,932,2026-04-03,14,RECOVERY,[],,,,,,,,,,1,0,0,0,{}
8163,933,2026-04-04,1,UPPER,["horizontal_push", "horizontal_pull", "prefer_finisher"],,,,,,,,,,1,0,0,0,{}
8164,933,2026-04-05,2,LOWER,["squat", "hinge", "prefer_finisher"],,,,,,,,,,1,0,0,0,{}
8165,933,2026-04-06,3,RECOVERY,[],,,,,,,,,,1,0,0,0,{}
8166,933,2026-04-07,4,FULL_BODY,["hinge", "vertical_push", "vertical_pull", "prefer_finisher"],,,,,,,,,,1,0,0,0,{}
8167,933,2026-04-08,5,UPPER,["horizontal_push", "horizontal_pull", "prefer_finisher"],,,,,,,,,,1,0,0,0,{}
8168,933,2026-04-09,6,LOWER,["lunge", "squat", "prefer_finisher"],,,,,,,,,,1,0,0,0,{}
8169,933,2026-04-10,7,RECOVERY,[],,,,,,,,,,1,0,0,0,{}
8170,933,2026-04-11,8,UPPER,["vertical_push", "vertical_pull", "prefer_finisher"],,,,,,,,,,1,0,0,0,{}
8171,933,2026-04-12,9,LOWER,["squat", "hinge", "prefer_finisher"],,,,,,,,,,1,0,0,0,{}
8172,933,2026-04-13,10,FULL_BODY,["hinge", "horizontal_push", "horizontal_pull", "prefer_finisher"],,,,,,,,,,1,0,0,0,{}
8173,933,2026-04-14,11,RECOVERY,[],,,,,,,,,,1,0,0,0,{}
8174,933,2026-04-15,12,UPPER,["vertical_push", "vertical_pull", "prefer_finisher"],,,,,,,,,,1,0,0,0,{}
8175,933,2026-04-16,13,LOWER,["lunge", "squat", "prefer_accessory"],,,,,,,,,,1,0,0,0,{}
8176,933,2026-04-17,14,RECOVERY,[],,,,,,,,,,1,0,0,0,{}
8177,934,2026-01-24,1,FULL_BODY,["squat", "horizontal_push", "horizontal_pull", "prefer_accessory"],70,,,,,,Optimization-first session aligned to your goals and recovery.,,,1,0,0,0,{}
8182,934,2026-01-29,6,FULL_BODY,["lunge", "horizontal_push", "horizontal_pull"],70,,,,,,Optimization-first session aligned to your goals and recovery.,,,1,0,0,0,{}
8189,934,2026-02-05,13,FULL_BODY,["lunge", "vertical_push", "vertical_pull"],70,,,,,,Optimization-first session aligned to your goals and recovery.,,,1,0,0,0,{}
8190,934,2026-02-06,14,RECOVERY,[],,,,,,,,,,1,0,0,0,{}
8191,935,2026-02-07,1,FULL_BODY,["squat", "horizontal_push", "horizontal_pull", "prefer_accessory"],,,,,,,,,,1,0,0,0,{}
8192,935,2026-02-08,2,RECOVERY,[],,,,,,,,,,1,0,0,0,{}
8193,935,2026-02-09,3,RECOVERY,[],,,,,,,,,,1,0,0,0,{}
8194,935,2026-02-10,4,FULL_BODY,["hinge", "vertical_push", "vertical_pull"],,,,,,,,,,1,0,0,0,{}
8195,935,2026-02-11,5,RECOVERY,[],,,,,,,,,,1,0,0,0,{}
8196,935,2026-02-12,6,FULL_BODY,["lunge", "horizontal_push", "horizontal_pull"],,,,,,,,,,1,0,0,0,{}
8197,935,2026-02-13,7,RECOVERY,[],,,,,,,,,,1,0,0,0,{}
8198,935,2026-02-14,8,FULL_BODY,["squat", "vertical_push", "vertical_pull"],,,,,,,,,,1,0,0,0,{}
8199,935,2026-02-15,9,RECOVERY,[],,,,,,,,,,1,0,0,0,{}
5209,722,2026-01-21,1,UPPER,["horizontal_push", "horizontal_pull", "prefer_finisher"],70,,,,,,Optimization-first session aligned to your goals and recovery.,,,1,,,,
5436,738,2026-01-24,4,UPPER,["vertical_push", "vertical_pull", "prefer_finisher"],70,,,,,,Optimization-first session aligned to your goals and recovery.,,,1,,,,
8200,935,2026-02-16,10,FULL_BODY,["hinge", "horizontal_push", "horizontal_pull"],,,,,,,,,,1,0,0,0,{}
5769,762,2026-01-23,1,UPPER,["horizontal_push", "horizontal_pull", "prefer_accessory"],,,,,,,,,,1,0,0,0,{}
5770,762,2026-01-24,2,RECOVERY,[],,,,,,,,,,1,0,0,0,{}
5771,762,2026-01-25,3,LOWER,["squat", "hinge"],,,,,,,,,,1,0,0,0,{}
5772,762,2026-01-26,4,UPPER,["vertical_push", "vertical_pull"],,,,,,,,,,1,0,0,0,{}
5773,762,2026-01-27,5,RECOVERY,[],,,,,,,,,,1,0,0,0,{}
5774,762,2026-01-28,6,LOWER,["hinge", "lunge"],,,,,,,,,,1,0,0,0,{}
5775,762,2026-01-29,7,RECOVERY,[],,,,,,,,,,1,0,0,0,{}
5776,762,2026-01-30,8,FULL_BODY,["lunge", "horizontal_push", "horizontal_pull"],,,,,,,,,,1,0,0,0,{}
5777,762,2026-01-31,9,RECOVERY,[],,,,,,,,,,1,0,0,0,{}
5778,762,2026-02-01,10,UPPER,["vertical_push", "vertical_pull"],,,,,,,,,,1,0,0,0,{}
5779,762,2026-02-02,11,LOWER,["squat", "hinge"],,,,,,,,,,1,0,0,0,{}
5780,762,2026-02-03,12,RECOVERY,[],,,,,,,,,,1,0,0,0,{}
5781,762,2026-02-04,13,CUSTOM,["conditioning"],,,,,,,,,,1,0,0,0,{}
5782,762,2026-02-05,14,RECOVERY,[],,,,,,,,,,1,0,0,0,{}
5783,763,2026-02-06,1,UPPER,["horizontal_push", "horizontal_pull", "prefer_accessory"],,,,,,,,,,1,0,0,0,{}
5784,763,2026-02-07,2,RECOVERY,[],,,,,,,,,,1,0,0,0,{}
5785,763,2026-02-08,3,LOWER,["squat", "hinge"],,,,,,,,,,1,0,0,0,{}
5786,763,2026-02-09,4,UPPER,["vertical_push", "vertical_pull"],,,,,,,,,,1,0,0,0,{}
5787,763,2026-02-10,5,RECOVERY,[],,,,,,,,,,1,0,0,0,{}
5788,763,2026-02-11,6,LOWER,["hinge", "lunge"],,,,,,,,,,1,0,0,0,{}
5789,763,2026-02-12,7,RECOVERY,[],,,,,,,,,,1,0,0,0,{}
5790,763,2026-02-13,8,FULL_BODY,["lunge", "horizontal_push", "horizontal_pull"],,,,,,,,,,1,0,0,0,{}
5791,763,2026-02-14,9,RECOVERY,[],,,,,,,,,,1,0,0,0,{}
5792,763,2026-02-15,10,UPPER,["vertical_push", "vertical_pull"],,,,,,,,,,1,0,0,0,{}
5793,763,2026-02-16,11,LOWER,["squat", "hinge"],,,,,,,,,,1,0,0,0,{}
5794,763,2026-02-17,12,RECOVERY,[],,,,,,,,,,1,0,0,0,{}
5795,763,2026-02-18,13,CUSTOM,["conditioning"],,,,,,,,,,1,0,0,0,{}
5796,763,2026-02-19,14,RECOVERY,[],,,,,,,,,,1,0,0,0,{}
5797,764,2026-02-20,1,UPPER,["horizontal_push", "horizontal_pull", "prefer_accessory"],,,,,,,,,,1,0,0,0,{}
5798,764,2026-02-21,2,RECOVERY,[],,,,,,,,,,1,0,0,0,{}
5799,764,2026-02-22,3,LOWER,["squat", "hinge"],,,,,,,,,,1,0,0,0,{}
5800,764,2026-02-23,4,UPPER,["vertical_push", "vertical_pull"],,,,,,,,,,1,0,0,0,{}
5801,764,2026-02-24,5,RECOVERY,[],,,,,,,,,,1,0,0,0,{}
5802,764,2026-02-25,6,LOWER,["hinge", "lunge"],,,,,,,,,,1,0,0,0,{}
5803,764,2026-02-26,7,RECOVERY,[],,,,,,,,,,1,0,0,0,{}
5804,764,2026-02-27,8,FULL_BODY,["lunge", "horizontal_push", "horizontal_pull"],,,,,,,,,,1,0,0,0,{}
5805,764,2026-02-28,9,RECOVERY,[],,,,,,,,,,1,0,0,0,{}
5806,764,2026-03-01,10,UPPER,["vertical_push", "vertical_pull"],,,,,,,,,,1,0,0,0,{}
5807,764,2026-03-02,11,LOWER,["squat", "hinge"],,,,,,,,,,1,0,0,0,{}
5808,764,2026-03-03,12,RECOVERY,[],,,,,,,,,,1,0,0,0,{}
5809,764,2026-03-04,13,CUSTOM,["conditioning"],,,,,,,,,,1,0,0,0,{}
5810,764,2026-03-05,14,RECOVERY,[],,,,,,,,,,1,0,0,0,{}
5811,765,2026-03-06,1,UPPER,["horizontal_push", "horizontal_pull", "prefer_accessory"],,,,,,,,,,1,0,0,0,{}
5812,765,2026-03-07,2,RECOVERY,[],,,,,,,,,,1,0,0,0,{}
5813,765,2026-03-08,3,LOWER,["squat", "hinge"],,,,,,,,,,1,0,0,0,{}
5814,765,2026-03-09,4,UPPER,["vertical_push", "vertical_pull"],,,,,,,,,,1,0,0,0,{}
5815,765,2026-03-10,5,RECOVERY,[],,,,,,,,,,1,0,0,0,{}
5816,765,2026-03-11,6,LOWER,["hinge", "lunge"],,,,,,,,,,1,0,0,0,{}
5817,765,2026-03-12,7,RECOVERY,[],,,,,,,,,,1,0,0,0,{}
8201,935,2026-02-17,11,RECOVERY,[],,,,,,,,,,1,0,0,0,{}
8202,935,2026-02-18,12,RECOVERY,[],,,,,,,,,,1,0,0,0,{}
8203,935,2026-02-19,13,FULL_BODY,["lunge", "vertical_push", "vertical_pull"],,,,,,,,,,1,0,0,0,{}
8204,935,2026-02-20,14,RECOVERY,[],,,,,,,,,,1,0,0,0,{}
8205,936,2026-02-21,1,FULL_BODY,["squat", "horizontal_push", "horizontal_pull", "prefer_accessory"],,,,,,,,,,1,0,0,0,{}
8206,936,2026-02-22,2,RECOVERY,[],,,,,,,,,,1,0,0,0,{}
8207,936,2026-02-23,3,RECOVERY,[],,,,,,,,,,1,0,0,0,{}
8208,936,2026-02-24,4,FULL_BODY,["hinge", "vertical_push", "vertical_pull"],,,,,,,,,,1,0,0,0,{}
8209,936,2026-02-25,5,RECOVERY,[],,,,,,,,,,1,0,0,0,{}
5818,765,2026-03-13,8,FULL_BODY,["lunge", "horizontal_push", "horizontal_pull"],,,,,,,,,,1,0,0,0,{}
5819,765,2026-03-14,9,RECOVERY,[],,,,,,,,,,1,0,0,0,{}
5820,765,2026-03-15,10,UPPER,["vertical_push", "vertical_pull"],,,,,,,,,,1,0,0,0,{}
5821,765,2026-03-16,11,LOWER,["squat", "hinge"],,,,,,,,,,1,0,0,0,{}
5822,765,2026-03-17,12,RECOVERY,[],,,,,,,,,,1,0,0,0,{}
5823,765,2026-03-18,13,CUSTOM,["conditioning"],,,,,,,,,,1,0,0,0,{}
5824,765,2026-03-19,14,RECOVERY,[],,,,,,,,,,1,0,0,0,{}
5825,766,2026-01-23,1,UPPER,["horizontal_push", "horizontal_pull", "prefer_accessory"],,,,,,,,,,1,0,0,0,{}
5826,766,2026-01-24,2,RECOVERY,[],,,,,,,,,,1,0,0,0,{}
5827,766,2026-01-25,3,LOWER,["squat", "hinge"],,,,,,,,,,1,0,0,0,{}
5828,766,2026-01-26,4,UPPER,["vertical_push", "vertical_pull"],,,,,,,,,,1,0,0,0,{}
5829,766,2026-01-27,5,RECOVERY,[],,,,,,,,,,1,0,0,0,{}
5830,766,2026-01-28,6,LOWER,["hinge", "lunge"],,,,,,,,,,1,0,0,0,{}
5831,766,2026-01-29,7,RECOVERY,[],,,,,,,,,,1,0,0,0,{}
5832,766,2026-01-30,8,FULL_BODY,["lunge", "horizontal_push", "horizontal_pull"],,,,,,,,,,1,0,0,0,{}
5833,766,2026-01-31,9,RECOVERY,[],,,,,,,,,,1,0,0,0,{}
5834,766,2026-02-01,10,UPPER,["vertical_push", "vertical_pull"],,,,,,,,,,1,0,0,0,{}
5835,766,2026-02-02,11,LOWER,["squat", "hinge"],,,,,,,,,,1,0,0,0,{}
5836,766,2026-02-03,12,RECOVERY,[],,,,,,,,,,1,0,0,0,{}
5837,766,2026-02-04,13,CUSTOM,["conditioning"],,,,,,,,,,1,0,0,0,{}
5838,766,2026-02-05,14,RECOVERY,[],,,,,,,,,,1,0,0,0,{}
5839,767,2026-02-06,1,UPPER,["horizontal_push", "horizontal_pull", "prefer_accessory"],,,,,,,,,,1,0,0,0,{}
5840,767,2026-02-07,2,RECOVERY,[],,,,,,,,,,1,0,0,0,{}
5841,767,2026-02-08,3,LOWER,["squat", "hinge"],,,,,,,,,,1,0,0,0,{}
5842,767,2026-02-09,4,UPPER,["vertical_push", "vertical_pull"],,,,,,,,,,1,0,0,0,{}
5843,767,2026-02-10,5,RECOVERY,[],,,,,,,,,,1,0,0,0,{}
5844,767,2026-02-11,6,LOWER,["hinge", "lunge"],,,,,,,,,,1,0,0,0,{}
5845,767,2026-02-12,7,RECOVERY,[],,,,,,,,,,1,0,0,0,{}
5846,767,2026-02-13,8,FULL_BODY,["lunge", "horizontal_push", "horizontal_pull"],,,,,,,,,,1,0,0,0,{}
5847,767,2026-02-14,9,RECOVERY,[],,,,,,,,,,1,0,0,0,{}
5848,767,2026-02-15,10,UPPER,["vertical_push", "vertical_pull"],,,,,,,,,,1,0,0,0,{}
5849,767,2026-02-16,11,LOWER,["squat", "hinge"],,,,,,,,,,1,0,0,0,{}
5850,767,2026-02-17,12,RECOVERY,[],,,,,,,,,,1,0,0,0,{}
5851,767,2026-02-18,13,CUSTOM,["conditioning"],,,,,,,,,,1,0,0,0,{}
5852,767,2026-02-19,14,RECOVERY,[],,,,,,,,,,1,0,0,0,{}
5853,768,2026-02-20,1,UPPER,["horizontal_push", "horizontal_pull", "prefer_accessory"],,,,,,,,,,1,0,0,0,{}
5854,768,2026-02-21,2,RECOVERY,[],,,,,,,,,,1,0,0,0,{}
5855,768,2026-02-22,3,LOWER,["squat", "hinge"],,,,,,,,,,1,0,0,0,{}
5856,768,2026-02-23,4,UPPER,["vertical_push", "vertical_pull"],,,,,,,,,,1,0,0,0,{}
5857,768,2026-02-24,5,RECOVERY,[],,,,,,,,,,1,0,0,0,{}
5858,768,2026-02-25,6,LOWER,["hinge", "lunge"],,,,,,,,,,1,0,0,0,{}
5859,768,2026-02-26,7,RECOVERY,[],,,,,,,,,,1,0,0,0,{}
5860,768,2026-02-27,8,FULL_BODY,["lunge", "horizontal_push", "horizontal_pull"],,,,,,,,,,1,0,0,0,{}
5861,768,2026-02-28,9,RECOVERY,[],,,,,,,,,,1,0,0,0,{}
5862,768,2026-03-01,10,UPPER,["vertical_push", "vertical_pull"],,,,,,,,,,1,0,0,0,{}
5863,768,2026-03-02,11,LOWER,["squat", "hinge"],,,,,,,,,,1,0,0,0,{}
5864,768,2026-03-03,12,RECOVERY,[],,,,,,,,,,1,0,0,0,{}
5865,768,2026-03-04,13,CUSTOM,["conditioning"],,,,,,,,,,1,0,0,0,{}
5866,768,2026-03-05,14,RECOVERY,[],,,,,,,,,,1,0,0,0,{}
5867,769,2026-03-06,1,UPPER,["horizontal_push", "horizontal_pull", "prefer_accessory"],,,,,,,,,,1,0,0,0,{}
5868,769,2026-03-07,2,RECOVERY,[],,,,,,,,,,1,0,0,0,{}
5869,769,2026-03-08,3,LOWER,["squat", "hinge"],,,,,,,,,,1,0,0,0,{}
5870,769,2026-03-09,4,UPPER,["vertical_push", "vertical_pull"],,,,,,,,,,1,0,0,0,{}
5871,769,2026-03-10,5,RECOVERY,[],,,,,,,,,,1,0,0,0,{}
5872,769,2026-03-11,6,LOWER,["hinge", "lunge"],,,,,,,,,,1,0,0,0,{}
5873,769,2026-03-12,7,RECOVERY,[],,,,,,,,,,1,0,0,0,{}
5874,769,2026-03-13,8,FULL_BODY,["lunge", "horizontal_push", "horizontal_pull"],,,,,,,,,,1,0,0,0,{}
5875,769,2026-03-14,9,RECOVERY,[],,,,,,,,,,1,0,0,0,{}
5876,769,2026-03-15,10,UPPER,["vertical_push", "vertical_pull"],,,,,,,,,,1,0,0,0,{}
5877,769,2026-03-16,11,LOWER,["squat", "hinge"],,,,,,,,,,1,0,0,0,{}
5878,769,2026-03-17,12,RECOVERY,[],,,,,,,,,,1,0,0,0,{}
5879,769,2026-03-18,13,CUSTOM,["conditioning"],,,,,,,,,,1,0,0,0,{}
5880,769,2026-03-19,14,RECOVERY,[],,,,,,,,,,1,0,0,0,{}
8210,936,2026-02-26,6,FULL_BODY,["lunge", "horizontal_push", "horizontal_pull"],,,,,,,,,,1,0,0,0,{}
8211,936,2026-02-27,7,RECOVERY,[],,,,,,,,,,1,0,0,0,{}
8212,936,2026-02-28,8,FULL_BODY,["squat", "vertical_push", "vertical_pull"],,,,,,,,,,1,0,0,0,{}
8213,936,2026-03-01,9,RECOVERY,[],,,,,,,,,,1,0,0,0,{}
8214,936,2026-03-02,10,FULL_BODY,["hinge", "horizontal_push", "horizontal_pull"],,,,,,,,,,1,0,0,0,{}
8215,936,2026-03-03,11,RECOVERY,[],,,,,,,,,,1,0,0,0,{}
8216,936,2026-03-04,12,RECOVERY,[],,,,,,,,,,1,0,0,0,{}
8217,936,2026-03-05,13,FULL_BODY,["lunge", "vertical_push", "vertical_pull"],,,,,,,,,,1,0,0,0,{}
8218,936,2026-03-06,14,RECOVERY,[],,,,,,,,,,1,0,0,0,{}
8219,937,2026-03-07,1,FULL_BODY,["squat", "horizontal_push", "horizontal_pull", "prefer_accessory"],,,,,,,,,,1,0,0,0,{}
8220,937,2026-03-08,2,RECOVERY,[],,,,,,,,,,1,0,0,0,{}
8221,937,2026-03-09,3,RECOVERY,[],,,,,,,,,,1,0,0,0,{}
8222,937,2026-03-10,4,FULL_BODY,["hinge", "vertical_push", "vertical_pull"],,,,,,,,,,1,0,0,0,{}
8223,937,2026-03-11,5,RECOVERY,[],,,,,,,,,,1,0,0,0,{}
8224,937,2026-03-12,6,FULL_BODY,["lunge", "horizontal_push", "horizontal_pull"],,,,,,,,,,1,0,0,0,{}
8225,937,2026-03-13,7,RECOVERY,[],,,,,,,,,,1,0,0,0,{}
8226,937,2026-03-14,8,FULL_BODY,["squat", "vertical_push", "vertical_pull"],,,,,,,,,,1,0,0,0,{}
8227,937,2026-03-15,9,RECOVERY,[],,,,,,,,,,1,0,0,0,{}
8228,937,2026-03-16,10,FULL_BODY,["hinge", "horizontal_push", "horizontal_pull"],,,,,,,,,,1,0,0,0,{}
8229,937,2026-03-17,11,RECOVERY,[],,,,,,,,,,1,0,0,0,{}
8230,937,2026-03-18,12,RECOVERY,[],,,,,,,,,,1,0,0,0,{}
8231,937,2026-03-19,13,FULL_BODY,["lunge", "vertical_push", "vertical_pull"],,,,,,,,,,1,0,0,0,{}
8232,937,2026-03-20,14,RECOVERY,[],,,,,,,,,,1,0,0,0,{}
8233,938,2026-01-24,1,UPPER,["horizontal_push", "horizontal_pull", "prefer_finisher"],,,,,,,,,,1,0,0,0,{}
8234,938,2026-01-25,2,LOWER,["squat", "hinge", "prefer_finisher"],,,,,,,,,,1,0,0,0,{}
8235,938,2026-01-26,3,RECOVERY,[],,,,,,,,,,1,0,0,0,{}
8236,938,2026-01-27,4,FULL_BODY,["hinge", "vertical_push", "vertical_pull", "prefer_finisher"],,,,,,,,,,1,0,0,0,{}
8237,938,2026-01-28,5,UPPER,["horizontal_push", "horizontal_pull", "prefer_finisher"],,,,,,,,,,1,0,0,0,{}
8238,938,2026-01-29,6,LOWER,["lunge", "squat", "prefer_finisher"],,,,,,,,,,1,0,0,0,{}
8239,938,2026-01-30,7,RECOVERY,[],,,,,,,,,,1,0,0,0,{}
8240,938,2026-01-31,8,UPPER,["vertical_push", "vertical_pull", "prefer_finisher"],,,,,,,,,,1,0,0,0,{}
8241,938,2026-02-01,9,LOWER,["squat", "hinge", "prefer_finisher"],,,,,,,,,,1,0,0,0,{}
8242,938,2026-02-02,10,FULL_BODY,["hinge", "horizontal_push", "horizontal_pull", "prefer_accessory"],,,,,,,,,,1,0,0,0,{}
8243,938,2026-02-03,11,RECOVERY,[],,,,,,,,,,1,0,0,0,{}
8244,938,2026-02-04,12,CARDIO,["cardio", "fat_loss"],,,,,,,,,,1,0,0,0,{}
8245,938,2026-02-05,13,CARDIO,["cardio", "fat_loss"],,,,,,,,,,1,0,0,0,{}
8246,938,2026-02-06,14,RECOVERY,[],,,,,,,,,,1,0,0,0,{}
8247,939,2026-02-07,1,UPPER,["horizontal_push", "horizontal_pull", "prefer_finisher"],,,,,,,,,,1,0,0,0,{}
8248,939,2026-02-08,2,LOWER,["squat", "hinge", "prefer_finisher"],,,,,,,,,,1,0,0,0,{}
8249,939,2026-02-09,3,RECOVERY,[],,,,,,,,,,1,0,0,0,{}
8250,939,2026-02-10,4,FULL_BODY,["hinge", "vertical_push", "vertical_pull", "prefer_finisher"],,,,,,,,,,1,0,0,0,{}
8251,939,2026-02-11,5,UPPER,["horizontal_push", "horizontal_pull", "prefer_finisher"],,,,,,,,,,1,0,0,0,{}
8252,939,2026-02-12,6,LOWER,["lunge", "squat", "prefer_finisher"],,,,,,,,,,1,0,0,0,{}
8253,939,2026-02-13,7,RECOVERY,[],,,,,,,,,,1,0,0,0,{}
8254,939,2026-02-14,8,UPPER,["vertical_push", "vertical_pull", "prefer_finisher"],,,,,,,,,,1,0,0,0,{}
8255,939,2026-02-15,9,LOWER,["squat", "hinge", "prefer_finisher"],,,,,,,,,,1,0,0,0,{}
8256,939,2026-02-16,10,FULL_BODY,["hinge", "horizontal_push", "horizontal_pull", "prefer_accessory"],,,,,,,,,,1,0,0,0,{}
8257,939,2026-02-17,11,RECOVERY,[],,,,,,,,,,1,0,0,0,{}
8258,939,2026-02-18,12,CARDIO,["cardio", "fat_loss"],,,,,,,,,,1,0,0,0,{}
8259,939,2026-02-19,13,CARDIO,["cardio", "fat_loss"],,,,,,,,,,1,0,0,0,{}
8260,939,2026-02-20,14,RECOVERY,[],,,,,,,,,,1,0,0,0,{}
8261,940,2026-02-21,1,UPPER,["horizontal_push", "horizontal_pull", "prefer_finisher"],,,,,,,,,,1,0,0,0,{}
8262,940,2026-02-22,2,LOWER,["squat", "hinge", "prefer_finisher"],,,,,,,,,,1,0,0,0,{}
8263,940,2026-02-23,3,RECOVERY,[],,,,,,,,,,1,0,0,0,{}
8264,940,2026-02-24,4,FULL_BODY,["hinge", "vertical_push", "vertical_pull", "prefer_finisher"],,,,,,,,,,1,0,0,0,{}
8265,940,2026-02-25,5,UPPER,["horizontal_push", "horizontal_pull", "prefer_finisher"],,,,,,,,,,1,0,0,0,{}
8266,940,2026-02-26,6,LOWER,["lunge", "squat", "prefer_finisher"],,,,,,,,,,1,0,0,0,{}
8267,940,2026-02-27,7,RECOVERY,[],,,,,,,,,,1,0,0,0,{}
8268,940,2026-02-28,8,UPPER,["vertical_push", "vertical_pull", "prefer_finisher"],,,,,,,,,,1,0,0,0,{}
8269,940,2026-03-01,9,LOWER,["squat", "hinge", "prefer_finisher"],,,,,,,,,,1,0,0,0,{}
8270,940,2026-03-02,10,FULL_BODY,["hinge", "horizontal_push", "horizontal_pull", "prefer_accessory"],,,,,,,,,,1,0,0,0,{}
8271,940,2026-03-03,11,RECOVERY,[],,,,,,,,,,1,0,0,0,{}
8272,940,2026-03-04,12,CARDIO,["cardio", "fat_loss"],,,,,,,,,,1,0,0,0,{}
8273,940,2026-03-05,13,CARDIO,["cardio", "fat_loss"],,,,,,,,,,1,0,0,0,{}
8274,940,2026-03-06,14,RECOVERY,[],,,,,,,,,,1,0,0,0,{}
8275,941,2026-03-07,1,UPPER,["horizontal_push", "horizontal_pull", "prefer_finisher"],,,,,,,,,,1,0,0,0,{}
8276,941,2026-03-08,2,LOWER,["squat", "hinge", "prefer_finisher"],,,,,,,,,,1,0,0,0,{}
8277,941,2026-03-09,3,RECOVERY,[],,,,,,,,,,1,0,0,0,{}
8278,941,2026-03-10,4,FULL_BODY,["hinge", "vertical_push", "vertical_pull", "prefer_finisher"],,,,,,,,,,1,0,0,0,{}
8279,941,2026-03-11,5,UPPER,["horizontal_push", "horizontal_pull", "prefer_finisher"],,,,,,,,,,1,0,0,0,{}
8280,941,2026-03-12,6,LOWER,["lunge", "squat", "prefer_finisher"],,,,,,,,,,1,0,0,0,{}
8281,941,2026-03-13,7,RECOVERY,[],,,,,,,,,,1,0,0,0,{}
8282,941,2026-03-14,8,UPPER,["vertical_push", "vertical_pull", "prefer_finisher"],,,,,,,,,,1,0,0,0,{}
8283,941,2026-03-15,9,LOWER,["squat", "hinge", "prefer_finisher"],,,,,,,,,,1,0,0,0,{}
8284,941,2026-03-16,10,FULL_BODY,["hinge", "horizontal_push", "horizontal_pull", "prefer_accessory"],,,,,,,,,,1,0,0,0,{}
8285,941,2026-03-17,11,RECOVERY,[],,,,,,,,,,1,0,0,0,{}
8286,941,2026-03-18,12,CARDIO,["cardio", "fat_loss"],,,,,,,,,,1,0,0,0,{}
8287,941,2026-03-19,13,CARDIO,["cardio", "fat_loss"],,,,,,,,,,1,0,0,0,{}
8288,941,2026-03-20,14,RECOVERY,[],,,,,,,,,,1,0,0,0,{}
8289,942,2026-03-21,1,UPPER,["horizontal_push", "horizontal_pull", "prefer_finisher"],,,,,,,,,,1,0,0,0,{}
8290,942,2026-03-22,2,LOWER,["squat", "hinge", "prefer_finisher"],,,,,,,,,,1,0,0,0,{}
8291,942,2026-03-23,3,RECOVERY,[],,,,,,,,,,1,0,0,0,{}
8292,942,2026-03-24,4,FULL_BODY,["hinge", "vertical_push", "vertical_pull", "prefer_finisher"],,,,,,,,,,1,0,0,0,{}
8293,942,2026-03-25,5,UPPER,["horizontal_push", "horizontal_pull", "prefer_finisher"],,,,,,,,,,1,0,0,0,{}
8294,942,2026-03-26,6,LOWER,["lunge", "squat", "prefer_finisher"],,,,,,,,,,1,0,0,0,{}
8295,942,2026-03-27,7,RECOVERY,[],,,,,,,,,,1,0,0,0,{}
8296,942,2026-03-28,8,UPPER,["vertical_push", "vertical_pull", "prefer_finisher"],,,,,,,,,,1,0,0,0,{}
8297,942,2026-03-29,9,LOWER,["squat", "hinge", "prefer_finisher"],,,,,,,,,,1,0,0,0,{}
8298,942,2026-03-30,10,FULL_BODY,["hinge", "horizontal_push", "horizontal_pull", "prefer_accessory"],,,,,,,,,,1,0,0,0,{}
8299,942,2026-03-31,11,RECOVERY,[],,,,,,,,,,1,0,0,0,{}
8300,942,2026-04-01,12,CARDIO,["cardio", "fat_loss"],,,,,,,,,,1,0,0,0,{}
8301,942,2026-04-02,13,CARDIO,["cardio", "fat_loss"],,,,,,,,,,1,0,0,0,{}
8302,942,2026-04-03,14,RECOVERY,[],,,,,,,,,,1,0,0,0,{}
8303,943,2026-04-04,1,UPPER,["horizontal_push", "horizontal_pull", "prefer_finisher"],,,,,,,,,,1,0,0,0,{}
8304,943,2026-04-05,2,LOWER,["squat", "hinge", "prefer_finisher"],,,,,,,,,,1,0,0,0,{}
8305,943,2026-04-06,3,RECOVERY,[],,,,,,,,,,1,0,0,0,{}
8306,943,2026-04-07,4,FULL_BODY,["hinge", "vertical_push", "vertical_pull", "prefer_finisher"],,,,,,,,,,1,0,0,0,{}
8307,943,2026-04-08,5,UPPER,["horizontal_push", "horizontal_pull", "prefer_finisher"],,,,,,,,,,1,0,0,0,{}
8308,943,2026-04-09,6,LOWER,["lunge", "squat", "prefer_finisher"],,,,,,,,,,1,0,0,0,{}
8309,943,2026-04-10,7,RECOVERY,[],,,,,,,,,,1,0,0,0,{}
8310,943,2026-04-11,8,UPPER,["vertical_push", "vertical_pull", "prefer_finisher"],,,,,,,,,,1,0,0,0,{}
8311,943,2026-04-12,9,LOWER,["squat", "hinge", "prefer_finisher"],,,,,,,,,,1,0,0,0,{}
8312,943,2026-04-13,10,FULL_BODY,["hinge", "horizontal_push", "horizontal_pull", "prefer_accessory"],,,,,,,,,,1,0,0,0,{}
8313,943,2026-04-14,11,RECOVERY,[],,,,,,,,,,1,0,0,0,{}
8314,943,2026-04-15,12,CARDIO,["cardio", "fat_loss"],,,,,,,,,,1,0,0,0,{}
8315,943,2026-04-16,13,CARDIO,["cardio", "fat_loss"],,,,,,,,,,1,0,0,0,{}
8316,943,2026-04-17,14,RECOVERY,[],,,,,,,,,,1,0,0,0,{}
8402,950,2026-01-25,2,RECOVERY,[],10,5,0,0,0,5,,,,1,0,0,0,{}
8405,950,2026-01-28,5,RECOVERY,[],10,5,0,0,0,5,,,,1,0,0,0,{}
8407,950,2026-01-30,7,RECOVERY,[],10,5,0,0,0,5,,,,1,0,0,0,{}
8409,950,2026-02-01,9,RECOVERY,[],10,5,0,0,0,5,,,,1,0,0,0,{}
8412,950,2026-02-04,12,RECOVERY,[],10,5,0,0,0,5,,,,1,0,0,0,{}
8414,950,2026-02-06,14,RECOVERY,[],10,5,0,0,0,5,,,,1,0,0,0,{}
8415,951,2026-02-07,1,UPPER,["horizontal_push", "horizontal_pull", "prefer_finisher"],10,,,,,,,,,1,0,0,0,{}
8416,951,2026-02-08,2,RECOVERY,[],10,,,,,,,,,1,0,0,0,{}
8417,951,2026-02-09,3,LOWER,["squat", "hinge", "prefer_finisher"],10,,,,,,,,,1,0,0,0,{}
8418,951,2026-02-10,4,UPPER,["vertical_push", "vertical_pull", "prefer_finisher"],10,,,,,,,,,1,0,0,0,{}
8419,951,2026-02-11,5,RECOVERY,[],10,,,,,,,,,1,0,0,0,{}
8420,951,2026-02-12,6,LOWER,["hinge", "lunge", "prefer_finisher"],10,,,,,,,,,1,0,0,0,{}
8421,951,2026-02-13,7,RECOVERY,[],10,,,,,,,,,1,0,0,0,{}
8422,951,2026-02-14,8,FULL_BODY,["lunge", "horizontal_push", "horizontal_pull", "prefer_finisher"],10,,,,,,,,,1,0,0,0,{}
8423,951,2026-02-15,9,RECOVERY,[],10,,,,,,,,,1,0,0,0,{}
8424,951,2026-02-16,10,UPPER,["vertical_push", "vertical_pull", "prefer_finisher"],10,,,,,,,,,1,0,0,0,{}
8425,951,2026-02-17,11,LOWER,["squat", "hinge", "prefer_finisher"],10,,,,,,,,,1,0,0,0,{}
8426,951,2026-02-18,12,RECOVERY,[],10,,,,,,,,,1,0,0,0,{}
8427,951,2026-02-19,13,UPPER,["horizontal_push", "horizontal_pull", "prefer_accessory"],10,,,,,,,,,1,0,0,0,{}
8428,951,2026-02-20,14,RECOVERY,[],10,,,,,,,,,1,0,0,0,{}
8429,952,2026-02-21,1,UPPER,["horizontal_push", "horizontal_pull", "prefer_finisher"],10,,,,,,,,,1,0,0,0,{}
8430,952,2026-02-22,2,RECOVERY,[],10,,,,,,,,,1,0,0,0,{}
8431,952,2026-02-23,3,LOWER,["squat", "hinge", "prefer_finisher"],10,,,,,,,,,1,0,0,0,{}
8432,952,2026-02-24,4,UPPER,["vertical_push", "vertical_pull", "prefer_finisher"],10,,,,,,,,,1,0,0,0,{}
8433,952,2026-02-25,5,RECOVERY,[],10,,,,,,,,,1,0,0,0,{}
8434,952,2026-02-26,6,LOWER,["hinge", "lunge", "prefer_finisher"],10,,,,,,,,,1,0,0,0,{}
8435,952,2026-02-27,7,RECOVERY,[],10,,,,,,,,,1,0,0,0,{}
8436,952,2026-02-28,8,FULL_BODY,["lunge", "horizontal_push", "horizontal_pull", "prefer_finisher"],10,,,,,,,,,1,0,0,0,{}
8437,952,2026-03-01,9,RECOVERY,[],10,,,,,,,,,1,0,0,0,{}
8365,947,2026-03-13,7,RECOVERY,[],,,,,,,,,,1,0,0,0,{}
8438,952,2026-03-02,10,UPPER,["vertical_push", "vertical_pull", "prefer_finisher"],10,,,,,,,,,1,0,0,0,{}
8439,952,2026-03-03,11,LOWER,["squat", "hinge", "prefer_finisher"],10,,,,,,,,,1,0,0,0,{}
8440,952,2026-03-04,12,RECOVERY,[],10,,,,,,,,,1,0,0,0,{}
8441,952,2026-03-05,13,UPPER,["horizontal_push", "horizontal_pull", "prefer_accessory"],10,,,,,,,,,1,0,0,0,{}
8442,952,2026-03-06,14,RECOVERY,[],10,,,,,,,,,1,0,0,0,{}
8403,950,2026-01-26,3,LOWER,["squat", "hinge", "prefer_finisher"],70,5,0,0,0,5,Optimization-first session aligned to your goals and recovery.,,,1,0,0,0,{}
8404,950,2026-01-27,4,UPPER,["vertical_push", "vertical_pull", "prefer_finisher"],70,5,0,0,0,5,Optimization-first session aligned to your goals and recovery.,,,1,0,0,0,{}
8408,950,2026-01-31,8,FULL_BODY,["lunge", "horizontal_push", "horizontal_pull", "prefer_finisher"],70,5,0,0,0,5,Optimization-first session aligned to your goals and recovery.,,,1,0,0,0,{}
8410,950,2026-02-02,10,UPPER,["vertical_push", "vertical_pull", "prefer_finisher"],70,5,0,0,0,5,Optimization-first session aligned to your goals and recovery.,,,1,0,0,0,{}
8413,950,2026-02-05,13,UPPER,["horizontal_push", "horizontal_pull", "prefer_accessory"],70,5,0,0,0,5,Optimization-first session aligned to your goals and recovery.,,,1,0,0,0,{}
8317,944,2026-01-24,1,UPPER,["horizontal_push", "horizontal_pull", "prefer_finisher"],,,,,,,,,,1,0,0,0,{}
8318,944,2026-01-25,2,LOWER,["squat", "hinge", "prefer_finisher"],,,,,,,,,,1,0,0,0,{}
8319,944,2026-01-26,3,RECOVERY,[],,,,,,,,,,1,0,0,0,{}
8320,944,2026-01-27,4,FULL_BODY,["hinge", "vertical_push", "vertical_pull", "prefer_finisher"],,,,,,,,,,1,0,0,0,{}
8321,944,2026-01-28,5,UPPER,["horizontal_push", "horizontal_pull", "prefer_finisher"],,,,,,,,,,1,0,0,0,{}
8322,944,2026-01-29,6,LOWER,["lunge", "squat", "prefer_finisher"],,,,,,,,,,1,0,0,0,{}
8323,944,2026-01-30,7,RECOVERY,[],,,,,,,,,,1,0,0,0,{}
8324,944,2026-01-31,8,UPPER,["vertical_push", "vertical_pull", "prefer_finisher"],,,,,,,,,,1,0,0,0,{}
8325,944,2026-02-01,9,LOWER,["squat", "hinge", "prefer_finisher"],,,,,,,,,,1,0,0,0,{}
8326,944,2026-02-02,10,FULL_BODY,["hinge", "horizontal_push", "horizontal_pull", "prefer_accessory"],,,,,,,,,,1,0,0,0,{}
8327,944,2026-02-03,11,RECOVERY,[],,,,,,,,,,1,0,0,0,{}
8328,944,2026-02-04,12,CARDIO,["cardio", "fat_loss"],,,,,,,,,,1,0,0,0,{}
8329,944,2026-02-05,13,CARDIO,["cardio", "fat_loss"],,,,,,,,,,1,0,0,0,{}
8330,944,2026-02-06,14,RECOVERY,[],,,,,,,,,,1,0,0,0,{}
8331,945,2026-02-07,1,UPPER,["horizontal_push", "horizontal_pull", "prefer_finisher"],,,,,,,,,,1,0,0,0,{}
8332,945,2026-02-08,2,LOWER,["squat", "hinge", "prefer_finisher"],,,,,,,,,,1,0,0,0,{}
8333,945,2026-02-09,3,RECOVERY,[],,,,,,,,,,1,0,0,0,{}
8334,945,2026-02-10,4,FULL_BODY,["hinge", "vertical_push", "vertical_pull", "prefer_finisher"],,,,,,,,,,1,0,0,0,{}
8335,945,2026-02-11,5,UPPER,["horizontal_push", "horizontal_pull", "prefer_finisher"],,,,,,,,,,1,0,0,0,{}
8336,945,2026-02-12,6,LOWER,["lunge", "squat", "prefer_finisher"],,,,,,,,,,1,0,0,0,{}
8337,945,2026-02-13,7,RECOVERY,[],,,,,,,,,,1,0,0,0,{}
8338,945,2026-02-14,8,UPPER,["vertical_push", "vertical_pull", "prefer_finisher"],,,,,,,,,,1,0,0,0,{}
8339,945,2026-02-15,9,LOWER,["squat", "hinge", "prefer_finisher"],,,,,,,,,,1,0,0,0,{}
8340,945,2026-02-16,10,FULL_BODY,["hinge", "horizontal_push", "horizontal_pull", "prefer_accessory"],,,,,,,,,,1,0,0,0,{}
8341,945,2026-02-17,11,RECOVERY,[],,,,,,,,,,1,0,0,0,{}
8342,945,2026-02-18,12,CARDIO,["cardio", "fat_loss"],,,,,,,,,,1,0,0,0,{}
8343,945,2026-02-19,13,CARDIO,["cardio", "fat_loss"],,,,,,,,,,1,0,0,0,{}
8344,945,2026-02-20,14,RECOVERY,[],,,,,,,,,,1,0,0,0,{}
8345,946,2026-02-21,1,UPPER,["horizontal_push", "horizontal_pull", "prefer_finisher"],,,,,,,,,,1,0,0,0,{}
8346,946,2026-02-22,2,LOWER,["squat", "hinge", "prefer_finisher"],,,,,,,,,,1,0,0,0,{}
8347,946,2026-02-23,3,RECOVERY,[],,,,,,,,,,1,0,0,0,{}
8348,946,2026-02-24,4,FULL_BODY,["hinge", "vertical_push", "vertical_pull", "prefer_finisher"],,,,,,,,,,1,0,0,0,{}
8349,946,2026-02-25,5,UPPER,["horizontal_push", "horizontal_pull", "prefer_finisher"],,,,,,,,,,1,0,0,0,{}
8350,946,2026-02-26,6,LOWER,["lunge", "squat", "prefer_finisher"],,,,,,,,,,1,0,0,0,{}
8351,946,2026-02-27,7,RECOVERY,[],,,,,,,,,,1,0,0,0,{}
8352,946,2026-02-28,8,UPPER,["vertical_push", "vertical_pull", "prefer_finisher"],,,,,,,,,,1,0,0,0,{}
8353,946,2026-03-01,9,LOWER,["squat", "hinge", "prefer_finisher"],,,,,,,,,,1,0,0,0,{}
8354,946,2026-03-02,10,FULL_BODY,["hinge", "horizontal_push", "horizontal_pull", "prefer_accessory"],,,,,,,,,,1,0,0,0,{}
8355,946,2026-03-03,11,RECOVERY,[],,,,,,,,,,1,0,0,0,{}
8356,946,2026-03-04,12,CARDIO,["cardio", "fat_loss"],,,,,,,,,,1,0,0,0,{}
8357,946,2026-03-05,13,CARDIO,["cardio", "fat_loss"],,,,,,,,,,1,0,0,0,{}
8358,946,2026-03-06,14,RECOVERY,[],,,,,,,,,,1,0,0,0,{}
8359,947,2026-03-07,1,UPPER,["horizontal_push", "horizontal_pull", "prefer_finisher"],,,,,,,,,,1,0,0,0,{}
8360,947,2026-03-08,2,LOWER,["squat", "hinge", "prefer_finisher"],,,,,,,,,,1,0,0,0,{}
8361,947,2026-03-09,3,RECOVERY,[],,,,,,,,,,1,0,0,0,{}
8362,947,2026-03-10,4,FULL_BODY,["hinge", "vertical_push", "vertical_pull", "prefer_finisher"],,,,,,,,,,1,0,0,0,{}
8363,947,2026-03-11,5,UPPER,["horizontal_push", "horizontal_pull", "prefer_finisher"],,,,,,,,,,1,0,0,0,{}
8364,947,2026-03-12,6,LOWER,["lunge", "squat", "prefer_finisher"],,,,,,,,,,1,0,0,0,{}
8366,947,2026-03-14,8,UPPER,["vertical_push", "vertical_pull", "prefer_finisher"],,,,,,,,,,1,0,0,0,{}
8367,947,2026-03-15,9,LOWER,["squat", "hinge", "prefer_finisher"],,,,,,,,,,1,0,0,0,{}
8368,947,2026-03-16,10,FULL_BODY,["hinge", "horizontal_push", "horizontal_pull", "prefer_accessory"],,,,,,,,,,1,0,0,0,{}
8369,947,2026-03-17,11,RECOVERY,[],,,,,,,,,,1,0,0,0,{}
8370,947,2026-03-18,12,CARDIO,["cardio", "fat_loss"],,,,,,,,,,1,0,0,0,{}
8371,947,2026-03-19,13,CARDIO,["cardio", "fat_loss"],,,,,,,,,,1,0,0,0,{}
8372,947,2026-03-20,14,RECOVERY,[],,,,,,,,,,1,0,0,0,{}
8373,948,2026-03-21,1,UPPER,["horizontal_push", "horizontal_pull", "prefer_finisher"],,,,,,,,,,1,0,0,0,{}
8374,948,2026-03-22,2,LOWER,["squat", "hinge", "prefer_finisher"],,,,,,,,,,1,0,0,0,{}
8375,948,2026-03-23,3,RECOVERY,[],,,,,,,,,,1,0,0,0,{}
8376,948,2026-03-24,4,FULL_BODY,["hinge", "vertical_push", "vertical_pull", "prefer_finisher"],,,,,,,,,,1,0,0,0,{}
8377,948,2026-03-25,5,UPPER,["horizontal_push", "horizontal_pull", "prefer_finisher"],,,,,,,,,,1,0,0,0,{}
6190,792,2026-03-21,2,RECOVERY,[],10,,,,,,,,,1,0,0,0,{}
8378,948,2026-03-26,6,LOWER,["lunge", "squat", "prefer_finisher"],,,,,,,,,,1,0,0,0,{}
8379,948,2026-03-27,7,RECOVERY,[],,,,,,,,,,1,0,0,0,{}
8380,948,2026-03-28,8,UPPER,["vertical_push", "vertical_pull", "prefer_finisher"],,,,,,,,,,1,0,0,0,{}
6357,804,2026-01-23,1,UPPER,["horizontal_push", "horizontal_pull", "prefer_accessory"],,,,,,,,,,1,0,0,0,{}
6358,804,2026-01-24,2,LOWER,["squat", "hinge"],,,,,,,,,,1,0,0,0,{}
6359,804,2026-01-25,3,RECOVERY,[],,,,,,,,,,1,0,0,0,{}
6360,804,2026-01-26,4,FULL_BODY,["hinge", "vertical_push", "vertical_pull"],,,,,,,,,,1,0,0,0,{}
6361,804,2026-01-27,5,UPPER,["horizontal_push", "horizontal_pull"],,,,,,,,,,1,0,0,0,{}
6362,804,2026-01-28,6,LOWER,["lunge", "squat"],,,,,,,,,,1,0,0,0,{}
6363,804,2026-01-29,7,RECOVERY,[],,,,,,,,,,1,0,0,0,{}
6364,804,2026-01-30,8,UPPER,["vertical_push", "vertical_pull"],,,,,,,,,,1,0,0,0,{}
6365,804,2026-01-31,9,LOWER,["squat", "hinge"],,,,,,,,,,1,0,0,0,{}
6366,804,2026-02-01,10,FULL_BODY,["hinge", "horizontal_push", "horizontal_pull"],,,,,,,,,,1,0,0,0,{}
6367,804,2026-02-02,11,RECOVERY,[],,,,,,,,,,1,0,0,0,{}
6368,804,2026-02-03,12,UPPER,["vertical_push", "vertical_pull"],,,,,,,,,,1,0,0,0,{}
6369,804,2026-02-04,13,LOWER,["lunge", "squat"],,,,,,,,,,1,0,0,0,{}
6370,804,2026-02-05,14,RECOVERY,[],,,,,,,,,,1,0,0,0,{}
6371,805,2026-02-06,1,UPPER,["horizontal_push", "horizontal_pull", "prefer_accessory"],,,,,,,,,,1,0,0,0,{}
6372,805,2026-02-07,2,LOWER,["squat", "hinge"],,,,,,,,,,1,0,0,0,{}
6373,805,2026-02-08,3,RECOVERY,[],,,,,,,,,,1,0,0,0,{}
6374,805,2026-02-09,4,FULL_BODY,["hinge", "vertical_push", "vertical_pull"],,,,,,,,,,1,0,0,0,{}
6375,805,2026-02-10,5,UPPER,["horizontal_push", "horizontal_pull"],,,,,,,,,,1,0,0,0,{}
6376,805,2026-02-11,6,LOWER,["lunge", "squat"],,,,,,,,,,1,0,0,0,{}
6377,805,2026-02-12,7,RECOVERY,[],,,,,,,,,,1,0,0,0,{}
6378,805,2026-02-13,8,UPPER,["vertical_push", "vertical_pull"],,,,,,,,,,1,0,0,0,{}
6379,805,2026-02-14,9,LOWER,["squat", "hinge"],,,,,,,,,,1,0,0,0,{}
6380,805,2026-02-15,10,FULL_BODY,["hinge", "horizontal_push", "horizontal_pull"],,,,,,,,,,1,0,0,0,{}
6381,805,2026-02-16,11,RECOVERY,[],,,,,,,,,,1,0,0,0,{}
6382,805,2026-02-17,12,UPPER,["vertical_push", "vertical_pull"],,,,,,,,,,1,0,0,0,{}
6383,805,2026-02-18,13,LOWER,["lunge", "squat"],,,,,,,,,,1,0,0,0,{}
6384,805,2026-02-19,14,RECOVERY,[],,,,,,,,,,1,0,0,0,{}
6385,806,2026-02-20,1,UPPER,["horizontal_push", "horizontal_pull", "prefer_accessory"],,,,,,,,,,1,0,0,0,{}
6386,806,2026-02-21,2,LOWER,["squat", "hinge"],,,,,,,,,,1,0,0,0,{}
6387,806,2026-02-22,3,RECOVERY,[],,,,,,,,,,1,0,0,0,{}
6388,806,2026-02-23,4,FULL_BODY,["hinge", "vertical_push", "vertical_pull"],,,,,,,,,,1,0,0,0,{}
6389,806,2026-02-24,5,UPPER,["horizontal_push", "horizontal_pull"],,,,,,,,,,1,0,0,0,{}
6390,806,2026-02-25,6,LOWER,["lunge", "squat"],,,,,,,,,,1,0,0,0,{}
6391,806,2026-02-26,7,RECOVERY,[],,,,,,,,,,1,0,0,0,{}
6392,806,2026-02-27,8,UPPER,["vertical_push", "vertical_pull"],,,,,,,,,,1,0,0,0,{}
6393,806,2026-02-28,9,LOWER,["squat", "hinge"],,,,,,,,,,1,0,0,0,{}
6394,806,2026-03-01,10,FULL_BODY,["hinge", "horizontal_push", "horizontal_pull"],,,,,,,,,,1,0,0,0,{}
6395,806,2026-03-02,11,RECOVERY,[],,,,,,,,,,1,0,0,0,{}
6396,806,2026-03-03,12,UPPER,["vertical_push", "vertical_pull"],,,,,,,,,,1,0,0,0,{}
6397,806,2026-03-04,13,LOWER,["lunge", "squat"],,,,,,,,,,1,0,0,0,{}
6398,806,2026-03-05,14,RECOVERY,[],,,,,,,,,,1,0,0,0,{}
6399,807,2026-03-06,1,UPPER,["horizontal_push", "horizontal_pull", "prefer_accessory"],,,,,,,,,,1,0,0,0,{}
6400,807,2026-03-07,2,LOWER,["squat", "hinge"],,,,,,,,,,1,0,0,0,{}
6401,807,2026-03-08,3,RECOVERY,[],,,,,,,,,,1,0,0,0,{}
6402,807,2026-03-09,4,FULL_BODY,["hinge", "vertical_push", "vertical_pull"],,,,,,,,,,1,0,0,0,{}
6403,807,2026-03-10,5,UPPER,["horizontal_push", "horizontal_pull"],,,,,,,,,,1,0,0,0,{}
6404,807,2026-03-11,6,LOWER,["lunge", "squat"],,,,,,,,,,1,0,0,0,{}
6405,807,2026-03-12,7,RECOVERY,[],,,,,,,,,,1,0,0,0,{}
6406,807,2026-03-13,8,UPPER,["vertical_push", "vertical_pull"],,,,,,,,,,1,0,0,0,{}
6407,807,2026-03-14,9,LOWER,["squat", "hinge"],,,,,,,,,,1,0,0,0,{}
6408,807,2026-03-15,10,FULL_BODY,["hinge", "horizontal_push", "horizontal_pull"],,,,,,,,,,1,0,0,0,{}
6409,807,2026-03-16,11,RECOVERY,[],,,,,,,,,,1,0,0,0,{}
6410,807,2026-03-17,12,UPPER,["vertical_push", "vertical_pull"],,,,,,,,,,1,0,0,0,{}
6411,807,2026-03-18,13,LOWER,["lunge", "squat"],,,,,,,,,,1,0,0,0,{}
6412,807,2026-03-19,14,RECOVERY,[],,,,,,,,,,1,0,0,0,{}
8462,954,2026-03-26,6,LOWER,["hinge", "lunge", "prefer_finisher"],10,,,,,,,,,1,0,0,0,{}
8463,954,2026-03-27,7,RECOVERY,[],10,,,,,,,,,1,0,0,0,{}
8464,954,2026-03-28,8,FULL_BODY,["lunge", "horizontal_push", "horizontal_pull", "prefer_finisher"],10,,,,,,,,,1,0,0,0,{}
8465,954,2026-03-29,9,RECOVERY,[],10,,,,,,,,,1,0,0,0,{}
8466,954,2026-03-30,10,UPPER,["vertical_push", "vertical_pull", "prefer_finisher"],10,,,,,,,,,1,0,0,0,{}
8467,954,2026-03-31,11,LOWER,["squat", "hinge", "prefer_finisher"],10,,,,,,,,,1,0,0,0,{}
8468,954,2026-04-01,12,RECOVERY,[],10,,,,,,,,,1,0,0,0,{}
8469,954,2026-04-02,13,UPPER,["horizontal_push", "horizontal_pull", "prefer_accessory"],10,,,,,,,,,1,0,0,0,{}
8470,954,2026-04-03,14,RECOVERY,[],10,,,,,,,,,1,0,0,0,{}
8471,955,2026-04-04,1,UPPER,["horizontal_push", "horizontal_pull", "prefer_finisher"],10,,,,,,,,,1,0,0,0,{}
8472,955,2026-04-05,2,RECOVERY,[],10,,,,,,,,,1,0,0,0,{}
8473,955,2026-04-06,3,LOWER,["squat", "hinge", "prefer_finisher"],10,,,,,,,,,1,0,0,0,{}
8474,955,2026-04-07,4,UPPER,["vertical_push", "vertical_pull", "prefer_finisher"],10,,,,,,,,,1,0,0,0,{}
8475,955,2026-04-08,5,RECOVERY,[],10,,,,,,,,,1,0,0,0,{}
8476,955,2026-04-09,6,LOWER,["hinge", "lunge", "prefer_finisher"],10,,,,,,,,,1,0,0,0,{}
8477,955,2026-04-10,7,RECOVERY,[],10,,,,,,,,,1,0,0,0,{}
8478,955,2026-04-11,8,FULL_BODY,["lunge", "horizontal_push", "horizontal_pull", "prefer_finisher"],10,,,,,,,,,1,0,0,0,{}
8479,955,2026-04-12,9,RECOVERY,[],10,,,,,,,,,1,0,0,0,{}
8480,955,2026-04-13,10,UPPER,["vertical_push", "vertical_pull", "prefer_finisher"],10,,,,,,,,,1,0,0,0,{}
8481,955,2026-04-14,11,LOWER,["squat", "hinge", "prefer_finisher"],10,,,,,,,,,1,0,0,0,{}
8482,955,2026-04-15,12,RECOVERY,[],10,,,,,,,,,1,0,0,0,{}
8483,955,2026-04-16,13,UPPER,["horizontal_push", "horizontal_pull", "prefer_accessory"],10,,,,,,,,,1,0,0,0,{}
8484,955,2026-04-17,14,RECOVERY,[],10,,,,,,,,,1,0,0,0,{}
7253,868,2026-01-24,1,UPPER,["horizontal_push", "horizontal_pull", "prefer_finisher"],10,5,0,0,0,5,,,,1,0,0,0,{}
7254,868,2026-01-25,2,LOWER,["squat", "hinge", "prefer_finisher"],10,5,0,0,0,5,,,,1,0,0,0,{}
7255,868,2026-01-26,3,RECOVERY,[],10,5,0,0,0,5,,,,1,0,0,0,{}
7256,868,2026-01-27,4,FULL_BODY,["hinge", "vertical_push", "vertical_pull", "prefer_finisher"],10,5,0,0,0,5,,,,1,0,0,0,{}
7257,868,2026-01-28,5,UPPER,["horizontal_push", "horizontal_pull", "prefer_finisher"],10,5,0,0,0,5,,,,1,0,0,0,{}
7258,868,2026-01-29,6,LOWER,["lunge", "squat", "prefer_finisher"],10,5,0,0,0,5,,,,1,0,0,0,{}
7259,868,2026-01-30,7,RECOVERY,[],10,5,0,0,0,5,,,,1,0,0,0,{}
7260,868,2026-01-31,8,UPPER,["vertical_push", "vertical_pull", "prefer_finisher"],10,5,0,0,0,5,,,,1,0,0,0,{}
6469,812,2026-01-23,1,UPPER,["horizontal_push", "horizontal_pull", "prefer_accessory"],10,,,,,,,,,1,0,0,0,{}
6470,812,2026-01-24,2,LOWER,["squat", "hinge"],10,5,0,0,0,5,,,,1,0,0,0,{}
6471,812,2026-01-25,3,RECOVERY,[],10,5,0,0,0,5,,,,1,0,0,0,{}
6472,812,2026-01-26,4,FULL_BODY,["hinge", "vertical_push", "vertical_pull"],10,5,0,0,0,5,,,,1,0,0,0,{}
6473,812,2026-01-27,5,UPPER,["horizontal_push", "horizontal_pull"],10,5,0,0,0,5,,,,1,0,0,0,{}
6474,812,2026-01-28,6,LOWER,["lunge", "squat"],10,5,0,0,0,5,,,,1,0,0,0,{}
6476,812,2026-01-30,8,UPPER,["vertical_push", "vertical_pull"],10,5,0,0,0,5,,,,1,0,0,0,{}
6477,812,2026-01-31,9,LOWER,["squat", "hinge"],10,5,0,0,0,5,,,,1,0,0,0,{}
6478,812,2026-02-01,10,FULL_BODY,["hinge", "horizontal_push", "horizontal_pull"],10,5,0,0,0,5,,,,1,0,0,0,{}
6479,812,2026-02-02,11,RECOVERY,[],10,5,0,0,0,5,,,,1,0,0,0,{}
6480,812,2026-02-03,12,UPPER,["vertical_push", "vertical_pull"],10,5,0,0,0,5,,,,1,0,0,0,{}
6481,812,2026-02-04,13,LOWER,["lunge", "squat"],10,5,0,0,0,5,,,,1,0,0,0,{}
6482,812,2026-02-05,14,RECOVERY,[],10,5,0,0,0,5,,,,1,0,0,0,{}
6483,813,2026-02-06,1,UPPER,["horizontal_push", "horizontal_pull", "prefer_accessory"],10,,,,,,,,,1,0,0,0,{}
6484,813,2026-02-07,2,LOWER,["squat", "hinge"],10,,,,,,,,,1,0,0,0,{}
6485,813,2026-02-08,3,RECOVERY,[],10,,,,,,,,,1,0,0,0,{}
6486,813,2026-02-09,4,FULL_BODY,["hinge", "vertical_push", "vertical_pull"],10,,,,,,,,,1,0,0,0,{}
7261,868,2026-02-01,9,LOWER,["squat", "hinge", "prefer_finisher"],10,5,0,0,0,5,,,,1,0,0,0,{}
7262,868,2026-02-02,10,FULL_BODY,["hinge", "horizontal_push", "horizontal_pull", "prefer_finisher"],10,5,0,0,0,5,,,,1,0,0,0,{}
7263,868,2026-02-03,11,RECOVERY,[],10,5,0,0,0,5,,,,1,0,0,0,{}
7264,868,2026-02-04,12,CARDIO,["cardio", "endurance"],10,5,0,0,0,5,,,,1,0,0,0,{}
7265,868,2026-02-05,13,CARDIO,["cardio", "endurance"],10,5,0,0,0,5,,,,1,0,0,0,{}
7266,868,2026-02-06,14,RECOVERY,[],10,5,0,0,0,5,,,,1,0,0,0,{}
7267,869,2026-02-07,1,UPPER,["horizontal_push", "horizontal_pull", "prefer_finisher"],10,,,,,,,,,1,0,0,0,{}
7268,869,2026-02-08,2,LOWER,["squat", "hinge", "prefer_finisher"],10,,,,,,,,,1,0,0,0,{}
7269,869,2026-02-09,3,RECOVERY,[],10,,,,,,,,,1,0,0,0,{}
7270,869,2026-02-10,4,FULL_BODY,["hinge", "vertical_push", "vertical_pull", "prefer_finisher"],10,,,,,,,,,1,0,0,0,{}
7271,869,2026-02-11,5,UPPER,["horizontal_push", "horizontal_pull", "prefer_finisher"],10,,,,,,,,,1,0,0,0,{}
8443,953,2026-03-07,1,UPPER,["horizontal_push", "horizontal_pull", "prefer_finisher"],10,,,,,,,,,1,0,0,0,{}
8444,953,2026-03-08,2,RECOVERY,[],10,,,,,,,,,1,0,0,0,{}
8445,953,2026-03-09,3,LOWER,["squat", "hinge", "prefer_finisher"],10,,,,,,,,,1,0,0,0,{}
8446,953,2026-03-10,4,UPPER,["vertical_push", "vertical_pull", "prefer_finisher"],10,,,,,,,,,1,0,0,0,{}
8447,953,2026-03-11,5,RECOVERY,[],10,,,,,,,,,1,0,0,0,{}
8448,953,2026-03-12,6,LOWER,["hinge", "lunge", "prefer_finisher"],10,,,,,,,,,1,0,0,0,{}
8449,953,2026-03-13,7,RECOVERY,[],10,,,,,,,,,1,0,0,0,{}
8450,953,2026-03-14,8,FULL_BODY,["lunge", "horizontal_push", "horizontal_pull", "prefer_finisher"],10,,,,,,,,,1,0,0,0,{}
8451,953,2026-03-15,9,RECOVERY,[],10,,,,,,,,,1,0,0,0,{}
8452,953,2026-03-16,10,UPPER,["vertical_push", "vertical_pull", "prefer_finisher"],10,,,,,,,,,1,0,0,0,{}
8453,953,2026-03-17,11,LOWER,["squat", "hinge", "prefer_finisher"],10,,,,,,,,,1,0,0,0,{}
8454,953,2026-03-18,12,RECOVERY,[],10,,,,,,,,,1,0,0,0,{}
8455,953,2026-03-19,13,UPPER,["horizontal_push", "horizontal_pull", "prefer_accessory"],10,,,,,,,,,1,0,0,0,{}
8456,953,2026-03-20,14,RECOVERY,[],10,,,,,,,,,1,0,0,0,{}
8457,954,2026-03-21,1,UPPER,["horizontal_push", "horizontal_pull", "prefer_finisher"],10,,,,,,,,,1,0,0,0,{}
8458,954,2026-03-22,2,RECOVERY,[],10,,,,,,,,,1,0,0,0,{}
8459,954,2026-03-23,3,LOWER,["squat", "hinge", "prefer_finisher"],10,,,,,,,,,1,0,0,0,{}
8460,954,2026-03-24,4,UPPER,["vertical_push", "vertical_pull", "prefer_finisher"],10,,,,,,,,,1,0,0,0,{}
8461,954,2026-03-25,5,RECOVERY,[],10,,,,,,,,,1,0,0,0,{}
8401,950,2026-01-24,1,UPPER,["horizontal_push", "horizontal_pull", "prefer_finisher"],70,5,0,0,0,5,Optimization-first session aligned to your goals and recovery.,,,1,0,0,0,{}
8406,950,2026-01-29,6,LOWER,["hinge", "lunge", "prefer_finisher"],70,5,0,0,0,5,Optimization-first session aligned to your goals and recovery.,,,1,0,0,0,{}
8411,950,2026-02-03,11,LOWER,["squat", "hinge", "prefer_finisher"],70,5,0,0,0,5,Optimization-first session aligned to your goals and recovery.,,,1,0,0,0,{}
6527,816,2026-01-25,3,RECOVERY,[],10,5,0,0,0,5,,,,1,0,0,0,{}
6531,816,2026-01-29,7,RECOVERY,[],10,5,0,0,0,5,,,,1,0,0,0,{}
6535,816,2026-02-02,11,RECOVERY,[],10,5,0,0,0,5,,,,1,0,0,0,{}
6538,816,2026-02-05,14,RECOVERY,[],10,5,0,0,0,5,,,,1,0,0,0,{}
6539,817,2026-02-06,1,UPPER,["horizontal_push", "horizontal_pull", "prefer_accessory"],10,,,,,,,,,1,0,0,0,{}
6540,817,2026-02-07,2,LOWER,["squat", "hinge"],10,,,,,,,,,1,0,0,0,{}
6541,817,2026-02-08,3,RECOVERY,[],10,,,,,,,,,1,0,0,0,{}
6542,817,2026-02-09,4,FULL_BODY,["hinge", "vertical_push", "vertical_pull"],10,,,,,,,,,1,0,0,0,{}
6543,817,2026-02-10,5,UPPER,["horizontal_push", "horizontal_pull"],10,,,,,,,,,1,0,0,0,{}
6544,817,2026-02-11,6,LOWER,["lunge", "squat"],10,,,,,,,,,1,0,0,0,{}
6547,817,2026-02-14,9,LOWER,["squat", "hinge"],10,,,,,,,,,1,0,0,0,{}
6140,788,2026-01-30,8,CARDIO,["cardio", "endurance"],10,5,0,0,0,5,,,,1,0,0,0,{}
6141,788,2026-01-31,9,RECOVERY,[],10,5,0,0,0,5,,,,1,0,0,0,{}
6142,788,2026-02-01,10,CARDIO,["cardio", "endurance"],10,5,0,0,0,5,,,,1,0,0,0,{}
6143,788,2026-02-02,11,CUSTOM,["conditioning"],10,5,0,0,0,5,,,,1,0,0,0,{}
6144,788,2026-02-03,12,RECOVERY,[],10,5,0,0,0,5,,,,1,0,0,0,{}
6145,788,2026-02-04,13,CUSTOM,["conditioning"],10,5,0,0,0,5,,,,1,0,0,0,{}
6146,788,2026-02-05,14,RECOVERY,[],10,5,0,0,0,5,,,,1,0,0,0,{}
6147,789,2026-02-06,1,UPPER,["horizontal_push", "horizontal_pull", "prefer_finisher"],10,,,,,,,,,1,0,0,0,{}
6148,789,2026-02-07,2,RECOVERY,[],10,,,,,,,,,1,0,0,0,{}
6149,789,2026-02-08,3,LOWER,["squat", "hinge", "prefer_finisher"],10,,,,,,,,,1,0,0,0,{}
6150,789,2026-02-09,4,UPPER,["vertical_push", "vertical_pull", "prefer_finisher"],10,,,,,,,,,1,0,0,0,{}
6151,789,2026-02-10,5,RECOVERY,[],10,,,,,,,,,1,0,0,0,{}
6152,789,2026-02-11,6,LOWER,["hinge", "lunge", "prefer_accessory"],10,,,,,,,,,1,0,0,0,{}
6153,789,2026-02-12,7,RECOVERY,[],10,,,,,,,,,1,0,0,0,{}
6154,789,2026-02-13,8,CARDIO,["cardio", "endurance"],10,,,,,,,,,1,0,0,0,{}
6155,789,2026-02-14,9,RECOVERY,[],10,,,,,,,,,1,0,0,0,{}
6156,789,2026-02-15,10,CARDIO,["cardio", "endurance"],10,,,,,,,,,1,0,0,0,{}
6157,789,2026-02-16,11,CUSTOM,["conditioning"],10,,,,,,,,,1,0,0,0,{}
6158,789,2026-02-17,12,RECOVERY,[],10,,,,,,,,,1,0,0,0,{}
6159,789,2026-02-18,13,CUSTOM,["conditioning"],10,,,,,,,,,1,0,0,0,{}
6161,790,2026-02-20,1,UPPER,["horizontal_push", "horizontal_pull", "prefer_finisher"],10,,,,,,,,,1,0,0,0,{}
6162,790,2026-02-21,2,RECOVERY,[],10,,,,,,,,,1,0,0,0,{}
6163,790,2026-02-22,3,LOWER,["squat", "hinge", "prefer_finisher"],10,,,,,,,,,1,0,0,0,{}
6164,790,2026-02-23,4,UPPER,["vertical_push", "vertical_pull", "prefer_finisher"],10,,,,,,,,,1,0,0,0,{}
6165,790,2026-02-24,5,RECOVERY,[],10,,,,,,,,,1,0,0,0,{}
6166,790,2026-02-25,6,LOWER,["hinge", "lunge", "prefer_accessory"],10,,,,,,,,,1,0,0,0,{}
6167,790,2026-02-26,7,RECOVERY,[],10,,,,,,,,,1,0,0,0,{}
6168,790,2026-02-27,8,CARDIO,["cardio", "endurance"],10,,,,,,,,,1,0,0,0,{}
6169,790,2026-02-28,9,RECOVERY,[],10,,,,,,,,,1,0,0,0,{}
6170,790,2026-03-01,10,CARDIO,["cardio", "endurance"],10,,,,,,,,,1,0,0,0,{}
6171,790,2026-03-02,11,CUSTOM,["conditioning"],10,,,,,,,,,1,0,0,0,{}
6172,790,2026-03-03,12,RECOVERY,[],10,,,,,,,,,1,0,0,0,{}
6173,790,2026-03-04,13,CUSTOM,["conditioning"],10,,,,,,,,,1,0,0,0,{}
6174,790,2026-03-05,14,RECOVERY,[],10,,,,,,,,,1,0,0,0,{}
6175,791,2026-03-06,1,UPPER,["horizontal_push", "horizontal_pull", "prefer_finisher"],10,,,,,,,,,1,0,0,0,{}
6176,791,2026-03-07,2,RECOVERY,[],10,,,,,,,,,1,0,0,0,{}
6177,791,2026-03-08,3,LOWER,["squat", "hinge", "prefer_finisher"],10,,,,,,,,,1,0,0,0,{}
6178,791,2026-03-09,4,UPPER,["vertical_push", "vertical_pull", "prefer_finisher"],10,,,,,,,,,1,0,0,0,{}
6179,791,2026-03-10,5,RECOVERY,[],10,,,,,,,,,1,0,0,0,{}
6180,791,2026-03-11,6,LOWER,["hinge", "lunge", "prefer_accessory"],10,,,,,,,,,1,0,0,0,{}
6181,791,2026-03-12,7,RECOVERY,[],10,,,,,,,,,1,0,0,0,{}
6182,791,2026-03-13,8,CARDIO,["cardio", "endurance"],10,,,,,,,,,1,0,0,0,{}
6183,791,2026-03-14,9,RECOVERY,[],10,,,,,,,,,1,0,0,0,{}
6184,791,2026-03-15,10,CARDIO,["cardio", "endurance"],10,,,,,,,,,1,0,0,0,{}
6185,791,2026-03-16,11,CUSTOM,["conditioning"],10,,,,,,,,,1,0,0,0,{}
6186,791,2026-03-17,12,RECOVERY,[],10,,,,,,,,,1,0,0,0,{}
6187,791,2026-03-18,13,CUSTOM,["conditioning"],10,,,,,,,,,1,0,0,0,{}
6188,791,2026-03-19,14,RECOVERY,[],10,,,,,,,,,1,0,0,0,{}
6189,792,2026-03-20,1,UPPER,["horizontal_push", "horizontal_pull", "prefer_finisher"],10,,,,,,,,,1,0,0,0,{}
6191,792,2026-03-22,3,LOWER,["squat", "hinge", "prefer_finisher"],10,,,,,,,,,1,0,0,0,{}
6192,792,2026-03-23,4,UPPER,["vertical_push", "vertical_pull", "prefer_finisher"],10,,,,,,,,,1,0,0,0,{}
6193,792,2026-03-24,5,RECOVERY,[],10,,,,,,,,,1,0,0,0,{}
6194,792,2026-03-25,6,LOWER,["hinge", "lunge", "prefer_accessory"],10,,,,,,,,,1,0,0,0,{}
6195,792,2026-03-26,7,RECOVERY,[],10,,,,,,,,,1,0,0,0,{}
6196,792,2026-03-27,8,CARDIO,["cardio", "endurance"],10,,,,,,,,,1,0,0,0,{}
6197,792,2026-03-28,9,RECOVERY,[],10,,,,,,,,,1,0,0,0,{}
6198,792,2026-03-29,10,CARDIO,["cardio", "endurance"],10,,,,,,,,,1,0,0,0,{}
6199,792,2026-03-30,11,CUSTOM,["conditioning"],10,,,,,,,,,1,0,0,0,{}
6200,792,2026-03-31,12,RECOVERY,[],10,,,,,,,,,1,0,0,0,{}
6545,817,2026-02-12,7,RECOVERY,[],10,,,,,,,,,1,0,0,0,{}
6546,817,2026-02-13,8,UPPER,["vertical_push", "vertical_pull"],10,,,,,,,,,1,0,0,0,{}
6548,817,2026-02-15,10,FULL_BODY,["hinge", "horizontal_push", "horizontal_pull"],10,,,,,,,,,1,0,0,0,{}
6549,817,2026-02-16,11,RECOVERY,[],10,,,,,,,,,1,0,0,0,{}
6550,817,2026-02-17,12,UPPER,["vertical_push", "vertical_pull"],10,,,,,,,,,1,0,0,0,{}
6551,817,2026-02-18,13,LOWER,["lunge", "squat"],10,,,,,,,,,1,0,0,0,{}
6552,817,2026-02-19,14,RECOVERY,[],10,,,,,,,,,1,0,0,0,{}
6553,818,2026-02-20,1,UPPER,["horizontal_push", "horizontal_pull", "prefer_accessory"],10,,,,,,,,,1,0,0,0,{}
6554,818,2026-02-21,2,LOWER,["squat", "hinge"],10,,,,,,,,,1,0,0,0,{}
6555,818,2026-02-22,3,RECOVERY,[],10,,,,,,,,,1,0,0,0,{}
6556,818,2026-02-23,4,FULL_BODY,["hinge", "vertical_push", "vertical_pull"],10,,,,,,,,,1,0,0,0,{}
6557,818,2026-02-24,5,UPPER,["horizontal_push", "horizontal_pull"],10,,,,,,,,,1,0,0,0,{}
6558,818,2026-02-25,6,LOWER,["lunge", "squat"],10,,,,,,,,,1,0,0,0,{}
6559,818,2026-02-26,7,RECOVERY,[],10,,,,,,,,,1,0,0,0,{}
6560,818,2026-02-27,8,UPPER,["vertical_push", "vertical_pull"],10,,,,,,,,,1,0,0,0,{}
6561,818,2026-02-28,9,LOWER,["squat", "hinge"],10,,,,,,,,,1,0,0,0,{}
6562,818,2026-03-01,10,FULL_BODY,["hinge", "horizontal_push", "horizontal_pull"],10,,,,,,,,,1,0,0,0,{}
6563,818,2026-03-02,11,RECOVERY,[],10,,,,,,,,,1,0,0,0,{}
6564,818,2026-03-03,12,UPPER,["vertical_push", "vertical_pull"],10,,,,,,,,,1,0,0,0,{}
6565,818,2026-03-04,13,LOWER,["lunge", "squat"],10,,,,,,,,,1,0,0,0,{}
6566,818,2026-03-05,14,RECOVERY,[],10,,,,,,,,,1,0,0,0,{}
6567,819,2026-03-06,1,UPPER,["horizontal_push", "horizontal_pull", "prefer_accessory"],10,,,,,,,,,1,0,0,0,{}
6568,819,2026-03-07,2,LOWER,["squat", "hinge"],10,,,,,,,,,1,0,0,0,{}
6569,819,2026-03-08,3,RECOVERY,[],10,,,,,,,,,1,0,0,0,{}
6570,819,2026-03-09,4,FULL_BODY,["hinge", "vertical_push", "vertical_pull"],10,,,,,,,,,1,0,0,0,{}
6571,819,2026-03-10,5,UPPER,["horizontal_push", "horizontal_pull"],10,,,,,,,,,1,0,0,0,{}
6572,819,2026-03-11,6,LOWER,["lunge", "squat"],10,,,,,,,,,1,0,0,0,{}
6573,819,2026-03-12,7,RECOVERY,[],10,,,,,,,,,1,0,0,0,{}
6574,819,2026-03-13,8,UPPER,["vertical_push", "vertical_pull"],10,,,,,,,,,1,0,0,0,{}
6575,819,2026-03-14,9,LOWER,["squat", "hinge"],10,,,,,,,,,1,0,0,0,{}
6576,819,2026-03-15,10,FULL_BODY,["hinge", "horizontal_push", "horizontal_pull"],10,,,,,,,,,1,0,0,0,{}
6577,819,2026-03-16,11,RECOVERY,[],10,,,,,,,,,1,0,0,0,{}
6578,819,2026-03-17,12,UPPER,["vertical_push", "vertical_pull"],10,,,,,,,,,1,0,0,0,{}
6579,819,2026-03-18,13,LOWER,["lunge", "squat"],10,,,,,,,,,1,0,0,0,{}
6580,819,2026-03-19,14,RECOVERY,[],10,,,,,,,,,1,0,0,0,{}
6133,788,2026-01-23,1,UPPER,["horizontal_push", "horizontal_pull", "prefer_finisher"],10,5,0,0,0,5,,,,1,0,0,0,{}
6134,788,2026-01-24,2,RECOVERY,[],10,5,0,0,0,5,,,,1,0,0,0,{}
6135,788,2026-01-25,3,LOWER,["squat", "hinge", "prefer_finisher"],10,5,0,0,0,5,,,,1,0,0,0,{}
6136,788,2026-01-26,4,UPPER,["vertical_push", "vertical_pull", "prefer_finisher"],10,5,0,0,0,5,,,,1,0,0,0,{}
6137,788,2026-01-27,5,RECOVERY,[],10,5,0,0,0,5,,,,1,0,0,0,{}
6138,788,2026-01-28,6,LOWER,["hinge", "lunge", "prefer_accessory"],10,5,0,0,0,5,,,,1,0,0,0,{}
6139,788,2026-01-29,7,RECOVERY,[],10,5,0,0,0,5,,,,1,0,0,0,{}
6201,792,2026-04-01,13,CUSTOM,["conditioning"],10,,,,,,,,,1,0,0,0,{}
6202,792,2026-04-02,14,RECOVERY,[],10,,,,,,,,,1,0,0,0,{}
6203,793,2026-04-03,1,UPPER,["horizontal_push", "horizontal_pull", "prefer_finisher"],10,,,,,,,,,1,0,0,0,{}
6204,793,2026-04-04,2,RECOVERY,[],10,,,,,,,,,1,0,0,0,{}
6205,793,2026-04-05,3,LOWER,["squat", "hinge", "prefer_finisher"],10,,,,,,,,,1,0,0,0,{}
6206,793,2026-04-06,4,UPPER,["vertical_push", "vertical_pull", "prefer_finisher"],10,,,,,,,,,1,0,0,0,{}
6207,793,2026-04-07,5,RECOVERY,[],10,,,,,,,,,1,0,0,0,{}
6208,793,2026-04-08,6,LOWER,["hinge", "lunge", "prefer_accessory"],10,,,,,,,,,1,0,0,0,{}
6209,793,2026-04-09,7,RECOVERY,[],10,,,,,,,,,1,0,0,0,{}
6210,793,2026-04-10,8,CARDIO,["cardio", "endurance"],10,,,,,,,,,1,0,0,0,{}
6211,793,2026-04-11,9,RECOVERY,[],10,,,,,,,,,1,0,0,0,{}
6212,793,2026-04-12,10,CARDIO,["cardio", "endurance"],10,,,,,,,,,1,0,0,0,{}
6213,793,2026-04-13,11,CUSTOM,["conditioning"],10,,,,,,,,,1,0,0,0,{}
6214,793,2026-04-14,12,RECOVERY,[],10,,,,,,,,,1,0,0,0,{}
6215,793,2026-04-15,13,CUSTOM,["conditioning"],10,,,,,,,,,1,0,0,0,{}
6216,793,2026-04-16,14,RECOVERY,[],10,,,,,,,,,1,0,0,0,{}
6526,816,2026-01-24,2,LOWER,["squat", "hinge"],70,5,0,0,0,5,Optimization-first session aligned to your goals and recovery.,,,1,0,0,0,{}
6528,816,2026-01-26,4,FULL_BODY,["hinge", "vertical_push", "vertical_pull"],70,5,0,0,0,5,Optimization-first session aligned to your goals and recovery.,,,1,0,0,0,{}
6525,816,2026-01-23,1,UPPER,["horizontal_push", "horizontal_pull", "prefer_accessory"],70,5,0,0,0,5,Optimization-first session aligned to your goals and recovery.,,,1,0,0,0,{}
7272,869,2026-02-12,6,LOWER,["lunge", "squat", "prefer_finisher"],10,,,,,,,,,1,0,0,0,{}
7273,869,2026-02-13,7,RECOVERY,[],10,,,,,,,,,1,0,0,0,{}
7274,869,2026-02-14,8,UPPER,["vertical_push", "vertical_pull", "prefer_finisher"],10,,,,,,,,,1,0,0,0,{}
7275,869,2026-02-15,9,LOWER,["squat", "hinge", "prefer_finisher"],10,,,,,,,,,1,0,0,0,{}
7276,869,2026-02-16,10,FULL_BODY,["hinge", "horizontal_push", "horizontal_pull", "prefer_finisher"],10,,,,,,,,,1,0,0,0,{}
7277,869,2026-02-17,11,RECOVERY,[],10,,,,,,,,,1,0,0,0,{}
7278,869,2026-02-18,12,CARDIO,["cardio", "endurance"],10,,,,,,,,,1,0,0,0,{}
7279,869,2026-02-19,13,CARDIO,["cardio", "endurance"],10,,,,,,,,,1,0,0,0,{}
7280,869,2026-02-20,14,RECOVERY,[],10,,,,,,,,,1,0,0,0,{}
7281,870,2026-02-21,1,UPPER,["horizontal_push", "horizontal_pull", "prefer_finisher"],10,,,,,,,,,1,0,0,0,{}
7282,870,2026-02-22,2,LOWER,["squat", "hinge", "prefer_finisher"],10,,,,,,,,,1,0,0,0,{}
7284,870,2026-02-24,4,FULL_BODY,["hinge", "vertical_push", "vertical_pull", "prefer_finisher"],10,,,,,,,,,1,0,0,0,{}
7285,870,2026-02-25,5,UPPER,["horizontal_push", "horizontal_pull", "prefer_finisher"],10,,,,,,,,,1,0,0,0,{}
7286,870,2026-02-26,6,LOWER,["lunge", "squat", "prefer_finisher"],10,,,,,,,,,1,0,0,0,{}
7287,870,2026-02-27,7,RECOVERY,[],10,,,,,,,,,1,0,0,0,{}
6532,816,2026-01-30,8,UPPER,["vertical_push", "vertical_pull"],70,5,0,0,0,5,Optimization-first session aligned to your goals and recovery.,,,1,0,0,0,{}
6533,816,2026-01-31,9,LOWER,["squat", "hinge"],70,5,0,0,0,5,Optimization-first session aligned to your goals and recovery.,,,1,0,0,0,{}
6530,816,2026-01-28,6,LOWER,["lunge", "squat"],70,5,0,0,0,5,Optimization-first session aligned to your goals and recovery.,,,1,0,0,0,{}
6534,816,2026-02-01,10,FULL_BODY,["hinge", "horizontal_push", "horizontal_pull"],70,5,0,0,0,5,Optimization-first session aligned to your goals and recovery.,,,1,0,0,0,{}
6536,816,2026-02-03,12,UPPER,["vertical_push", "vertical_pull"],70,5,0,0,0,5,Optimization-first session aligned to your goals and recovery.,,,1,0,0,0,{}
6529,816,2026-01-27,5,UPPER,["horizontal_push", "horizontal_pull"],70,5,0,0,0,5,Optimization-first session aligned to your goals and recovery.,,,1,0,0,0,{}
7288,870,2026-02-28,8,UPPER,["vertical_push", "vertical_pull", "prefer_finisher"],10,,,,,,,,,1,0,0,0,{}
7289,870,2026-03-01,9,LOWER,["squat", "hinge", "prefer_finisher"],10,,,,,,,,,1,0,0,0,{}
7290,870,2026-03-02,10,FULL_BODY,["hinge", "horizontal_push", "horizontal_pull", "prefer_finisher"],10,,,,,,,,,1,0,0,0,{}
7291,870,2026-03-03,11,RECOVERY,[],10,,,,,,,,,1,0,0,0,{}
8528,959,2026-03-10,2,RECOVERY,[],10,,,,,,,,,1,0,0,0,{}
7292,870,2026-03-04,12,CARDIO,["cardio", "endurance"],10,,,,,,,,,1,0,0,0,{}
6537,816,2026-02-04,13,LOWER,["lunge", "squat"],70,5,0,0,0,5,Optimization-first session aligned to your goals and recovery.,,,1,0,0,0,{}
7293,870,2026-03-05,13,CARDIO,["cardio", "endurance"],10,,,,,,,,,1,0,0,0,{}
7294,870,2026-03-06,14,RECOVERY,[],10,,,,,,,,,1,0,0,0,{}
7295,871,2026-03-07,1,UPPER,["horizontal_push", "horizontal_pull", "prefer_finisher"],10,,,,,,,,,1,0,0,0,{}
7296,871,2026-03-08,2,LOWER,["squat", "hinge", "prefer_finisher"],10,,,,,,,,,1,0,0,0,{}
7297,871,2026-03-09,3,RECOVERY,[],10,,,,,,,,,1,0,0,0,{}
7298,871,2026-03-10,4,FULL_BODY,["hinge", "vertical_push", "vertical_pull", "prefer_finisher"],10,,,,,,,,,1,0,0,0,{}
7299,871,2026-03-11,5,UPPER,["horizontal_push", "horizontal_pull", "prefer_finisher"],10,,,,,,,,,1,0,0,0,{}
7300,871,2026-03-12,6,LOWER,["lunge", "squat", "prefer_finisher"],10,,,,,,,,,1,0,0,0,{}
7301,871,2026-03-13,7,RECOVERY,[],10,,,,,,,,,1,0,0,0,{}
7302,871,2026-03-14,8,UPPER,["vertical_push", "vertical_pull", "prefer_finisher"],10,,,,,,,,,1,0,0,0,{}
7303,871,2026-03-15,9,LOWER,["squat", "hinge", "prefer_finisher"],10,,,,,,,,,1,0,0,0,{}
7304,871,2026-03-16,10,FULL_BODY,["hinge", "horizontal_push", "horizontal_pull", "prefer_finisher"],10,,,,,,,,,1,0,0,0,{}
7305,871,2026-03-17,11,RECOVERY,[],10,,,,,,,,,1,0,0,0,{}
7306,871,2026-03-18,12,CARDIO,["cardio", "endurance"],10,,,,,,,,,1,0,0,0,{}
7307,871,2026-03-19,13,CARDIO,["cardio", "endurance"],10,,,,,,,,,1,0,0,0,{}
7308,871,2026-03-20,14,RECOVERY,[],10,,,,,,,,,1,0,0,0,{}
7309,872,2026-03-21,1,UPPER,["horizontal_push", "horizontal_pull", "prefer_finisher"],10,,,,,,,,,1,0,0,0,{}
7310,872,2026-03-22,2,LOWER,["squat", "hinge", "prefer_finisher"],10,,,,,,,,,1,0,0,0,{}
7311,872,2026-03-23,3,RECOVERY,[],10,,,,,,,,,1,0,0,0,{}
7312,872,2026-03-24,4,FULL_BODY,["hinge", "vertical_push", "vertical_pull", "prefer_finisher"],10,,,,,,,,,1,0,0,0,{}
7313,872,2026-03-25,5,UPPER,["horizontal_push", "horizontal_pull", "prefer_finisher"],10,,,,,,,,,1,0,0,0,{}
7314,872,2026-03-26,6,LOWER,["lunge", "squat", "prefer_finisher"],10,,,,,,,,,1,0,0,0,{}
7315,872,2026-03-27,7,RECOVERY,[],10,,,,,,,,,1,0,0,0,{}
7316,872,2026-03-28,8,UPPER,["vertical_push", "vertical_pull", "prefer_finisher"],10,,,,,,,,,1,0,0,0,{}
7317,872,2026-03-29,9,LOWER,["squat", "hinge", "prefer_finisher"],10,,,,,,,,,1,0,0,0,{}
7318,872,2026-03-30,10,FULL_BODY,["hinge", "horizontal_push", "horizontal_pull", "prefer_finisher"],10,,,,,,,,,1,0,0,0,{}
7319,872,2026-03-31,11,RECOVERY,[],10,,,,,,,,,1,0,0,0,{}
7320,872,2026-04-01,12,CARDIO,["cardio", "endurance"],10,,,,,,,,,1,0,0,0,{}
7321,872,2026-04-02,13,CARDIO,["cardio", "endurance"],10,,,,,,,,,1,0,0,0,{}
7322,872,2026-04-03,14,RECOVERY,[],10,,,,,,,,,1,0,0,0,{}
7323,873,2026-04-04,1,UPPER,["horizontal_push", "horizontal_pull", "prefer_finisher"],10,,,,,,,,,1,0,0,0,{}
7324,873,2026-04-05,2,LOWER,["squat", "hinge", "prefer_finisher"],10,,,,,,,,,1,0,0,0,{}
8009,922,2026-01-24,1,UPPER,["horizontal_push", "horizontal_pull", "prefer_finisher"],10,5,0,0,0,5,,,,1,0,0,0,{}
8010,922,2026-01-25,2,LOWER,["squat", "hinge", "prefer_finisher"],10,5,0,0,0,5,,,,1,0,0,0,{}
8011,922,2026-01-26,3,RECOVERY,[],10,5,0,0,0,5,,,,1,0,0,0,{}
8012,922,2026-01-27,4,FULL_BODY,["hinge", "vertical_push", "vertical_pull", "prefer_finisher"],10,5,0,0,0,5,,,,1,0,0,0,{}
8013,922,2026-01-28,5,UPPER,["horizontal_push", "horizontal_pull", "prefer_finisher"],10,5,0,0,0,5,,,,1,0,0,0,{}
8014,922,2026-01-29,6,LOWER,["lunge", "squat", "prefer_finisher"],10,5,0,0,0,5,,,,1,0,0,0,{}
8015,922,2026-01-30,7,RECOVERY,[],10,5,0,0,0,5,,,,1,0,0,0,{}
8016,922,2026-01-31,8,UPPER,["vertical_push", "vertical_pull", "prefer_finisher"],10,5,0,0,0,5,,,,1,0,0,0,{}
8017,922,2026-02-01,9,LOWER,["squat", "hinge", "prefer_finisher"],10,5,0,0,0,5,,,,1,0,0,0,{}
8018,922,2026-02-02,10,FULL_BODY,["hinge", "horizontal_push", "horizontal_pull", "prefer_finisher"],10,5,0,0,0,5,,,,1,0,0,0,{}
8019,922,2026-02-03,11,RECOVERY,[],10,5,0,0,0,5,,,,1,0,0,0,{}
8020,922,2026-02-04,12,UPPER,["vertical_push", "vertical_pull", "prefer_finisher"],10,5,0,0,0,5,,,,1,0,0,0,{}
8021,922,2026-02-05,13,LOWER,["lunge", "squat", "prefer_accessory"],10,5,0,0,0,5,,,,1,0,0,0,{}
8022,922,2026-02-06,14,RECOVERY,[],10,5,0,0,0,5,,,,1,0,0,0,{}
8023,923,2026-02-07,1,UPPER,["horizontal_push", "horizontal_pull", "prefer_finisher"],10,,,,,,,,,1,0,0,0,{}
8024,923,2026-02-08,2,LOWER,["squat", "hinge", "prefer_finisher"],10,,,,,,,,,1,0,0,0,{}
8025,923,2026-02-09,3,RECOVERY,[],10,,,,,,,,,1,0,0,0,{}
8026,923,2026-02-10,4,FULL_BODY,["hinge", "vertical_push", "vertical_pull", "prefer_finisher"],10,,,,,,,,,1,0,0,0,{}
8027,923,2026-02-11,5,UPPER,["horizontal_push", "horizontal_pull", "prefer_finisher"],10,,,,,,,,,1,0,0,0,{}
8028,923,2026-02-12,6,LOWER,["lunge", "squat", "prefer_finisher"],10,,,,,,,,,1,0,0,0,{}
8029,923,2026-02-13,7,RECOVERY,[],10,,,,,,,,,1,0,0,0,{}
8030,923,2026-02-14,8,UPPER,["vertical_push", "vertical_pull", "prefer_finisher"],10,,,,,,,,,1,0,0,0,{}
8031,923,2026-02-15,9,LOWER,["squat", "hinge", "prefer_finisher"],10,,,,,,,,,1,0,0,0,{}
8529,959,2026-03-11,3,LOWER,["squat", "hinge"],10,,,,,,,,,1,0,0,0,{}
8032,923,2026-02-16,10,FULL_BODY,["hinge", "horizontal_push", "horizontal_pull", "prefer_finisher"],10,,,,,,,,,1,0,0,0,{}
8033,923,2026-02-17,11,RECOVERY,[],10,,,,,,,,,1,0,0,0,{}
8034,923,2026-02-18,12,UPPER,["vertical_push", "vertical_pull", "prefer_finisher"],10,,,,,,,,,1,0,0,0,{}
8035,923,2026-02-19,13,LOWER,["lunge", "squat", "prefer_accessory"],10,,,,,,,,,1,0,0,0,{}
8036,923,2026-02-20,14,RECOVERY,[],10,,,,,,,,,1,0,0,0,{}
8037,924,2026-02-21,1,UPPER,["horizontal_push", "horizontal_pull", "prefer_finisher"],10,,,,,,,,,1,0,0,0,{}
8038,924,2026-02-22,2,LOWER,["squat", "hinge", "prefer_finisher"],10,,,,,,,,,1,0,0,0,{}
8039,924,2026-02-23,3,RECOVERY,[],10,,,,,,,,,1,0,0,0,{}
6049,782,2026-01-23,1,UPPER,["horizontal_push", "horizontal_pull", "prefer_finisher"],10,,,,,,,,,1,0,0,0,{}
6050,782,2026-01-24,2,RECOVERY,[],10,5,0,0,0,5,,,,1,0,0,0,{}
6051,782,2026-01-25,3,LOWER,["squat", "hinge", "prefer_finisher"],10,5,0,0,0,5,,,,1,0,0,0,{}
6052,782,2026-01-26,4,UPPER,["vertical_push", "vertical_pull", "prefer_finisher"],10,5,0,0,0,5,,,,1,0,0,0,{}
6053,782,2026-01-27,5,RECOVERY,[],10,5,0,0,0,5,,,,1,0,0,0,{}
6054,782,2026-01-28,6,LOWER,["hinge", "lunge", "prefer_accessory"],10,5,0,0,0,5,,,,1,0,0,0,{}
6055,782,2026-01-29,7,RECOVERY,[],10,5,0,0,0,5,,,,1,0,0,0,{}
6056,782,2026-01-30,8,CARDIO,["cardio", "endurance"],10,5,0,0,0,5,,,,1,0,0,0,{}
6057,782,2026-01-31,9,RECOVERY,[],10,5,0,0,0,5,,,,1,0,0,0,{}
6058,782,2026-02-01,10,CARDIO,["cardio", "endurance"],10,5,0,0,0,5,,,,1,0,0,0,{}
6059,782,2026-02-02,11,CUSTOM,["conditioning"],10,5,0,0,0,5,,,,1,0,0,0,{}
6060,782,2026-02-03,12,RECOVERY,[],10,5,0,0,0,5,,,,1,0,0,0,{}
6061,782,2026-02-04,13,CUSTOM,["conditioning"],10,5,0,0,0,5,,,,1,0,0,0,{}
6062,782,2026-02-05,14,RECOVERY,[],10,5,0,0,0,5,,,,1,0,0,0,{}
6063,783,2026-02-06,1,UPPER,["horizontal_push", "horizontal_pull", "prefer_finisher"],10,,,,,,,,,1,0,0,0,{}
6064,783,2026-02-07,2,RECOVERY,[],10,,,,,,,,,1,0,0,0,{}
6065,783,2026-02-08,3,LOWER,["squat", "hinge", "prefer_finisher"],10,,,,,,,,,1,0,0,0,{}
6066,783,2026-02-09,4,UPPER,["vertical_push", "vertical_pull", "prefer_finisher"],10,,,,,,,,,1,0,0,0,{}
6067,783,2026-02-10,5,RECOVERY,[],10,,,,,,,,,1,0,0,0,{}
6068,783,2026-02-11,6,LOWER,["hinge", "lunge", "prefer_accessory"],10,,,,,,,,,1,0,0,0,{}
6069,783,2026-02-12,7,RECOVERY,[],10,,,,,,,,,1,0,0,0,{}
6070,783,2026-02-13,8,CARDIO,["cardio", "endurance"],10,,,,,,,,,1,0,0,0,{}
6071,783,2026-02-14,9,RECOVERY,[],10,,,,,,,,,1,0,0,0,{}
6072,783,2026-02-15,10,CARDIO,["cardio", "endurance"],10,,,,,,,,,1,0,0,0,{}
6073,783,2026-02-16,11,CUSTOM,["conditioning"],10,,,,,,,,,1,0,0,0,{}
6074,783,2026-02-17,12,RECOVERY,[],10,,,,,,,,,1,0,0,0,{}
6075,783,2026-02-18,13,CUSTOM,["conditioning"],10,,,,,,,,,1,0,0,0,{}
6076,783,2026-02-19,14,RECOVERY,[],10,,,,,,,,,1,0,0,0,{}
6077,784,2026-02-20,1,UPPER,["horizontal_push", "horizontal_pull", "prefer_finisher"],10,,,,,,,,,1,0,0,0,{}
6078,784,2026-02-21,2,RECOVERY,[],10,,,,,,,,,1,0,0,0,{}
6079,784,2026-02-22,3,LOWER,["squat", "hinge", "prefer_finisher"],10,,,,,,,,,1,0,0,0,{}
6080,784,2026-02-23,4,UPPER,["vertical_push", "vertical_pull", "prefer_finisher"],10,,,,,,,,,1,0,0,0,{}
6081,784,2026-02-24,5,RECOVERY,[],10,,,,,,,,,1,0,0,0,{}
6082,784,2026-02-25,6,LOWER,["hinge", "lunge", "prefer_accessory"],10,,,,,,,,,1,0,0,0,{}
6083,784,2026-02-26,7,RECOVERY,[],10,,,,,,,,,1,0,0,0,{}
6084,784,2026-02-27,8,CARDIO,["cardio", "endurance"],10,,,,,,,,,1,0,0,0,{}
6085,784,2026-02-28,9,RECOVERY,[],10,,,,,,,,,1,0,0,0,{}
6086,784,2026-03-01,10,CARDIO,["cardio", "endurance"],10,,,,,,,,,1,0,0,0,{}
6087,784,2026-03-02,11,CUSTOM,["conditioning"],10,,,,,,,,,1,0,0,0,{}
6088,784,2026-03-03,12,RECOVERY,[],10,,,,,,,,,1,0,0,0,{}
6089,784,2026-03-04,13,CUSTOM,["conditioning"],10,,,,,,,,,1,0,0,0,{}
6090,784,2026-03-05,14,RECOVERY,[],10,,,,,,,,,1,0,0,0,{}
6091,785,2026-03-06,1,UPPER,["horizontal_push", "horizontal_pull", "prefer_finisher"],10,,,,,,,,,1,0,0,0,{}
6092,785,2026-03-07,2,RECOVERY,[],10,,,,,,,,,1,0,0,0,{}
6093,785,2026-03-08,3,LOWER,["squat", "hinge", "prefer_finisher"],10,,,,,,,,,1,0,0,0,{}
6094,785,2026-03-09,4,UPPER,["vertical_push", "vertical_pull", "prefer_finisher"],10,,,,,,,,,1,0,0,0,{}
6095,785,2026-03-10,5,RECOVERY,[],10,,,,,,,,,1,0,0,0,{}
6096,785,2026-03-11,6,LOWER,["hinge", "lunge", "prefer_accessory"],10,,,,,,,,,1,0,0,0,{}
6097,785,2026-03-12,7,RECOVERY,[],10,,,,,,,,,1,0,0,0,{}
6098,785,2026-03-13,8,CARDIO,["cardio", "endurance"],10,,,,,,,,,1,0,0,0,{}
6099,785,2026-03-14,9,RECOVERY,[],10,,,,,,,,,1,0,0,0,{}
6100,785,2026-03-15,10,CARDIO,["cardio", "endurance"],10,,,,,,,,,1,0,0,0,{}
6101,785,2026-03-16,11,CUSTOM,["conditioning"],10,,,,,,,,,1,0,0,0,{}
6102,785,2026-03-17,12,RECOVERY,[],10,,,,,,,,,1,0,0,0,{}
6103,785,2026-03-18,13,CUSTOM,["conditioning"],10,,,,,,,,,1,0,0,0,{}
6104,785,2026-03-19,14,RECOVERY,[],10,,,,,,,,,1,0,0,0,{}
8530,959,2026-03-12,4,UPPER,["vertical_push", "vertical_pull"],10,,,,,,,,,1,0,0,0,{}
6105,786,2026-03-20,1,UPPER,["horizontal_push", "horizontal_pull", "prefer_finisher"],10,,,,,,,,,1,0,0,0,{}
6106,786,2026-03-21,2,RECOVERY,[],10,,,,,,,,,1,0,0,0,{}
6107,786,2026-03-22,3,LOWER,["squat", "hinge", "prefer_finisher"],10,,,,,,,,,1,0,0,0,{}
6108,786,2026-03-23,4,UPPER,["vertical_push", "vertical_pull", "prefer_finisher"],10,,,,,,,,,1,0,0,0,{}
8040,924,2026-02-24,4,FULL_BODY,["hinge", "vertical_push", "vertical_pull", "prefer_finisher"],10,,,,,,,,,1,0,0,0,{}
6110,786,2026-03-25,6,LOWER,["hinge", "lunge", "prefer_accessory"],10,,,,,,,,,1,0,0,0,{}
6111,786,2026-03-26,7,RECOVERY,[],10,,,,,,,,,1,0,0,0,{}
6112,786,2026-03-27,8,CARDIO,["cardio", "endurance"],10,,,,,,,,,1,0,0,0,{}
6113,786,2026-03-28,9,RECOVERY,[],10,,,,,,,,,1,0,0,0,{}
6114,786,2026-03-29,10,CARDIO,["cardio", "endurance"],10,,,,,,,,,1,0,0,0,{}
6115,786,2026-03-30,11,CUSTOM,["conditioning"],10,,,,,,,,,1,0,0,0,{}
6116,786,2026-03-31,12,RECOVERY,[],10,,,,,,,,,1,0,0,0,{}
6117,786,2026-04-01,13,CUSTOM,["conditioning"],10,,,,,,,,,1,0,0,0,{}
6118,786,2026-04-02,14,RECOVERY,[],10,,,,,,,,,1,0,0,0,{}
6119,787,2026-04-03,1,UPPER,["horizontal_push", "horizontal_pull", "prefer_finisher"],10,,,,,,,,,1,0,0,0,{}
6120,787,2026-04-04,2,RECOVERY,[],10,,,,,,,,,1,0,0,0,{}
6121,787,2026-04-05,3,LOWER,["squat", "hinge", "prefer_finisher"],10,,,,,,,,,1,0,0,0,{}
6122,787,2026-04-06,4,UPPER,["vertical_push", "vertical_pull", "prefer_finisher"],10,,,,,,,,,1,0,0,0,{}
6123,787,2026-04-07,5,RECOVERY,[],10,,,,,,,,,1,0,0,0,{}
6124,787,2026-04-08,6,LOWER,["hinge", "lunge", "prefer_accessory"],10,,,,,,,,,1,0,0,0,{}
6125,787,2026-04-09,7,RECOVERY,[],10,,,,,,,,,1,0,0,0,{}
6126,787,2026-04-10,8,CARDIO,["cardio", "endurance"],10,,,,,,,,,1,0,0,0,{}
6127,787,2026-04-11,9,RECOVERY,[],10,,,,,,,,,1,0,0,0,{}
6128,787,2026-04-12,10,CARDIO,["cardio", "endurance"],10,,,,,,,,,1,0,0,0,{}
6129,787,2026-04-13,11,CUSTOM,["conditioning"],10,,,,,,,,,1,0,0,0,{}
6130,787,2026-04-14,12,RECOVERY,[],10,,,,,,,,,1,0,0,0,{}
6131,787,2026-04-15,13,CUSTOM,["conditioning"],10,,,,,,,,,1,0,0,0,{}
6132,787,2026-04-16,14,RECOVERY,[],10,,,,,,,,,1,0,0,0,{}
8041,924,2026-02-25,5,UPPER,["horizontal_push", "horizontal_pull", "prefer_finisher"],10,,,,,,,,,1,0,0,0,{}
8042,924,2026-02-26,6,LOWER,["lunge", "squat", "prefer_finisher"],10,,,,,,,,,1,0,0,0,{}
8043,924,2026-02-27,7,RECOVERY,[],10,,,,,,,,,1,0,0,0,{}
8044,924,2026-02-28,8,UPPER,["vertical_push", "vertical_pull", "prefer_finisher"],10,,,,,,,,,1,0,0,0,{}
8045,924,2026-03-01,9,LOWER,["squat", "hinge", "prefer_finisher"],10,,,,,,,,,1,0,0,0,{}
8046,924,2026-03-02,10,FULL_BODY,["hinge", "horizontal_push", "horizontal_pull", "prefer_finisher"],10,,,,,,,,,1,0,0,0,{}
8047,924,2026-03-03,11,RECOVERY,[],10,,,,,,,,,1,0,0,0,{}
8048,924,2026-03-04,12,UPPER,["vertical_push", "vertical_pull", "prefer_finisher"],10,,,,,,,,,1,0,0,0,{}
8049,924,2026-03-05,13,LOWER,["lunge", "squat", "prefer_accessory"],10,,,,,,,,,1,0,0,0,{}
8050,924,2026-03-06,14,RECOVERY,[],10,,,,,,,,,1,0,0,0,{}
8051,925,2026-03-07,1,UPPER,["horizontal_push", "horizontal_pull", "prefer_finisher"],10,,,,,,,,,1,0,0,0,{}
8052,925,2026-03-08,2,LOWER,["squat", "hinge", "prefer_finisher"],10,,,,,,,,,1,0,0,0,{}
8053,925,2026-03-09,3,RECOVERY,[],10,,,,,,,,,1,0,0,0,{}
8054,925,2026-03-10,4,FULL_BODY,["hinge", "vertical_push", "vertical_pull", "prefer_finisher"],10,,,,,,,,,1,0,0,0,{}
8055,925,2026-03-11,5,UPPER,["horizontal_push", "horizontal_pull", "prefer_finisher"],10,,,,,,,,,1,0,0,0,{}
8056,925,2026-03-12,6,LOWER,["lunge", "squat", "prefer_finisher"],10,,,,,,,,,1,0,0,0,{}
8057,925,2026-03-13,7,RECOVERY,[],10,,,,,,,,,1,0,0,0,{}
8058,925,2026-03-14,8,UPPER,["vertical_push", "vertical_pull", "prefer_finisher"],10,,,,,,,,,1,0,0,0,{}
8059,925,2026-03-15,9,LOWER,["squat", "hinge", "prefer_finisher"],10,,,,,,,,,1,0,0,0,{}
8060,925,2026-03-16,10,FULL_BODY,["hinge", "horizontal_push", "horizontal_pull", "prefer_finisher"],10,,,,,,,,,1,0,0,0,{}
8061,925,2026-03-17,11,RECOVERY,[],10,,,,,,,,,1,0,0,0,{}
8063,925,2026-03-19,13,LOWER,["lunge", "squat", "prefer_accessory"],10,,,,,,,,,1,0,0,0,{}
8064,925,2026-03-20,14,RECOVERY,[],10,,,,,,,,,1,0,0,0,{}
8065,926,2026-03-21,1,UPPER,["horizontal_push", "horizontal_pull", "prefer_finisher"],10,,,,,,,,,1,0,0,0,{}
8066,926,2026-03-22,2,LOWER,["squat", "hinge", "prefer_finisher"],10,,,,,,,,,1,0,0,0,{}
8067,926,2026-03-23,3,RECOVERY,[],10,,,,,,,,,1,0,0,0,{}
8068,926,2026-03-24,4,FULL_BODY,["hinge", "vertical_push", "vertical_pull", "prefer_finisher"],10,,,,,,,,,1,0,0,0,{}
8069,926,2026-03-25,5,UPPER,["horizontal_push", "horizontal_pull", "prefer_finisher"],10,,,,,,,,,1,0,0,0,{}
8070,926,2026-03-26,6,LOWER,["lunge", "squat", "prefer_finisher"],10,,,,,,,,,1,0,0,0,{}
8071,926,2026-03-27,7,RECOVERY,[],10,,,,,,,,,1,0,0,0,{}
8072,926,2026-03-28,8,UPPER,["vertical_push", "vertical_pull", "prefer_finisher"],10,,,,,,,,,1,0,0,0,{}
8073,926,2026-03-29,9,LOWER,["squat", "hinge", "prefer_finisher"],10,,,,,,,,,1,0,0,0,{}
8074,926,2026-03-30,10,FULL_BODY,["hinge", "horizontal_push", "horizontal_pull", "prefer_finisher"],10,,,,,,,,,1,0,0,0,{}
8075,926,2026-03-31,11,RECOVERY,[],10,,,,,,,,,1,0,0,0,{}
8076,926,2026-04-01,12,UPPER,["vertical_push", "vertical_pull", "prefer_finisher"],10,,,,,,,,,1,0,0,0,{}
8077,926,2026-04-02,13,LOWER,["lunge", "squat", "prefer_accessory"],10,,,,,,,,,1,0,0,0,{}
8078,926,2026-04-03,14,RECOVERY,[],10,,,,,,,,,1,0,0,0,{}
8079,927,2026-04-04,1,UPPER,["horizontal_push", "horizontal_pull", "prefer_finisher"],10,,,,,,,,,1,0,0,0,{}
8080,927,2026-04-05,2,LOWER,["squat", "hinge", "prefer_finisher"],10,,,,,,,,,1,0,0,0,{}
8081,927,2026-04-06,3,RECOVERY,[],10,,,,,,,,,1,0,0,0,{}
8082,927,2026-04-07,4,FULL_BODY,["hinge", "vertical_push", "vertical_pull", "prefer_finisher"],10,,,,,,,,,1,0,0,0,{}
8083,927,2026-04-08,5,UPPER,["horizontal_push", "horizontal_pull", "prefer_finisher"],10,,,,,,,,,1,0,0,0,{}
8084,927,2026-04-09,6,LOWER,["lunge", "squat", "prefer_finisher"],10,,,,,,,,,1,0,0,0,{}
8085,927,2026-04-10,7,RECOVERY,[],10,,,,,,,,,1,0,0,0,{}
8086,927,2026-04-11,8,UPPER,["vertical_push", "vertical_pull", "prefer_finisher"],10,,,,,,,,,1,0,0,0,{}
8087,927,2026-04-12,9,LOWER,["squat", "hinge", "prefer_finisher"],10,,,,,,,,,1,0,0,0,{}
8088,927,2026-04-13,10,FULL_BODY,["hinge", "horizontal_push", "horizontal_pull", "prefer_finisher"],10,,,,,,,,,1,0,0,0,{}
8089,927,2026-04-14,11,RECOVERY,[],10,,,,,,,,,1,0,0,0,{}
8090,927,2026-04-15,12,UPPER,["vertical_push", "vertical_pull", "prefer_finisher"],10,,,,,,,,,1,0,0,0,{}
8091,927,2026-04-16,13,LOWER,["lunge", "squat", "prefer_accessory"],10,,,,,,,,,1,0,0,0,{}
8092,927,2026-04-17,14,RECOVERY,[],10,,,,,,,,,1,0,0,0,{}
6845,838,2026-02-05,13,CARDIO,["cardio", "endurance"],60,5,0,0,0,5,"“Alright, let’s get you moving with this interval cardio – it’s fantastic for boosting your endurance and burning fat while still keeping your strength training priorities in mind. This focused appro",,,1,0,0,0,{}
6835,838,2026-01-26,3,RECOVERY,[],10,5,0,0,0,5,,,,1,0,0,0,{}
6839,838,2026-01-30,7,RECOVERY,[],10,5,0,0,0,5,,,,1,0,0,0,{}
6843,838,2026-02-03,11,RECOVERY,[],10,5,0,0,0,5,,,,1,0,0,0,{}
6846,838,2026-02-06,14,RECOVERY,[],10,5,0,0,0,5,,,,1,0,0,0,{}
6833,838,2026-01-24,1,UPPER,["horizontal_push", "horizontal_pull", "prefer_finisher"],70,5,0,0,0,5,Optimization-first session aligned to your goals and recovery.,,,1,0,0,0,{}
6834,838,2026-01-25,2,LOWER,["squat", "hinge", "prefer_finisher"],70,5,0,0,0,5,"“Alright, let’s get you moving – this session is built to really sharpen your power and strength with those jumps and cleans, while also building a solid foundation for endurance and tackling that fat",,,1,0,0,0,{}
6836,838,2026-01-27,4,FULL_BODY,["hinge", "vertical_push", "vertical_pull", "prefer_finisher"],70,5,0,0,0,5,"“Alright, let’s get you moving towards that stronger, leaner physique – this full-body session is perfectly tailored to build a solid foundation of strength while boosting your endurance and targeting",,,1,0,0,0,{}
6837,838,2026-01-28,5,UPPER,["horizontal_push", "horizontal_pull", "prefer_finisher"],70,5,0,0,0,5,"“Alright, let’s get you building a solid foundation – this session really focuses on developing that pushing strength we’re after, alongside a good back lever hold to build serious endurance, while th",,,1,0,0,0,{}
6838,838,2026-01-29,6,LOWER,["lunge", "squat", "prefer_finisher"],70,5,0,0,0,5,"Okay, let’s get you moving towards those goals – this session is built to really build a solid foundation of strength and endurance while gently targeting that fat loss, focusing on powerful movements",,,1,0,0,0,{}
6840,838,2026-01-31,8,UPPER,["vertical_push", "vertical_pull", "prefer_finisher"],70,5,0,0,0,5,"“Alright, let’s get you building some serious strength and endurance while shedding a little fat – this session is perfectly tailored to that, focusing on those high-rep push-ups and powerful rows to",,,1,0,0,0,{}
6841,838,2026-02-01,9,LOWER,["squat", "hinge", "prefer_finisher"],70,5,0,0,0,5,"“Alright, let’s get you moving with a session built for serious strength gains while boosting your endurance and tackling that fat loss – we’re layering in those powerful hinge movements with the RDLs",,,1,0,0,0,{}
6842,838,2026-02-02,10,FULL_BODY,["hinge", "horizontal_push", "horizontal_pull", "prefer_accessory"],70,5,0,0,0,5,"“Alright, let’s get you moving towards those strength and fat-loss goals with this full-body session – the incline push-ups and front squats will really build that foundational power, while the lat pu",,,1,0,0,0,{}
6844,838,2026-02-04,12,CARDIO,["cardio", "endurance"],60,5,0,0,0,5,"“Alright, let’s get you moving with this interval cardio – it’s fantastic for boosting your endurance and burning fat while still keeping your strength training goals front and center. This focused ap",,,1,0,0,0,{}
8523,958,2026-03-05,11,LOWER,["squat", "hinge"],10,,,,,,,,,1,0,0,0,{}
8524,958,2026-03-06,12,RECOVERY,[],10,,,,,,,,,1,0,0,0,{}
8525,958,2026-03-07,13,UPPER,["horizontal_push", "horizontal_pull"],10,,,,,,,,,1,0,0,0,{}
8526,958,2026-03-08,14,RECOVERY,[],10,,,,,,,,,1,0,0,0,{}
8527,959,2026-03-09,1,UPPER,["horizontal_push", "horizontal_pull", "prefer_accessory"],10,,,,,,,,,1,0,0,0,{}
8488,956,2026-01-29,4,UPPER,["vertical_push", "vertical_pull"],45,5,0,0,0,5,Optimization-first session aligned to your goals and recovery.,,,1,0,0,0,{}
8520,958,2026-03-02,8,FULL_BODY,["lunge", "horizontal_push", "horizontal_pull"],55,,,,,,Optimization-first session aligned to your goals and recovery.,,,1,0,0,0,{}
8522,958,2026-03-04,10,UPPER,["vertical_push", "vertical_pull"],45,,,,,,Optimization-first session aligned to your goals and recovery.,,,1,0,0,0,{}
8521,958,2026-03-03,9,RECOVERY,[],10,,,,,,Rest day - no exercises.,,,1,0,0,0,{}
6847,839,2026-02-07,1,UPPER,["horizontal_push", "horizontal_pull", "prefer_finisher"],10,,,,,,,,,1,0,0,0,{}
6848,839,2026-02-08,2,LOWER,["squat", "hinge", "prefer_finisher"],10,,,,,,,,,1,0,0,0,{}
6850,839,2026-02-10,4,FULL_BODY,["hinge", "vertical_push", "vertical_pull", "prefer_finisher"],10,,,,,,,,,1,0,0,0,{}
6851,839,2026-02-11,5,UPPER,["horizontal_push", "horizontal_pull", "prefer_finisher"],10,,,,,,,,,1,0,0,0,{}
6852,839,2026-02-12,6,LOWER,["lunge", "squat", "prefer_finisher"],10,,,,,,,,,1,0,0,0,{}
6853,839,2026-02-13,7,RECOVERY,[],10,,,,,,,,,1,0,0,0,{}
6854,839,2026-02-14,8,UPPER,["vertical_push", "vertical_pull", "prefer_finisher"],10,,,,,,,,,1,0,0,0,{}
6855,839,2026-02-15,9,LOWER,["squat", "hinge", "prefer_finisher"],10,,,,,,,,,1,0,0,0,{}
6856,839,2026-02-16,10,FULL_BODY,["hinge", "horizontal_push", "horizontal_pull", "prefer_accessory"],10,,,,,,,,,1,0,0,0,{}
6857,839,2026-02-17,11,RECOVERY,[],10,,,,,,,,,1,0,0,0,{}
6858,839,2026-02-18,12,CARDIO,["cardio", "endurance"],10,,,,,,,,,1,0,0,0,{}
6859,839,2026-02-19,13,CARDIO,["cardio", "endurance"],10,,,,,,,,,1,0,0,0,{}
6860,839,2026-02-20,14,RECOVERY,[],10,,,,,,,,,1,0,0,0,{}
6861,840,2026-02-21,1,UPPER,["horizontal_push", "horizontal_pull", "prefer_finisher"],10,,,,,,,,,1,0,0,0,{}
6862,840,2026-02-22,2,LOWER,["squat", "hinge", "prefer_finisher"],10,,,,,,,,,1,0,0,0,{}
6863,840,2026-02-23,3,RECOVERY,[],10,,,,,,,,,1,0,0,0,{}
6864,840,2026-02-24,4,FULL_BODY,["hinge", "vertical_push", "vertical_pull", "prefer_finisher"],10,,,,,,,,,1,0,0,0,{}
6865,840,2026-02-25,5,UPPER,["horizontal_push", "horizontal_pull", "prefer_finisher"],10,,,,,,,,,1,0,0,0,{}
6866,840,2026-02-26,6,LOWER,["lunge", "squat", "prefer_finisher"],10,,,,,,,,,1,0,0,0,{}
6867,840,2026-02-27,7,RECOVERY,[],10,,,,,,,,,1,0,0,0,{}
6868,840,2026-02-28,8,UPPER,["vertical_push", "vertical_pull", "prefer_finisher"],10,,,,,,,,,1,0,0,0,{}
6869,840,2026-03-01,9,LOWER,["squat", "hinge", "prefer_finisher"],10,,,,,,,,,1,0,0,0,{}
6870,840,2026-03-02,10,FULL_BODY,["hinge", "horizontal_push", "horizontal_pull", "prefer_accessory"],10,,,,,,,,,1,0,0,0,{}
6871,840,2026-03-03,11,RECOVERY,[],10,,,,,,,,,1,0,0,0,{}
6872,840,2026-03-04,12,CARDIO,["cardio", "endurance"],10,,,,,,,,,1,0,0,0,{}
6873,840,2026-03-05,13,CARDIO,["cardio", "endurance"],10,,,,,,,,,1,0,0,0,{}
6874,840,2026-03-06,14,RECOVERY,[],10,,,,,,,,,1,0,0,0,{}
6875,841,2026-03-07,1,UPPER,["horizontal_push", "horizontal_pull", "prefer_finisher"],10,,,,,,,,,1,0,0,0,{}
6876,841,2026-03-08,2,LOWER,["squat", "hinge", "prefer_finisher"],10,,,,,,,,,1,0,0,0,{}
6877,841,2026-03-09,3,RECOVERY,[],10,,,,,,,,,1,0,0,0,{}
6878,841,2026-03-10,4,FULL_BODY,["hinge", "vertical_push", "vertical_pull", "prefer_finisher"],10,,,,,,,,,1,0,0,0,{}
6879,841,2026-03-11,5,UPPER,["horizontal_push", "horizontal_pull", "prefer_finisher"],10,,,,,,,,,1,0,0,0,{}
6880,841,2026-03-12,6,LOWER,["lunge", "squat", "prefer_finisher"],10,,,,,,,,,1,0,0,0,{}
6881,841,2026-03-13,7,RECOVERY,[],10,,,,,,,,,1,0,0,0,{}
6882,841,2026-03-14,8,UPPER,["vertical_push", "vertical_pull", "prefer_finisher"],10,,,,,,,,,1,0,0,0,{}
6883,841,2026-03-15,9,LOWER,["squat", "hinge", "prefer_finisher"],10,,,,,,,,,1,0,0,0,{}
6884,841,2026-03-16,10,FULL_BODY,["hinge", "horizontal_push", "horizontal_pull", "prefer_accessory"],10,,,,,,,,,1,0,0,0,{}
6885,841,2026-03-17,11,RECOVERY,[],10,,,,,,,,,1,0,0,0,{}
6886,841,2026-03-18,12,CARDIO,["cardio", "endurance"],10,,,,,,,,,1,0,0,0,{}
6887,841,2026-03-19,13,CARDIO,["cardio", "endurance"],10,,,,,,,,,1,0,0,0,{}
6888,841,2026-03-20,14,RECOVERY,[],10,,,,,,,,,1,0,0,0,{}
6889,842,2026-03-21,1,UPPER,["horizontal_push", "horizontal_pull", "prefer_finisher"],10,,,,,,,,,1,0,0,0,{}
6890,842,2026-03-22,2,LOWER,["squat", "hinge", "prefer_finisher"],10,,,,,,,,,1,0,0,0,{}
6891,842,2026-03-23,3,RECOVERY,[],10,,,,,,,,,1,0,0,0,{}
6892,842,2026-03-24,4,FULL_BODY,["hinge", "vertical_push", "vertical_pull", "prefer_finisher"],10,,,,,,,,,1,0,0,0,{}
6893,842,2026-03-25,5,UPPER,["horizontal_push", "horizontal_pull", "prefer_finisher"],10,,,,,,,,,1,0,0,0,{}
6894,842,2026-03-26,6,LOWER,["lunge", "squat", "prefer_finisher"],10,,,,,,,,,1,0,0,0,{}
6895,842,2026-03-27,7,RECOVERY,[],10,,,,,,,,,1,0,0,0,{}
6896,842,2026-03-28,8,UPPER,["vertical_push", "vertical_pull", "prefer_finisher"],10,,,,,,,,,1,0,0,0,{}
6897,842,2026-03-29,9,LOWER,["squat", "hinge", "prefer_finisher"],10,,,,,,,,,1,0,0,0,{}
6898,842,2026-03-30,10,FULL_BODY,["hinge", "horizontal_push", "horizontal_pull", "prefer_accessory"],10,,,,,,,,,1,0,0,0,{}
6899,842,2026-03-31,11,RECOVERY,[],10,,,,,,,,,1,0,0,0,{}
6900,842,2026-04-01,12,CARDIO,["cardio", "endurance"],10,,,,,,,,,1,0,0,0,{}
6901,842,2026-04-02,13,CARDIO,["cardio", "endurance"],10,,,,,,,,,1,0,0,0,{}
6902,842,2026-04-03,14,RECOVERY,[],10,,,,,,,,,1,0,0,0,{}
8490,956,2026-01-31,6,LOWER,["hinge", "lunge"],45,5,0,0,0,5,Optimization-first session aligned to your goals and recovery.,,,1,0,0,0,{}
6903,843,2026-04-04,1,UPPER,["horizontal_push", "horizontal_pull", "prefer_finisher"],10,,,,,,,,,1,0,0,0,{}
6904,843,2026-04-05,2,LOWER,["squat", "hinge", "prefer_finisher"],10,,,,,,,,,1,0,0,0,{}
6906,843,2026-04-07,4,FULL_BODY,["hinge", "vertical_push", "vertical_pull", "prefer_finisher"],10,,,,,,,,,1,0,0,0,{}
6907,843,2026-04-08,5,UPPER,["horizontal_push", "horizontal_pull", "prefer_finisher"],10,,,,,,,,,1,0,0,0,{}
6908,843,2026-04-09,6,LOWER,["lunge", "squat", "prefer_finisher"],10,,,,,,,,,1,0,0,0,{}
6909,843,2026-04-10,7,RECOVERY,[],10,,,,,,,,,1,0,0,0,{}
6910,843,2026-04-11,8,UPPER,["vertical_push", "vertical_pull", "prefer_finisher"],10,,,,,,,,,1,0,0,0,{}
6911,843,2026-04-12,9,LOWER,["squat", "hinge", "prefer_finisher"],10,,,,,,,,,1,0,0,0,{}
6912,843,2026-04-13,10,FULL_BODY,["hinge", "horizontal_push", "horizontal_pull", "prefer_accessory"],10,,,,,,,,,1,0,0,0,{}
6913,843,2026-04-14,11,RECOVERY,[],10,,,,,,,,,1,0,0,0,{}
6914,843,2026-04-15,12,CARDIO,["cardio", "endurance"],10,,,,,,,,,1,0,0,0,{}
6915,843,2026-04-16,13,CARDIO,["cardio", "endurance"],10,,,,,,,,,1,0,0,0,{}
6916,843,2026-04-17,14,RECOVERY,[],10,,,,,,,,,1,0,0,0,{}
6475,812,2026-01-29,7,RECOVERY,[],10,5,0,0,0,5,,,,1,0,0,0,{}
6487,813,2026-02-10,5,UPPER,["horizontal_push", "horizontal_pull"],10,,,,,,,,,1,0,0,0,{}
6488,813,2026-02-11,6,LOWER,["lunge", "squat"],10,,,,,,,,,1,0,0,0,{}
6489,813,2026-02-12,7,RECOVERY,[],10,,,,,,,,,1,0,0,0,{}
6490,813,2026-02-13,8,UPPER,["vertical_push", "vertical_pull"],10,,,,,,,,,1,0,0,0,{}
6491,813,2026-02-14,9,LOWER,["squat", "hinge"],10,,,,,,,,,1,0,0,0,{}
6492,813,2026-02-15,10,FULL_BODY,["hinge", "horizontal_push", "horizontal_pull"],10,,,,,,,,,1,0,0,0,{}
6493,813,2026-02-16,11,RECOVERY,[],10,,,,,,,,,1,0,0,0,{}
6494,813,2026-02-17,12,UPPER,["vertical_push", "vertical_pull"],10,,,,,,,,,1,0,0,0,{}
6495,813,2026-02-18,13,LOWER,["lunge", "squat"],10,,,,,,,,,1,0,0,0,{}
6496,813,2026-02-19,14,RECOVERY,[],10,,,,,,,,,1,0,0,0,{}
6497,814,2026-02-20,1,UPPER,["horizontal_push", "horizontal_pull", "prefer_accessory"],10,,,,,,,,,1,0,0,0,{}
6498,814,2026-02-21,2,LOWER,["squat", "hinge"],10,,,,,,,,,1,0,0,0,{}
6499,814,2026-02-22,3,RECOVERY,[],10,,,,,,,,,1,0,0,0,{}
6500,814,2026-02-23,4,FULL_BODY,["hinge", "vertical_push", "vertical_pull"],10,,,,,,,,,1,0,0,0,{}
6501,814,2026-02-24,5,UPPER,["horizontal_push", "horizontal_pull"],10,,,,,,,,,1,0,0,0,{}
6502,814,2026-02-25,6,LOWER,["lunge", "squat"],10,,,,,,,,,1,0,0,0,{}
6503,814,2026-02-26,7,RECOVERY,[],10,,,,,,,,,1,0,0,0,{}
6504,814,2026-02-27,8,UPPER,["vertical_push", "vertical_pull"],10,,,,,,,,,1,0,0,0,{}
6505,814,2026-02-28,9,LOWER,["squat", "hinge"],10,,,,,,,,,1,0,0,0,{}
6506,814,2026-03-01,10,FULL_BODY,["hinge", "horizontal_push", "horizontal_pull"],10,,,,,,,,,1,0,0,0,{}
6507,814,2026-03-02,11,RECOVERY,[],10,,,,,,,,,1,0,0,0,{}
6508,814,2026-03-03,12,UPPER,["vertical_push", "vertical_pull"],10,,,,,,,,,1,0,0,0,{}
6509,814,2026-03-04,13,LOWER,["lunge", "squat"],10,,,,,,,,,1,0,0,0,{}
6510,814,2026-03-05,14,RECOVERY,[],10,,,,,,,,,1,0,0,0,{}
6511,815,2026-03-06,1,UPPER,["horizontal_push", "horizontal_pull", "prefer_accessory"],10,,,,,,,,,1,0,0,0,{}
6512,815,2026-03-07,2,LOWER,["squat", "hinge"],10,,,,,,,,,1,0,0,0,{}
6513,815,2026-03-08,3,RECOVERY,[],10,,,,,,,,,1,0,0,0,{}
6514,815,2026-03-09,4,FULL_BODY,["hinge", "vertical_push", "vertical_pull"],10,,,,,,,,,1,0,0,0,{}
6515,815,2026-03-10,5,UPPER,["horizontal_push", "horizontal_pull"],10,,,,,,,,,1,0,0,0,{}
6516,815,2026-03-11,6,LOWER,["lunge", "squat"],10,,,,,,,,,1,0,0,0,{}
6517,815,2026-03-12,7,RECOVERY,[],10,,,,,,,,,1,0,0,0,{}
6518,815,2026-03-13,8,UPPER,["vertical_push", "vertical_pull"],10,,,,,,,,,1,0,0,0,{}
6519,815,2026-03-14,9,LOWER,["squat", "hinge"],10,,,,,,,,,1,0,0,0,{}
6520,815,2026-03-15,10,FULL_BODY,["hinge", "horizontal_push", "horizontal_pull"],10,,,,,,,,,1,0,0,0,{}
6521,815,2026-03-16,11,RECOVERY,[],10,,,,,,,,,1,0,0,0,{}
6522,815,2026-03-17,12,UPPER,["vertical_push", "vertical_pull"],10,,,,,,,,,1,0,0,0,{}
6523,815,2026-03-18,13,LOWER,["lunge", "squat"],10,,,,,,,,,1,0,0,0,{}
6524,815,2026-03-19,14,RECOVERY,[],10,,,,,,,,,1,0,0,0,{}
8497,956,2026-02-07,13,UPPER,["horizontal_push", "horizontal_pull"],45,5,0,0,0,5,Optimization-first session aligned to your goals and recovery.,,,1,0,0,0,{}
8499,957,2026-02-09,1,UPPER,["horizontal_push", "horizontal_pull", "prefer_accessory"],45,,,,,,Optimization-first session aligned to your goals and recovery.,,,1,0,0,0,{}
8498,956,2026-02-08,14,RECOVERY,[],10,5,0,0,0,5,Rest day - no exercises.,,,1,0,0,0,{}
8501,957,2026-02-11,3,LOWER,["squat", "hinge"],45,,,,,,Optimization-first session aligned to your goals and recovery.,,,1,0,0,0,{}
8502,957,2026-02-12,4,UPPER,["vertical_push", "vertical_pull"],45,,,,,,Optimization-first session aligned to your goals and recovery.,,,1,0,0,0,{}
8500,957,2026-02-10,2,RECOVERY,[],10,,,,,,Rest day - noexercises.,,,1,0,0,0,{}
8503,957,2026-02-13,5,RECOVERY,[],10,,,,,,Rest day - no exercises.,,,1,0,0,0,{}
8506,957,2026-02-16,8,FULL_BODY,["lunge", "horizontal_push", "horizontal_pull"],55,,,,,,Optimization-first session aligned to your goals and recovery.,,,1,0,0,0,{}
8508,957,2026-02-18,10,UPPER,["vertical_push", "vertical_pull"],45,,,,,,Optimization-first session aligned to your goals and recovery.,,,1,0,0,0,{}
8507,957,2026-02-17,9,RECOVERY,[],10,,,,,,Rest day - no exercises.,,,1,0,0,0,{}
